Well_ID,Isolate_ID,Antimicrobial,Concentration_ug_mL,Well_DSI,P_Growth,Growth_Call,Model,Growth_Status
GN0068-AMP-01,GN0068,Ampicillin,0.12,1,0.9994000196456909,Growth,XGBoost,Growth
GN0068-AMP-02,GN0068,Ampicillin,0.25,2,0.9997000098228455,Growth,XGBoost,Growth
GN0068-AMP-03,GN0068,Ampicillin,0.5,3,0.9997000098228455,Growth,XGBoost,Growth
GN0068-AMP-04,GN0068,Ampicillin,1.0,4,1.0,Growth,XGBoost,Growth
GN0068-AMP-05,GN0068,Ampicillin,2.0,5,0.9998000264167786,Growth,XGBoost,Growth
GN0068-AMP-06,GN0068,Ampicillin,4.0,6,0.9998999834060669,Growth,XGBoost,Growth
GN0068-AMP-07,GN0068,Ampicillin,8.0,7,0.9998000264167786,Growth,XGBoost,Growth
GN0068-AMP-08,GN0068,Ampicillin,16.0,8,0.9993000030517578,Growth,XGBoost,Growth
GN0068-AMP-09,GN0068,Ampicillin,32.0,9,9.999999747378752e-05,No Growth,XGBoost,No Growth
GN0068-CEF-01,GN0068,Ceftriaxone,0.12,1,0.0,No Growth,XGBoost,No Growth
GN0068-CEF-02,GN0068,Ceftriaxone,0.25,2,0.0,No Growth,XGBoost,No Growth
GN0068-CEF-03,GN0068,Ceftriaxone,0.5,3,0.0,No Growth,XGBoost,No Growth
GN0068-CEF-04,GN0068,Ceftriaxone,1.0,4,0.0,No Growth,XGBoost,No Growth
GN0068-CEF-05,GN0068,Ceftriaxone,2.0,5,9.999999747378752e-05,No Growth,XGBoost,No Growth
GN0068-CEF-06,GN0068,Ceftriaxone,4.0,6,0.0005000000237487257,No Growth,XGBoost,No Growth
GN0068-CEF-07,GN0068,Ceftriaxone,8.0,7,0.0,No Growth,XGBoost,No Growth
GN0068-CEF-08,GN0068,Ceftriaxone,16.0,8,0.03669999912381172,No Growth,XGBoost,No Growth
GN0068-CEF-09,GN0068,Ceftriaxone,32.0,9,9.999999747378752e-05,No Growth,XGBoost,No Growth
GN0068-CEF-10,GN0068,Ceftriaxone,64.0,10,0.0,No Growth,XGBoost,No Growth
GN0106-CEF-01,GN0106,Ceftriaxone,0.12,1,0.0,No Growth,XGBoost,No Growth
GN0106-CEF-02,GN0106,Ceftriaxone,0.25,2,0.0,No Growth,XGBoost,No Growth
GN0106-CEF-03,GN0106,Ceftriaxone,0.5,3,0.007799999788403511,No Growth,XGBoost,No Growth
GN0106-CEF-04,GN0106,Ceftriaxone,1.0,4,9.999999747378752e-05,No Growth,XGBoost,No Growth
GN0106-CEF-05,GN0106,Ceftriaxone,2.0,5,9.999999747378752e-05,No Growth,XGBoost,No Growth
GN0106-CEF-06,GN0106,Ceftriaxone,4.0,6,9.999999747378752e-05,No Growth,XGBoost,No Growth
GN0106-CEF-07,GN0106,Ceftriaxone,8.0,7,0.0,No Growth,XGBoost,No Growth
GN0106-CEF-08,GN0106,Ceftriaxone,16.0,8,0.0,No Growth,XGBoost,No Growth
GN0106-CEF-09,GN0106,Ceftriaxone,32.0,9,0.0,No Growth,XGBoost,No Growth
GN0106-CEF-10,GN0106,Ceftriaxone,64.0,10,0.0,No Growth,XGBoost,No Growth
GN0106-AMP-01,GN0106,Ampicillin,0.12,1,0.9998999834060669,Growth,XGBoost,Growth
GN0106-AMP-02,GN0106,Ampicillin,0.25,2,0.9998000264167786,Growth,XGBoost,Growth
GN0106-AMP-03,GN0106,Ampicillin,0.5,3,0.9998999834060669,Growth,XGBoost,Growth
GN0106-AMP-04,GN0106,Ampicillin,1.0,4,0.9998999834060669,Growth,XGBoost,Growth
GN0106-AMP-05,GN0106,Ampicillin,2.0,5,0.0,No Growth,XGBoost,No Growth
GN0106-AMP-06,GN0106,Ampicillin,4.0,6,0.0,No Growth,XGBoost,No Growth
GN0106-AMP-07,GN0106,Ampicillin,8.0,7,0.0,No Growth,XGBoost,No Growth
GN0106-AMP-08,GN0106,Ampicillin,16.0,8,9.999999747378752e-05,No Growth,XGBoost,No Growth
GN0106-AMP-09,GN0106,Ampicillin,32.0,9,0.0,No Growth,XGBoost,No Growth
GN0106-MER-01,GN0106,Meropenem,0.06,1,0.0,No Growth,XGBoost,No Growth
GN0106-MER-02,GN0106,Meropenem,0.12,2,0.06750000268220901,No Growth,XGBoost,No Growth
GN0106-MER-03,GN0106,Meropenem,0.25,3,0.0008999999845400453,No Growth,XGBoost,No Growth
GN0106-MER-04,GN0106,Meropenem,0.5,4,0.0,No Growth,XGBoost,No Growth
GN0106-MER-05,GN0106,Meropenem,1.0,5,0.0,No Growth,XGBoost,No Growth
GN0106-MER-06,GN0106,Meropenem,2.0,6,0.010599999688565731,No Growth,XGBoost,No Growth
GN0106-MER-07,GN0106,Meropenem,4.0,7,0.0,No Growth,XGBoost,No Growth
GN0106-MER-08,GN0106,Meropenem,8.0,8,9.999999747378752e-05,No Growth,XGBoost,No Growth
GN0106-MER-09,GN0106,Meropenem,16.0,9,0.0,No Growth,XGBoost,No Growth
GN0075-MER-01,GN0075,Meropenem,0.06,1,0.0,No Growth,XGBoost,No Growth
GN0075-MER-02,GN0075,Meropenem,0.12,2,0.0,No Growth,XGBoost,No Growth
GN0075-MER-03,GN0075,Meropenem,0.25,3,0.00019999999494757503,No Growth,XGBoost,No Growth
GN0075-MER-04,GN0075,Meropenem,0.5,4,0.0,No Growth,XGBoost,No Growth
GN0075-MER-05,GN0075,Meropenem,1.0,5,0.0,No Growth,XGBoost,No Growth
GN0075-MER-06,GN0075,Meropenem,2.0,6,0.004999999888241291,No Growth,XGBoost,No Growth
GN0075-MER-07,GN0075,Meropenem,4.0,7,9.999999747378752e-05,No Growth,XGBoost,No Growth
GN0075-MER-08,GN0075,Meropenem,8.0,8,0.00019999999494757503,No Growth,XGBoost,No Growth
GN0075-MER-09,GN0075,Meropenem,16.0,9,0.0,No Growth,XGBoost,No Growth
GN0075-CEF-01,GN0075,Ceftriaxone,0.12,1,0.0,No Growth,XGBoost,No Growth
GN0075-CEF-02,GN0075,Ceftriaxone,0.25,2,0.0,No Growth,XGBoost,No Growth
GN0075-CEF-03,GN0075,Ceftriaxone,0.5,3,0.0005000000237487257,No Growth,XGBoost,No Growth
GN0075-CEF-04,GN0075,Ceftriaxone,1.0,4,0.0,No Growth,XGBoost,No Growth
GN0075-CEF-05,GN0075,Ceftriaxone,2.0,5,0.0,No Growth,XGBoost,No Growth
GN0075-CEF-06,GN0075,Ceftriaxone,4.0,6,0.0,No Growth,XGBoost,No Growth
GN0075-CEF-07,GN0075,Ceftriaxone,8.0,7,0.0,No Growth,XGBoost,No Growth
GN0075-CEF-08,GN0075,Ceftriaxone,16.0,8,0.0,No Growth,XGBoost,No Growth
GN0075-CEF-09,GN0075,Ceftriaxone,32.0,9,0.0,No Growth,XGBoost,No Growth
GN0075-CEF-10,GN0075,Ceftriaxone,64.0,10,9.999999747378752e-05,No Growth,XGBoost,No Growth
GN0075-AMP-01,GN0075,Ampicillin,0.12,1,1.0,Growth,XGBoost,Growth
GN0075-AMP-02,GN0075,Ampicillin,0.25,2,0.9998000264167786,Growth,XGBoost,Growth
GN0075-AMP-03,GN0075,Ampicillin,0.5,3,0.9995999932289124,Growth,XGBoost,Growth
GN0075-AMP-04,GN0075,Ampicillin,1.0,4,0.9998000264167786,Growth,XGBoost,Growth
GN0075-AMP-05,GN0075,Ampicillin,2.0,5,0.0007999999797903001,No Growth,XGBoost,No Growth
GN0075-AMP-06,GN0075,Ampicillin,4.0,6,0.0,No Growth,XGBoost,No Growth
GN0075-AMP-07,GN0075,Ampicillin,8.0,7,0.0,No Growth,XGBoost,No Growth
GN0075-AMP-08,GN0075,Ampicillin,16.0,8,9.999999747378752e-05,No Growth,XGBoost,No Growth
GN0075-AMP-09,GN0075,Ampicillin,32.0,9,0.0,No Growth,XGBoost,No Growth
GN0022-CEF-01,GN0022,Ceftriaxone,0.12,1,0.0006000000284984708,No Growth,XGBoost,No Growth
GN0022-CEF-02,GN0022,Ceftriaxone,0.25,2,0.0003000000142492354,No Growth,XGBoost,No Growth
GN0022-CEF-03,GN0022,Ceftriaxone,0.5,3,0.0,No Growth,XGBoost,No Growth
GN0022-CEF-04,GN0022,Ceftriaxone,1.0,4,0.003000000026077032,No Growth,XGBoost,No Growth
GN0022-CEF-05,GN0022,Ceftriaxone,2.0,5,9.999999747378752e-05,No Growth,XGBoost,No Growth
GN0022-CEF-06,GN0022,Ceftriaxone,4.0,6,0.00039999998989515007,No Growth,XGBoost,No Growth
GN0022-CEF-07,GN0022,Ceftriaxone,8.0,7,9.999999747378752e-05,No Growth,XGBoost,No Growth
GN0022-CEF-08,GN0022,Ceftriaxone,16.0,8,0.0032999999821186066,No Growth,XGBoost,No Growth
GN0022-CEF-09,GN0022,Ceftriaxone,32.0,9,0.0,No Growth,XGBoost,No Growth
GN0022-CEF-10,GN0022,Ceftriaxone,64.0,10,0.0,No Growth,XGBoost,No Growth
GN0022-AMP-01,GN0022,Ampicillin,0.12,1,1.0,Growth,XGBoost,Growth
GN0022-AMP-02,GN0022,Ampicillin,0.25,2,0.9998999834060669,Growth,XGBoost,Growth
GN0022-AMP-03,GN0022,Ampicillin,0.5,3,0.9998000264167786,Growth,XGBoost,Growth
GN0022-AMP-04,GN0022,Ampicillin,1.0,4,0.9998999834060669,Growth,XGBoost,Growth
GN0022-AMP-05,GN0022,Ampicillin,2.0,5,0.9998999834060669,Growth,XGBoost,Growth
GN0022-AMP-06,GN0022,Ampicillin,4.0,6,0.9994000196456909,Growth,XGBoost,Growth
GN0022-AMP-07,GN0022,Ampicillin,8.0,7,0.9991999864578247,Growth,XGBoost,Growth
GN0022-AMP-08,GN0022,Ampicillin,16.0,8,0.0008999999845400453,No Growth,XGBoost,No Growth
GN0022-AMP-09,GN0022,Ampicillin,32.0,9,9.999999747378752e-05,No Growth,XGBoost,No Growth
GN0022-MER-01,GN0022,Meropenem,0.06,1,0.9979000091552734,Growth,XGBoost,Growth
GN0022-MER-02,GN0022,Meropenem,0.12,2,0.9998999834060669,Growth,XGBoost,Growth
GN0022-MER-03,GN0022,Meropenem,0.25,3,0.9998000264167786,Growth,XGBoost,Growth
GN0022-MER-04,GN0022,Meropenem,0.5,4,0.9998000264167786,Growth,XGBoost,Growth
GN0022-MER-05,GN0022,Meropenem,1.0,5,0.9998999834060669,Growth,XGBoost,Growth
GN0022-MER-06,GN0022,Meropenem,2.0,6,0.9998000264167786,Growth,XGBoost,Growth
GN0022-MER-07,GN0022,Meropenem,4.0,7,0.9991999864578247,Growth,XGBoost,Growth
GN0022-MER-08,GN0022,Meropenem,8.0,8,0.9980999827384949,Growth,XGBoost,Growth
GN0022-MER-09,GN0022,Meropenem,16.0,9,0.9950000047683716,Growth,XGBoost,Growth
GP0061-DAP-01,GP0061,Daptomycin,0.06,1,0.9995999932289124,Growth,XGBoost,Growth
GP0061-DAP-02,GP0061,Daptomycin,0.12,2,0.9997000098228455,Growth,XGBoost,Growth
GP0061-DAP-03,GP0061,Daptomycin,0.25,3,0.9994999766349792,Growth,XGBoost,Growth
GP0061-DAP-04,GP0061,Daptomycin,0.5,4,0.0010999999940395355,No Growth,XGBoost,No Growth
GP0061-DAP-05,GP0061,Daptomycin,1.0,5,0.00019999999494757503,No Growth,XGBoost,No Growth
GP0061-DAP-06,GP0061,Daptomycin,2.0,6,0.0005000000237487257,No Growth,XGBoost,No Growth
GP0061-DAP-07,GP0061,Daptomycin,4.0,7,0.0,No Growth,XGBoost,No Growth
GP0061-DAP-08,GP0061,Daptomycin,8.0,8,0.0,No Growth,XGBoost,No Growth
GP0061-CEF-01,GP0061,Ceftriaxone,0.12,1,0.9998999834060669,Growth,XGBoost,Growth
GP0061-CEF-02,GP0061,Ceftriaxone,0.25,2,0.9998000264167786,Growth,XGBoost,Growth
GP0061-CEF-03,GP0061,Ceftriaxone,0.5,3,0.9994999766349792,Growth,XGBoost,Growth
GP0061-CEF-04,GP0061,Ceftriaxone,1.0,4,0.9998000264167786,Growth,XGBoost,Growth
GP0061-CEF-05,GP0061,Ceftriaxone,2.0,5,0.9995999932289124,Growth,XGBoost,Growth
GP0061-CEF-06,GP0061,Ceftriaxone,4.0,6,0.9995999932289124,Growth,XGBoost,Growth
GP0061-CEF-07,GP0061,Ceftriaxone,8.0,7,0.9987999796867371,Growth,XGBoost,Growth
GP0061-CEF-08,GP0061,Ceftriaxone,16.0,8,0.9940999746322632,Growth,XGBoost,Growth
GP0061-CEF-09,GP0061,Ceftriaxone,32.0,9,0.9976000189781189,Growth,XGBoost,Growth
GP0061-CEF-10,GP0061,Ceftriaxone,64.0,10,0.00019999999494757503,No Growth,XGBoost,No Growth
GP0061-MER-01,GP0061,Meropenem,0.06,1,0.9997000098228455,Growth,XGBoost,Growth
GP0061-MER-02,GP0061,Meropenem,0.12,2,0.9998999834060669,Growth,XGBoost,Growth
GP0061-MER-03,GP0061,Meropenem,0.25,3,0.9997000098228455,Growth,XGBoost,Growth
GP0061-MER-04,GP0061,Meropenem,0.5,4,0.9987999796867371,Growth,XGBoost,Growth
GP0061-MER-05,GP0061,Meropenem,1.0,5,0.9991999864578247,Growth,XGBoost,Growth
GP0061-MER-06,GP0061,Meropenem,2.0,6,0.9993000030517578,Growth,XGBoost,Growth
GP0061-MER-07,GP0061,Meropenem,4.0,7,0.9973000288009644,Growth,XGBoost,Growth
GP0061-MER-08,GP0061,Meropenem,8.0,8,0.9943000078201294,Growth,XGBoost,Growth
GP0061-MER-09,GP0061,Meropenem,16.0,9,0.9929999709129333,Growth,XGBoost,Growth
GP0061-AMP-01,GP0061,Ampicillin,0.12,1,0.9998000264167786,Growth,XGBoost,Growth
GP0061-AMP-02,GP0061,Ampicillin,0.25,2,0.9998999834060669,Growth,XGBoost,Growth
GP0061-AMP-03,GP0061,Ampicillin,0.5,3,0.9642999768257141,Growth,XGBoost,Growth
GP0061-AMP-04,GP0061,Ampicillin,1.0,4,0.9998000264167786,Growth,XGBoost,Growth
GP0061-AMP-05,GP0061,Ampicillin,2.0,5,0.9991000294685364,Growth,XGBoost,Growth
GP0061-AMP-06,GP0061,Ampicillin,4.0,6,0.9997000098228455,Growth,XGBoost,Growth
GP0061-AMP-07,GP0061,Ampicillin,8.0,7,0.9969000220298767,Growth,XGBoost,Growth
GP0061-AMP-08,GP0061,Ampicillin,16.0,8,0.9908000230789185,Growth,XGBoost,Growth
GP0061-AMP-09,GP0061,Ampicillin,32.0,9,0.9966999888420105,Growth,XGBoost,Growth
GP0085-VAN-01,GP0085,Vancomycin,0.25,1,0.9998000264167786,Growth,XGBoost,Growth
GP0085-VAN-02,GP0085,Vancomycin,0.5,2,0.9970999956130981,Growth,XGBoost,Growth
GP0085-VAN-03,GP0085,Vancomycin,1.0,3,0.0024999999441206455,No Growth,XGBoost,No Growth
GP0085-VAN-04,GP0085,Vancomycin,2.0,4,0.00419999985024333,No Growth,XGBoost,No Growth
GP0085-VAN-05,GP0085,Vancomycin,4.0,5,0.000699999975040555,No Growth,XGBoost,No Growth
GP0085-VAN-06,GP0085,Vancomycin,8.0,6,0.0005000000237487257,No Growth,XGBoost,No Growth
GP0085-VAN-07,GP0085,Vancomycin,16.0,7,0.002099999925121665,No Growth,XGBoost,No Growth
GP0085-VAN-08,GP0085,Vancomycin,32.0,8,9.999999747378752e-05,No Growth,XGBoost,No Growth
GP0085-MER-01,GP0085,Meropenem,0.06,1,0.9998999834060669,Growth,XGBoost,Growth
GP0085-MER-02,GP0085,Meropenem,0.12,2,0.9995999932289124,Growth,XGBoost,Growth
GP0085-MER-03,GP0085,Meropenem,0.25,3,0.9998999834060669,Growth,XGBoost,Growth
GP0085-MER-04,GP0085,Meropenem,0.5,4,0.9994000196456909,Growth,XGBoost,Growth
GP0085-MER-05,GP0085,Meropenem,1.0,5,0.9994999766349792,Growth,XGBoost,Growth
GP0085-MER-06,GP0085,Meropenem,2.0,6,0.9955999851226807,Growth,XGBoost,Growth
GP0085-MER-07,GP0085,Meropenem,4.0,7,0.20720000565052032,No Growth,XGBoost,Growth
GP0085-MER-08,GP0085,Meropenem,8.0,8,0.0,No Growth,XGBoost,No Growth
GP0085-MER-09,GP0085,Meropenem,16.0,9,0.004600000102072954,No Growth,XGBoost,No Growth
GP0085-OXA-01,GP0085,Oxacillin,0.06,1,0.9997000098228455,Growth,XGBoost,Growth
GP0085-OXA-02,GP0085,Oxacillin,0.12,2,0.9988999962806702,Growth,XGBoost,Growth
GP0085-OXA-03,GP0085,Oxacillin,0.25,3,0.9997000098228455,Growth,XGBoost,Growth
GP0085-OXA-04,GP0085,Oxacillin,0.5,4,0.9961000084877014,Growth,XGBoost,Growth
GP0085-OXA-05,GP0085,Oxacillin,1.0,5,0.9987999796867371,Growth,XGBoost,Growth
GP0085-OXA-06,GP0085,Oxacillin,2.0,6,0.9900000095367432,Growth,XGBoost,Growth
GP0085-OXA-07,GP0085,Oxacillin,4.0,7,0.9993000030517578,Growth,XGBoost,Growth
GP0085-OXA-08,GP0085,Oxacillin,8.0,8,0.988099992275238,Growth,XGBoost,Growth
GP0085-DAP-01,GP0085,Daptomycin,0.06,1,0.9998999834060669,Growth,XGBoost,Growth
GP0085-DAP-02,GP0085,Daptomycin,0.12,2,0.9998000264167786,Growth,XGBoost,Growth
GP0085-DAP-03,GP0085,Daptomycin,0.25,3,0.9990000128746033,Growth,XGBoost,Growth
GP0085-DAP-04,GP0085,Daptomycin,0.5,4,0.9993000030517578,Growth,XGBoost,Growth
GP0085-DAP-05,GP0085,Daptomycin,1.0,5,0.998199999332428,Growth,XGBoost,Growth
GP0085-DAP-06,GP0085,Daptomycin,2.0,6,0.9948999881744385,Growth,XGBoost,Growth
GP0085-DAP-07,GP0085,Daptomycin,4.0,7,9.999999747378752e-05,No Growth,XGBoost,No Growth
GP0085-DAP-08,GP0085,Daptomycin,8.0,8,9.999999747378752e-05,No Growth,XGBoost,No Growth
GP0023-OXA-01,GP0023,Oxacillin,0.06,1,0.9994000196456909,Growth,XGBoost,Growth
GP0023-OXA-02,GP0023,Oxacillin,0.12,2,0.007199999876320362,No Growth,XGBoost,No Growth
GP0023-OXA-03,GP0023,Oxacillin,0.25,3,0.00279999990016222,No Growth,XGBoost,No Growth
GP0023-OXA-04,GP0023,Oxacillin,0.5,4,0.219200000166893,No Growth,XGBoost,No Growth
GP0023-OXA-05,GP0023,Oxacillin,1.0,5,0.000699999975040555,No Growth,XGBoost,No Growth
GP0023-OXA-06,GP0023,Oxacillin,2.0,6,0.00139999995008111,No Growth,XGBoost,No Growth
GP0023-OXA-07,GP0023,Oxacillin,4.0,7,9.999999747378752e-05,No Growth,XGBoost,No Growth
GP0023-OXA-08,GP0023,Oxacillin,8.0,8,0.00019999999494757503,No Growth,XGBoost,No Growth
GP0023-VAN-01,GP0023,Vancomycin,0.25,1,0.9995999932289124,Growth,XGBoost,Growth
GP0023-VAN-02,GP0023,Vancomycin,0.5,2,0.9991000294685364,Growth,XGBoost,Growth
GP0023-VAN-03,GP0023,Vancomycin,1.0,3,0.9941999912261963,Growth,XGBoost,Growth
GP0023-VAN-04,GP0023,Vancomycin,2.0,4,0.0020000000949949026,No Growth,XGBoost,No Growth
GP0023-VAN-05,GP0023,Vancomycin,4.0,5,0.0026000000070780516,No Growth,XGBoost,No Growth
GP0023-VAN-06,GP0023,Vancomycin,8.0,6,0.0006000000284984708,No Growth,XGBoost,No Growth
GP0023-VAN-07,GP0023,Vancomycin,16.0,7,9.999999747378752e-05,No Growth,XGBoost,No Growth
GP0023-VAN-08,GP0023,Vancomycin,32.0,8,0.0017000000225380063,No Growth,XGBoost,No Growth
GP0023-AMP-01,GP0023,Ampicillin,0.12,1,0.9990000128746033,Growth,XGBoost,Growth
GP0023-AMP-02,GP0023,Ampicillin,0.25,2,0.9994999766349792,Growth,XGBoost,Growth
GP0023-AMP-03,GP0023,Ampicillin,0.5,3,0.026399999856948853,No Growth,XGBoost,No Growth
GP0023-AMP-04,GP0023,Ampicillin,1.0,4,0.006800000090152025,No Growth,XGBoost,No Growth
GP0023-AMP-05,GP0023,Ampicillin,2.0,5,0.004900000058114529,No Growth,XGBoost,No Growth
GP0023-AMP-06,GP0023,Ampicillin,4.0,6,0.0012000000569969416,No Growth,XGBoost,No Growth
GP0023-AMP-07,GP0023,Ampicillin,8.0,7,0.0,No Growth,XGBoost,No Growth
GP0023-AMP-08,GP0023,Ampicillin,16.0,8,0.41260001063346863,No Growth,XGBoost,No Growth
GP0023-AMP-09,GP0023,Ampicillin,32.0,9,0.0003000000142492354,No Growth,XGBoost,No Growth
GP0026-DAP-01,GP0026,Daptomycin,0.06,1,0.9994999766349792,Growth,XGBoost,Growth
GP0026-DAP-02,GP0026,Daptomycin,0.12,2,0.9997000098228455,Growth,XGBoost,Growth
GP0026-DAP-03,GP0026,Daptomycin,0.25,3,0.010700000450015068,No Growth,XGBoost,No Growth
GP0026-DAP-04,GP0026,Daptomycin,0.5,4,0.0020000000949949026,No Growth,XGBoost,No Growth
GP0026-DAP-05,GP0026,Daptomycin,1.0,5,9.999999747378752e-05,No Growth,XGBoost,No Growth
GP0026-DAP-06,GP0026,Daptomycin,2.0,6,0.0034000000450760126,No Growth,XGBoost,No Growth
GP0026-DAP-07,GP0026,Daptomycin,4.0,7,9.999999747378752e-05,No Growth,XGBoost,No Growth
GP0026-DAP-08,GP0026,Daptomycin,8.0,8,0.028999999165534973,No Growth,XGBoost,No Growth
GP0026-AMP-01,GP0026,Ampicillin,0.12,1,0.9998999834060669,Growth,XGBoost,Growth
GP0026-AMP-02,GP0026,Ampicillin,0.25,2,0.9998999834060669,Growth,XGBoost,Growth
GP0026-AMP-03,GP0026,Ampicillin,0.5,3,0.9998999834060669,Growth,XGBoost,Growth
GP0026-AMP-04,GP0026,Ampicillin,1.0,4,0.9950000047683716,Growth,XGBoost,Growth
GP0026-AMP-05,GP0026,Ampicillin,2.0,5,0.9997000098228455,Growth,XGBoost,Growth
GP0026-AMP-06,GP0026,Ampicillin,4.0,6,0.9980999827384949,Growth,XGBoost,Growth
GP0026-AMP-07,GP0026,Ampicillin,8.0,7,0.46639999747276306,No Growth,XGBoost,Growth
GP0026-AMP-08,GP0026,Ampicillin,16.0,8,0.6261000037193298,Growth,XGBoost,Growth
GP0026-AMP-09,GP0026,Ampicillin,32.0,9,0.002400000113993883,No Growth,XGBoost,No Growth
GP0026-MER-01,GP0026,Meropenem,0.06,1,0.9998999834060669,Growth,XGBoost,Growth
GP0026-MER-02,GP0026,Meropenem,0.12,2,0.9998999834060669,Growth,XGBoost,Growth
GP0026-MER-03,GP0026,Meropenem,0.25,3,0.9998000264167786,Growth,XGBoost,Growth
GP0026-MER-04,GP0026,Meropenem,0.5,4,0.9994999766349792,Growth,XGBoost,Growth
GP0026-MER-05,GP0026,Meropenem,1.0,5,0.9958999752998352,Growth,XGBoost,Growth
GP0026-MER-06,GP0026,Meropenem,2.0,6,0.9980999827384949,Growth,XGBoost,Growth
GP0026-MER-07,GP0026,Meropenem,4.0,7,0.9911999702453613,Growth,XGBoost,Growth
GP0026-MER-08,GP0026,Meropenem,8.0,8,0.9912999868392944,Growth,XGBoost,Growth
GP0026-MER-09,GP0026,Meropenem,16.0,9,0.9958999752998352,Growth,XGBoost,Growth
GP0026-CEF-01,GP0026,Ceftriaxone,0.12,1,0.9997000098228455,Growth,XGBoost,Growth
GP0026-CEF-02,GP0026,Ceftriaxone,0.25,2,0.9991999864578247,Growth,XGBoost,Growth
GP0026-CEF-03,GP0026,Ceftriaxone,0.5,3,0.9969000220298767,Growth,XGBoost,Growth
GP0026-CEF-04,GP0026,Ceftriaxone,1.0,4,0.9998000264167786,Growth,XGBoost,Growth
GP0026-CEF-05,GP0026,Ceftriaxone,2.0,5,0.9994999766349792,Growth,XGBoost,Growth
GP0026-CEF-06,GP0026,Ceftriaxone,4.0,6,0.9991000294685364,Growth,XGBoost,Growth
GP0026-CEF-07,GP0026,Ceftriaxone,8.0,7,0.9988999962806702,Growth,XGBoost,Growth
GP0026-CEF-08,GP0026,Ceftriaxone,16.0,8,0.9976000189781189,Growth,XGBoost,Growth
GP0026-CEF-09,GP0026,Ceftriaxone,32.0,9,0.2214999943971634,No Growth,XGBoost,Growth
GP0026-CEF-10,GP0026,Ceftriaxone,64.0,10,0.9988999962806702,Growth,XGBoost,Growth
GN0078-MER-01,GN0078,Meropenem,0.06,1,9.999999747378752e-05,No Growth,XGBoost,No Growth
GN0078-MER-02,GN0078,Meropenem,0.12,2,0.00570000009611249,No Growth,XGBoost,No Growth
GN0078-MER-03,GN0078,Meropenem,0.25,3,0.0,No Growth,XGBoost,No Growth
GN0078-MER-04,GN0078,Meropenem,0.5,4,0.0,No Growth,XGBoost,No Growth
GN0078-MER-05,GN0078,Meropenem,1.0,5,0.0,No Growth,XGBoost,No Growth
GN0078-MER-06,GN0078,Meropenem,2.0,6,9.999999747378752e-05,No Growth,XGBoost,No Growth
GN0078-MER-07,GN0078,Meropenem,4.0,7,9.999999747378752e-05,No Growth,XGBoost,No Growth
GN0078-MER-08,GN0078,Meropenem,8.0,8,9.999999747378752e-05,No Growth,XGBoost,No Growth
GN0078-MER-09,GN0078,Meropenem,16.0,9,0.0,No Growth,XGBoost,No Growth
GN0078-AMP-01,GN0078,Ampicillin,0.12,1,0.9965999722480774,Growth,XGBoost,Growth
GN0078-AMP-02,GN0078,Ampicillin,0.25,2,0.9994999766349792,Growth,XGBoost,Growth
GN0078-AMP-03,GN0078,Ampicillin,0.5,3,0.9879999756813049,Growth,XGBoost,Growth
GN0078-AMP-04,GN0078,Ampicillin,1.0,4,0.9998999834060669,Growth,XGBoost,Growth
GN0078-AMP-05,GN0078,Ampicillin,2.0,5,0.9998000264167786,Growth,XGBoost,Growth
GN0078-AMP-06,GN0078,Ampicillin,4.0,6,0.965399980545044,Growth,XGBoost,Growth
GN0078-AMP-07,GN0078,Ampicillin,8.0,7,0.9994999766349792,Growth,XGBoost,Growth
GN0078-AMP-08,GN0078,Ampicillin,16.0,8,0.9988999962806702,Growth,XGBoost,Growth
GN0078-AMP-09,GN0078,Ampicillin,32.0,9,0.00039999998989515007,No Growth,XGBoost,No Growth
GN0078-CEF-01,GN0078,Ceftriaxone,0.12,1,0.163100004196167,No Growth,XGBoost,No Growth
GN0078-CEF-02,GN0078,Ceftriaxone,0.25,2,0.0,No Growth,XGBoost,No Growth
GN0078-CEF-03,GN0078,Ceftriaxone,0.5,3,0.0012000000569969416,No Growth,XGBoost,No Growth
GN0078-CEF-04,GN0078,Ceftriaxone,1.0,4,0.00019999999494757503,No Growth,XGBoost,No Growth
GN0078-CEF-05,GN0078,Ceftriaxone,2.0,5,0.0005000000237487257,No Growth,XGBoost,No Growth
GN0078-CEF-06,GN0078,Ceftriaxone,4.0,6,0.0,No Growth,XGBoost,No Growth
GN0078-CEF-07,GN0078,Ceftriaxone,8.0,7,0.0,No Growth,XGBoost,No Growth
GN0078-CEF-08,GN0078,Ceftriaxone,16.0,8,0.0,No Growth,XGBoost,No Growth
GN0078-CEF-09,GN0078,Ceftriaxone,32.0,9,0.0015999999595806003,No Growth,XGBoost,No Growth
GN0078-CEF-10,GN0078,Ceftriaxone,64.0,10,0.0,No Growth,XGBoost,No Growth
GN0143-CEF-01,GN0143,Ceftriaxone,0.12,1,0.9998999834060669,Growth,XGBoost,Growth
GN0143-CEF-02,GN0143,Ceftriaxone,0.25,2,1.0,Growth,XGBoost,Growth
GN0143-CEF-03,GN0143,Ceftriaxone,0.5,3,0.9997000098228455,Growth,XGBoost,Growth
GN0143-CEF-04,GN0143,Ceftriaxone,1.0,4,0.9998000264167786,Growth,XGBoost,Growth
GN0143-CEF-05,GN0143,Ceftriaxone,2.0,5,0.9790999889373779,Growth,XGBoost,Growth
GN0143-CEF-06,GN0143,Ceftriaxone,4.0,6,0.9998999834060669,Growth,XGBoost,Growth
GN0143-CEF-07,GN0143,Ceftriaxone,8.0,7,0.9984999895095825,Growth,XGBoost,Growth
GN0143-CEF-08,GN0143,Ceftriaxone,16.0,8,0.9979000091552734,Growth,XGBoost,Growth
GN0143-CEF-09,GN0143,Ceftriaxone,32.0,9,0.0,No Growth,XGBoost,No Growth
GN0143-CEF-10,GN0143,Ceftriaxone,64.0,10,0.00019999999494757503,No Growth,XGBoost,No Growth
GN0006-CEF-01,GN0006,Ceftriaxone,0.12,1,9.999999747378752e-05,No Growth,XGBoost,No Growth
GN0006-CEF-02,GN0006,Ceftriaxone,0.25,2,0.47049999237060547,No Growth,XGBoost,No Growth
GN0006-CEF-03,GN0006,Ceftriaxone,0.5,3,0.0,No Growth,XGBoost,No Growth
GN0006-CEF-04,GN0006,Ceftriaxone,1.0,4,0.0003000000142492354,No Growth,XGBoost,No Growth
GN0006-CEF-05,GN0006,Ceftriaxone,2.0,5,0.03970000147819519,No Growth,XGBoost,No Growth
GN0006-CEF-06,GN0006,Ceftriaxone,4.0,6,0.0,No Growth,XGBoost,No Growth
GN0006-CEF-07,GN0006,Ceftriaxone,8.0,7,0.0,No Growth,XGBoost,No Growth
GN0006-CEF-08,GN0006,Ceftriaxone,16.0,8,9.999999747378752e-05,No Growth,XGBoost,No Growth
GN0006-CEF-09,GN0006,Ceftriaxone,32.0,9,0.0005000000237487257,No Growth,XGBoost,No Growth
GN0006-CEF-10,GN0006,Ceftriaxone,64.0,10,9.999999747378752e-05,No Growth,XGBoost,No Growth
GN0006-AMP-01,GN0006,Ampicillin,0.12,1,0.9994000196456909,Growth,XGBoost,Growth
GN0006-AMP-02,GN0006,Ampicillin,0.25,2,0.9998999834060669,Growth,XGBoost,Growth
GN0006-AMP-03,GN0006,Ampicillin,0.5,3,0.9995999932289124,Growth,XGBoost,Growth
GN0006-AMP-04,GN0006,Ampicillin,1.0,4,1.0,Growth,XGBoost,Growth
GN0006-AMP-05,GN0006,Ampicillin,2.0,5,0.9994000196456909,Growth,XGBoost,Growth
GN0006-AMP-06,GN0006,Ampicillin,4.0,6,0.9998000264167786,Growth,XGBoost,Growth
GN0006-AMP-07,GN0006,Ampicillin,8.0,7,0.9998999834060669,Growth,XGBoost,Growth
GN0006-AMP-08,GN0006,Ampicillin,16.0,8,0.9998999834060669,Growth,XGBoost,Growth
GN0006-AMP-09,GN0006,Ampicillin,32.0,9,0.9991999864578247,Growth,XGBoost,Growth
GP0011-AMP-01,GP0011,Ampicillin,0.12,1,0.9998999834060669,Growth,XGBoost,Growth
GP0011-AMP-02,GP0011,Ampicillin,0.25,2,0.9994999766349792,Growth,XGBoost,Growth
GP0011-AMP-03,GP0011,Ampicillin,0.5,3,0.007300000172108412,No Growth,XGBoost,No Growth
GP0011-AMP-04,GP0011,Ampicillin,1.0,4,0.0031999999191612005,No Growth,XGBoost,No Growth
GP0011-AMP-05,GP0011,Ampicillin,2.0,5,0.8061000108718872,Growth,XGBoost,No Growth
GP0011-AMP-06,GP0011,Ampicillin,4.0,6,0.7275000214576721,Growth,XGBoost,No Growth
GP0011-AMP-07,GP0011,Ampicillin,8.0,7,0.0007999999797903001,No Growth,XGBoost,No Growth
GP0011-AMP-08,GP0011,Ampicillin,16.0,8,0.0006000000284984708,No Growth,XGBoost,No Growth
GP0011-AMP-09,GP0011,Ampicillin,32.0,9,0.0003000000142492354,No Growth,XGBoost,No Growth
GP0011-DAP-01,GP0011,Daptomycin,0.06,1,0.9976999759674072,Growth,XGBoost,Growth
GP0011-DAP-02,GP0011,Daptomycin,0.12,2,0.9988999962806702,Growth,XGBoost,Growth
GP0011-DAP-03,GP0011,Daptomycin,0.25,3,0.9987999796867371,Growth,XGBoost,Growth
GP0011-DAP-04,GP0011,Daptomycin,0.5,4,0.9868999719619751,Growth,XGBoost,Growth
GP0011-DAP-05,GP0011,Daptomycin,1.0,5,0.0003000000142492354,No Growth,XGBoost,No Growth
GP0011-DAP-06,GP0011,Daptomycin,2.0,6,0.0006000000284984708,No Growth,XGBoost,No Growth
GP0011-DAP-07,GP0011,Daptomycin,4.0,7,9.999999747378752e-05,No Growth,XGBoost,No Growth
GP0011-DAP-08,GP0011,Daptomycin,8.0,8,0.006599999964237213,No Growth,XGBoost,No Growth
GP0011-VAN-01,GP0011,Vancomycin,0.25,1,0.9993000030517578,Growth,XGBoost,Growth
GP0011-VAN-02,GP0011,Vancomycin,0.5,2,0.9997000098228455,Growth,XGBoost,Growth
GP0011-VAN-03,GP0011,Vancomycin,1.0,3,0.9972000122070312,Growth,XGBoost,Growth
GP0011-VAN-04,GP0011,Vancomycin,2.0,4,0.0017999999690800905,No Growth,XGBoost,No Growth
GP0011-VAN-05,GP0011,Vancomycin,4.0,5,0.0007999999797903001,No Growth,XGBoost,No Growth
GP0011-VAN-06,GP0011,Vancomycin,8.0,6,0.00039999998989515007,No Growth,XGBoost,No Growth
GP0011-VAN-07,GP0011,Vancomycin,16.0,7,0.0006000000284984708,No Growth,XGBoost,No Growth
GP0011-VAN-08,GP0011,Vancomycin,32.0,8,0.17339999973773956,No Growth,XGBoost,No Growth
GP0011-CEF-01,GP0011,Ceftriaxone,0.12,1,0.9998000264167786,Growth,XGBoost,Growth
GP0011-CEF-02,GP0011,Ceftriaxone,0.25,2,0.9997000098228455,Growth,XGBoost,Growth
GP0011-CEF-03,GP0011,Ceftriaxone,0.5,3,0.9998999834060669,Growth,XGBoost,Growth
GP0011-CEF-04,GP0011,Ceftriaxone,1.0,4,0.9997000098228455,Growth,XGBoost,Growth
GP0011-CEF-05,GP0011,Ceftriaxone,2.0,5,0.9991999864578247,Growth,XGBoost,Growth
GP0011-CEF-06,GP0011,Ceftriaxone,4.0,6,0.9976000189781189,Growth,XGBoost,Growth
GP0011-CEF-07,GP0011,Ceftriaxone,8.0,7,0.9983999729156494,Growth,XGBoost,Growth
GP0011-CEF-08,GP0011,Ceftriaxone,16.0,8,0.996399998664856,Growth,XGBoost,Growth
GP0011-CEF-09,GP0011,Ceftriaxone,32.0,9,0.004600000102072954,No Growth,XGBoost,No Growth
GP0011-CEF-10,GP0011,Ceftriaxone,64.0,10,0.0005000000237487257,No Growth,XGBoost,No Growth
GN0047-CEF-01,GN0047,Ceftriaxone,0.12,1,0.0,No Growth,XGBoost,No Growth
GN0047-CEF-02,GN0047,Ceftriaxone,0.25,2,0.0,No Growth,XGBoost,No Growth
GN0047-CEF-03,GN0047,Ceftriaxone,0.5,3,0.031300000846385956,No Growth,XGBoost,No Growth
GN0047-CEF-04,GN0047,Ceftriaxone,1.0,4,0.0,No Growth,XGBoost,No Growth
GN0047-CEF-05,GN0047,Ceftriaxone,2.0,5,0.0,No Growth,XGBoost,No Growth
GN0047-CEF-06,GN0047,Ceftriaxone,4.0,6,0.0005000000237487257,No Growth,XGBoost,No Growth
GN0047-CEF-07,GN0047,Ceftriaxone,8.0,7,0.0,No Growth,XGBoost,No Growth
GN0047-CEF-08,GN0047,Ceftriaxone,16.0,8,0.0,No Growth,XGBoost,No Growth
GN0047-CEF-09,GN0047,Ceftriaxone,32.0,9,0.0,No Growth,XGBoost,No Growth
GN0047-CEF-10,GN0047,Ceftriaxone,64.0,10,0.0,No Growth,XGBoost,No Growth
GN0047-MER-01,GN0047,Meropenem,0.06,1,0.0006000000284984708,No Growth,XGBoost,No Growth
GN0047-MER-02,GN0047,Meropenem,0.12,2,0.03220000118017197,No Growth,XGBoost,No Growth
GN0047-MER-03,GN0047,Meropenem,0.25,3,0.0,No Growth,XGBoost,No Growth
GN0047-MER-04,GN0047,Meropenem,0.5,4,0.0,No Growth,XGBoost,No Growth
GN0047-MER-05,GN0047,Meropenem,1.0,5,0.0,No Growth,XGBoost,No Growth
GN0047-MER-06,GN0047,Meropenem,2.0,6,0.0,No Growth,XGBoost,No Growth
GN0047-MER-07,GN0047,Meropenem,4.0,7,0.0,No Growth,XGBoost,No Growth
GN0047-MER-08,GN0047,Meropenem,8.0,8,0.0,No Growth,XGBoost,No Growth
GN0047-MER-09,GN0047,Meropenem,16.0,9,0.0,No Growth,XGBoost,No Growth
GN0047-AMP-01,GN0047,Ampicillin,0.12,1,0.9998000264167786,Growth,XGBoost,Growth
GN0047-AMP-02,GN0047,Ampicillin,0.25,2,1.0,Growth,XGBoost,Growth
GN0047-AMP-03,GN0047,Ampicillin,0.5,3,0.9997000098228455,Growth,XGBoost,Growth
GN0047-AMP-04,GN0047,Ampicillin,1.0,4,0.9995999932289124,Growth,XGBoost,Growth
GN0047-AMP-05,GN0047,Ampicillin,2.0,5,0.0,No Growth,XGBoost,No Growth
GN0047-AMP-06,GN0047,Ampicillin,4.0,6,0.0,No Growth,XGBoost,No Growth
GN0047-AMP-07,GN0047,Ampicillin,8.0,7,0.00019999999494757503,No Growth,XGBoost,No Growth
GN0047-AMP-08,GN0047,Ampicillin,16.0,8,0.0,No Growth,XGBoost,No Growth
GN0047-AMP-09,GN0047,Ampicillin,32.0,9,0.0,No Growth,XGBoost,No Growth
GN0020-MER-01,GN0020,Meropenem,0.06,1,0.0,No Growth,XGBoost,No Growth
GN0020-MER-02,GN0020,Meropenem,0.12,2,0.00019999999494757503,No Growth,XGBoost,No Growth
GN0020-MER-03,GN0020,Meropenem,0.25,3,0.002199999988079071,No Growth,XGBoost,No Growth
GN0020-MER-04,GN0020,Meropenem,0.5,4,0.0,No Growth,XGBoost,No Growth
GN0020-MER-05,GN0020,Meropenem,1.0,5,0.0,No Growth,XGBoost,No Growth
GN0020-MER-06,GN0020,Meropenem,2.0,6,0.0,No Growth,XGBoost,No Growth
GN0020-MER-07,GN0020,Meropenem,4.0,7,0.0,No Growth,XGBoost,No Growth
GN0020-MER-08,GN0020,Meropenem,8.0,8,9.999999747378752e-05,No Growth,XGBoost,No Growth
GN0020-MER-09,GN0020,Meropenem,16.0,9,0.0,No Growth,XGBoost,No Growth
GN0020-AMP-01,GN0020,Ampicillin,0.12,1,1.0,Growth,XGBoost,Growth
GN0020-AMP-02,GN0020,Ampicillin,0.25,2,0.9997000098228455,Growth,XGBoost,Growth
GN0020-AMP-03,GN0020,Ampicillin,0.5,3,0.9998999834060669,Growth,XGBoost,Growth
GN0020-AMP-04,GN0020,Ampicillin,1.0,4,0.9998000264167786,Growth,XGBoost,Growth
GN0020-AMP-05,GN0020,Ampicillin,2.0,5,0.9998999834060669,Growth,XGBoost,Growth
GN0020-AMP-06,GN0020,Ampicillin,4.0,6,0.9987999796867371,Growth,XGBoost,Growth
GN0020-AMP-07,GN0020,Ampicillin,8.0,7,0.9998000264167786,Growth,XGBoost,Growth
GN0020-AMP-08,GN0020,Ampicillin,16.0,8,0.9993000030517578,Growth,XGBoost,Growth
GN0020-AMP-09,GN0020,Ampicillin,32.0,9,0.00019999999494757503,No Growth,XGBoost,No Growth
GP0094-OXA-01,GP0094,Oxacillin,0.06,1,0.9993000030517578,Growth,XGBoost,Growth
GP0094-OXA-02,GP0094,Oxacillin,0.12,2,0.9991000294685364,Growth,XGBoost,Growth
GP0094-OXA-03,GP0094,Oxacillin,0.25,3,0.5335999727249146,Growth,XGBoost,No Growth
GP0094-OXA-04,GP0094,Oxacillin,0.5,4,0.0007999999797903001,No Growth,XGBoost,No Growth
GP0094-OXA-05,GP0094,Oxacillin,1.0,5,0.0010999999940395355,No Growth,XGBoost,No Growth
GP0094-OXA-06,GP0094,Oxacillin,2.0,6,0.00019999999494757503,No Growth,XGBoost,No Growth
GP0094-OXA-07,GP0094,Oxacillin,4.0,7,0.00019999999494757503,No Growth,XGBoost,No Growth
GP0094-OXA-08,GP0094,Oxacillin,8.0,8,0.6025999784469604,Growth,XGBoost,No Growth
GP0094-CEF-01,GP0094,Ceftriaxone,0.12,1,0.9997000098228455,Growth,XGBoost,Growth
GP0094-CEF-02,GP0094,Ceftriaxone,0.25,2,0.9998999834060669,Growth,XGBoost,Growth
GP0094-CEF-03,GP0094,Ceftriaxone,0.5,3,0.9994999766349792,Growth,XGBoost,Growth
GP0094-CEF-04,GP0094,Ceftriaxone,1.0,4,0.9998000264167786,Growth,XGBoost,Growth
GP0094-CEF-05,GP0094,Ceftriaxone,2.0,5,0.001500000013038516,No Growth,XGBoost,No Growth
GP0094-CEF-06,GP0094,Ceftriaxone,4.0,6,9.999999747378752e-05,No Growth,XGBoost,No Growth
GP0094-CEF-07,GP0094,Ceftriaxone,8.0,7,0.6097999811172485,Growth,XGBoost,No Growth
GP0094-CEF-08,GP0094,Ceftriaxone,16.0,8,0.18449999392032623,No Growth,XGBoost,No Growth
GP0094-CEF-09,GP0094,Ceftriaxone,32.0,9,0.0003000000142492354,No Growth,XGBoost,No Growth
GP0094-CEF-10,GP0094,Ceftriaxone,64.0,10,9.999999747378752e-05,No Growth,XGBoost,No Growth
GP0094-AMP-01,GP0094,Ampicillin,0.12,1,0.9993000030517578,Growth,XGBoost,Growth
GP0094-AMP-02,GP0094,Ampicillin,0.25,2,0.9998000264167786,Growth,XGBoost,Growth
GP0094-AMP-03,GP0094,Ampicillin,0.5,3,0.9994000196456909,Growth,XGBoost,Growth
GP0094-AMP-04,GP0094,Ampicillin,1.0,4,0.9997000098228455,Growth,XGBoost,Growth
GP0094-AMP-05,GP0094,Ampicillin,2.0,5,0.9994999766349792,Growth,XGBoost,Growth
GP0094-AMP-06,GP0094,Ampicillin,4.0,6,0.0005000000237487257,No Growth,XGBoost,No Growth
GP0094-AMP-07,GP0094,Ampicillin,8.0,7,9.999999747378752e-05,No Growth,XGBoost,No Growth
GP0094-AMP-08,GP0094,Ampicillin,16.0,8,0.0010999999940395355,No Growth,XGBoost,No Growth
GP0094-AMP-09,GP0094,Ampicillin,32.0,9,0.006800000090152025,No Growth,XGBoost,No Growth
GP0094-DAP-01,GP0094,Daptomycin,0.06,1,0.9993000030517578,Growth,XGBoost,Growth
GP0094-DAP-02,GP0094,Daptomycin,0.12,2,0.9991000294685364,Growth,XGBoost,Growth
GP0094-DAP-03,GP0094,Daptomycin,0.25,3,0.0012000000569969416,No Growth,XGBoost,No Growth
GP0094-DAP-04,GP0094,Daptomycin,0.5,4,0.00019999999494757503,No Growth,XGBoost,No Growth
GP0094-DAP-05,GP0094,Daptomycin,1.0,5,0.0008999999845400453,No Growth,XGBoost,No Growth
GP0094-DAP-06,GP0094,Daptomycin,2.0,6,0.016899999231100082,No Growth,XGBoost,No Growth
GP0094-DAP-07,GP0094,Daptomycin,4.0,7,9.999999747378752e-05,No Growth,XGBoost,No Growth
GP0094-DAP-08,GP0094,Daptomycin,8.0,8,0.0,No Growth,XGBoost,No Growth
GP0078-AMP-01,GP0078,Ampicillin,0.12,1,0.9998999834060669,Growth,XGBoost,Growth
GP0078-AMP-02,GP0078,Ampicillin,0.25,2,0.9998000264167786,Growth,XGBoost,Growth
GP0078-AMP-03,GP0078,Ampicillin,0.5,3,0.9158999919891357,Growth,XGBoost,Growth
GP0078-AMP-04,GP0078,Ampicillin,1.0,4,0.9997000098228455,Growth,XGBoost,Growth
GP0078-AMP-05,GP0078,Ampicillin,2.0,5,0.9993000030517578,Growth,XGBoost,Growth
GP0078-AMP-06,GP0078,Ampicillin,4.0,6,0.9993000030517578,Growth,XGBoost,Growth
GP0078-AMP-07,GP0078,Ampicillin,8.0,7,0.9983000159263611,Growth,XGBoost,Growth
GP0078-AMP-08,GP0078,Ampicillin,16.0,8,0.9988999962806702,Growth,XGBoost,Growth
GP0078-AMP-09,GP0078,Ampicillin,32.0,9,0.9961000084877014,Growth,XGBoost,Growth
GP0078-MER-01,GP0078,Meropenem,0.06,1,0.9991000294685364,Growth,XGBoost,Growth
GP0078-MER-02,GP0078,Meropenem,0.12,2,0.9995999932289124,Growth,XGBoost,Growth
GP0078-MER-03,GP0078,Meropenem,0.25,3,0.9997000098228455,Growth,XGBoost,Growth
GP0078-MER-04,GP0078,Meropenem,0.5,4,0.9997000098228455,Growth,XGBoost,Growth
GP0078-MER-05,GP0078,Meropenem,1.0,5,0.9825999736785889,Growth,XGBoost,Growth
GP0078-MER-06,GP0078,Meropenem,2.0,6,0.9976000189781189,Growth,XGBoost,Growth
GP0078-MER-07,GP0078,Meropenem,4.0,7,0.9940999746322632,Growth,XGBoost,Growth
GP0078-MER-08,GP0078,Meropenem,8.0,8,0.9948999881744385,Growth,XGBoost,Growth
GP0078-MER-09,GP0078,Meropenem,16.0,9,0.9976000189781189,Growth,XGBoost,Growth
GP0078-VAN-01,GP0078,Vancomycin,0.25,1,0.955299973487854,Growth,XGBoost,Growth
GP0078-VAN-02,GP0078,Vancomycin,0.5,2,0.9998000264167786,Growth,XGBoost,Growth
GP0078-VAN-03,GP0078,Vancomycin,1.0,3,0.996999979019165,Growth,XGBoost,Growth
GP0078-VAN-04,GP0078,Vancomycin,2.0,4,0.04399999976158142,No Growth,XGBoost,No Growth
GP0078-VAN-05,GP0078,Vancomycin,4.0,5,0.000699999975040555,No Growth,XGBoost,No Growth
GP0078-VAN-06,GP0078,Vancomycin,8.0,6,9.999999747378752e-05,No Growth,XGBoost,No Growth
GP0078-VAN-07,GP0078,Vancomycin,16.0,7,0.00019999999494757503,No Growth,XGBoost,No Growth
GP0078-VAN-08,GP0078,Vancomycin,32.0,8,0.0,No Growth,XGBoost,No Growth
GP0078-DAP-01,GP0078,Daptomycin,0.06,1,0.9969000220298767,Growth,XGBoost,Growth
GP0078-DAP-02,GP0078,Daptomycin,0.12,2,0.9991999864578247,Growth,XGBoost,Growth
GP0078-DAP-03,GP0078,Daptomycin,0.25,3,0.9937999844551086,Growth,XGBoost,Growth
GP0078-DAP-04,GP0078,Daptomycin,0.5,4,0.9991999864578247,Growth,XGBoost,Growth
GP0078-DAP-05,GP0078,Daptomycin,1.0,5,0.9514999985694885,Growth,XGBoost,Growth
GP0078-DAP-06,GP0078,Daptomycin,2.0,6,0.9943000078201294,Growth,XGBoost,Growth
GP0078-DAP-07,GP0078,Daptomycin,4.0,7,0.9625999927520752,Growth,XGBoost,Growth
GP0078-DAP-08,GP0078,Daptomycin,8.0,8,9.999999747378752e-05,No Growth,XGBoost,No Growth
GP0078-CEF-01,GP0078,Ceftriaxone,0.12,1,0.9998999834060669,Growth,XGBoost,Growth
GP0078-CEF-02,GP0078,Ceftriaxone,0.25,2,0.9998999834060669,Growth,XGBoost,Growth
GP0078-CEF-03,GP0078,Ceftriaxone,0.5,3,0.9961000084877014,Growth,XGBoost,Growth
GP0078-CEF-04,GP0078,Ceftriaxone,1.0,4,0.9998000264167786,Growth,XGBoost,Growth
GP0078-CEF-05,GP0078,Ceftriaxone,2.0,5,0.9995999932289124,Growth,XGBoost,Growth
GP0078-CEF-06,GP0078,Ceftriaxone,4.0,6,0.9994999766349792,Growth,XGBoost,Growth
GP0078-CEF-07,GP0078,Ceftriaxone,8.0,7,0.9986000061035156,Growth,XGBoost,Growth
GP0078-CEF-08,GP0078,Ceftriaxone,16.0,8,0.9959999918937683,Growth,XGBoost,Growth
GP0078-CEF-09,GP0078,Ceftriaxone,32.0,9,0.9965999722480774,Growth,XGBoost,Growth
GP0078-CEF-10,GP0078,Ceftriaxone,64.0,10,0.9767000079154968,Growth,XGBoost,Growth
GP0110-CEF-01,GP0110,Ceftriaxone,0.12,1,0.9994999766349792,Growth,XGBoost,Growth
GP0110-CEF-02,GP0110,Ceftriaxone,0.25,2,0.9998999834060669,Growth,XGBoost,Growth
GP0110-CEF-03,GP0110,Ceftriaxone,0.5,3,0.9995999932289124,Growth,XGBoost,Growth
GP0110-CEF-04,GP0110,Ceftriaxone,1.0,4,0.9998000264167786,Growth,XGBoost,Growth
GP0110-CEF-05,GP0110,Ceftriaxone,2.0,5,0.9991000294685364,Growth,XGBoost,Growth
GP0110-CEF-06,GP0110,Ceftriaxone,4.0,6,0.9977999925613403,Growth,XGBoost,Growth
GP0110-CEF-07,GP0110,Ceftriaxone,8.0,7,0.9983000159263611,Growth,XGBoost,Growth
GP0110-CEF-08,GP0110,Ceftriaxone,16.0,8,0.9952999949455261,Growth,XGBoost,Growth
GP0110-CEF-09,GP0110,Ceftriaxone,32.0,9,0.08510000258684158,No Growth,XGBoost,Growth
GP0110-CEF-10,GP0110,Ceftriaxone,64.0,10,0.0032999999821186066,No Growth,XGBoost,No Growth
GP0110-VAN-01,GP0110,Vancomycin,0.25,1,0.9983000159263611,Growth,XGBoost,Growth
GP0110-VAN-02,GP0110,Vancomycin,0.5,2,0.9991999864578247,Growth,XGBoost,Growth
GP0110-VAN-03,GP0110,Vancomycin,1.0,3,0.0020000000949949026,No Growth,XGBoost,No Growth
GP0110-VAN-04,GP0110,Vancomycin,2.0,4,0.004399999976158142,No Growth,XGBoost,No Growth
GP0110-VAN-05,GP0110,Vancomycin,4.0,5,9.999999747378752e-05,No Growth,XGBoost,No Growth
GP0110-VAN-06,GP0110,Vancomycin,8.0,6,0.0,No Growth,XGBoost,No Growth
GP0110-VAN-07,GP0110,Vancomycin,16.0,7,0.0,No Growth,XGBoost,No Growth
GP0110-VAN-08,GP0110,Vancomycin,32.0,8,0.0,No Growth,XGBoost,No Growth
GP0110-AMP-01,GP0110,Ampicillin,0.12,1,0.9997000098228455,Growth,XGBoost,Growth
GP0110-AMP-02,GP0110,Ampicillin,0.25,2,0.9883000254631042,Growth,XGBoost,Growth
GP0110-AMP-03,GP0110,Ampicillin,0.5,3,0.9991999864578247,Growth,XGBoost,Growth
GP0110-AMP-04,GP0110,Ampicillin,1.0,4,0.9998000264167786,Growth,XGBoost,Growth
GP0110-AMP-05,GP0110,Ampicillin,2.0,5,0.9991999864578247,Growth,XGBoost,Growth
GP0110-AMP-06,GP0110,Ampicillin,4.0,6,0.9994999766349792,Growth,XGBoost,Growth
GP0110-AMP-07,GP0110,Ampicillin,8.0,7,0.9775999784469604,Growth,XGBoost,Growth
GP0110-AMP-08,GP0110,Ampicillin,16.0,8,0.996999979019165,Growth,XGBoost,Growth
GP0110-AMP-09,GP0110,Ampicillin,32.0,9,0.01080000028014183,No Growth,XGBoost,No Growth
GN0042-MER-01,GN0042,Meropenem,0.06,1,0.9998000264167786,Growth,XGBoost,Growth
GN0042-MER-02,GN0042,Meropenem,0.12,2,0.9998000264167786,Growth,XGBoost,Growth
GN0042-MER-03,GN0042,Meropenem,0.25,3,0.9994999766349792,Growth,XGBoost,Growth
GN0042-MER-04,GN0042,Meropenem,0.5,4,0.9995999932289124,Growth,XGBoost,Growth
GN0042-MER-05,GN0042,Meropenem,1.0,5,0.9994000196456909,Growth,XGBoost,Growth
GN0042-MER-06,GN0042,Meropenem,2.0,6,0.9988999962806702,Growth,XGBoost,Growth
GN0042-MER-07,GN0042,Meropenem,4.0,7,0.9980999827384949,Growth,XGBoost,Growth
GN0042-MER-08,GN0042,Meropenem,8.0,8,0.9975000023841858,Growth,XGBoost,Growth
GN0042-MER-09,GN0042,Meropenem,16.0,9,0.0,No Growth,XGBoost,No Growth
GN0042-AMP-01,GN0042,Ampicillin,0.12,1,0.9998999834060669,Growth,XGBoost,Growth
GN0042-AMP-02,GN0042,Ampicillin,0.25,2,0.9998999834060669,Growth,XGBoost,Growth
GN0042-AMP-03,GN0042,Ampicillin,0.5,3,0.9998000264167786,Growth,XGBoost,Growth
GN0042-AMP-04,GN0042,Ampicillin,1.0,4,0.33059999346733093,No Growth,XGBoost,Growth
GN0042-AMP-05,GN0042,Ampicillin,2.0,5,0.9998999834060669,Growth,XGBoost,Growth
GN0042-AMP-06,GN0042,Ampicillin,4.0,6,0.9997000098228455,Growth,XGBoost,Growth
GN0042-AMP-07,GN0042,Ampicillin,8.0,7,0.9945999979972839,Growth,XGBoost,Growth
GN0042-AMP-08,GN0042,Ampicillin,16.0,8,0.9993000030517578,Growth,XGBoost,Growth
GN0042-AMP-09,GN0042,Ampicillin,32.0,9,0.9886000156402588,Growth,XGBoost,Growth
GN0042-CEF-01,GN0042,Ceftriaxone,0.12,1,0.9998000264167786,Growth,XGBoost,Growth
GN0042-CEF-02,GN0042,Ceftriaxone,0.25,2,0.9998000264167786,Growth,XGBoost,Growth
GN0042-CEF-03,GN0042,Ceftriaxone,0.5,3,0.996999979019165,Growth,XGBoost,Growth
GN0042-CEF-04,GN0042,Ceftriaxone,1.0,4,0.9997000098228455,Growth,XGBoost,Growth
GN0042-CEF-05,GN0042,Ceftriaxone,2.0,5,0.9987000226974487,Growth,XGBoost,Growth
GN0042-CEF-06,GN0042,Ceftriaxone,4.0,6,0.9993000030517578,Growth,XGBoost,Growth
GN0042-CEF-07,GN0042,Ceftriaxone,8.0,7,0.9965999722480774,Growth,XGBoost,Growth
GN0042-CEF-08,GN0042,Ceftriaxone,16.0,8,0.9990000128746033,Growth,XGBoost,Growth
GN0042-CEF-09,GN0042,Ceftriaxone,32.0,9,9.999999747378752e-05,No Growth,XGBoost,No Growth
GN0042-CEF-10,GN0042,Ceftriaxone,64.0,10,0.0,No Growth,XGBoost,No Growth
GP0079-MER-01,GP0079,Meropenem,0.06,1,1.0,Growth,XGBoost,Growth
GP0079-MER-02,GP0079,Meropenem,0.12,2,0.9991000294685364,Growth,XGBoost,Growth
GP0079-MER-03,GP0079,Meropenem,0.25,3,0.9994999766349792,Growth,XGBoost,Growth
GP0079-MER-04,GP0079,Meropenem,0.5,4,0.9997000098228455,Growth,XGBoost,Growth
GP0079-MER-05,GP0079,Meropenem,1.0,5,0.9993000030517578,Growth,XGBoost,Growth
GP0079-MER-06,GP0079,Meropenem,2.0,6,0.9991000294685364,Growth,XGBoost,Growth
GP0079-MER-07,GP0079,Meropenem,4.0,7,0.9921000003814697,Growth,XGBoost,Growth
GP0079-MER-08,GP0079,Meropenem,8.0,8,0.00570000009611249,No Growth,XGBoost,No Growth
GP0079-MER-09,GP0079,Meropenem,16.0,9,0.00019999999494757503,No Growth,XGBoost,No Growth
GP0079-OXA-01,GP0079,Oxacillin,0.06,1,0.9998999834060669,Growth,XGBoost,Growth
GP0079-OXA-02,GP0079,Oxacillin,0.12,2,0.9886999726295471,Growth,XGBoost,Growth
GP0079-OXA-03,GP0079,Oxacillin,0.25,3,0.9998000264167786,Growth,XGBoost,Growth
GP0079-OXA-04,GP0079,Oxacillin,0.5,4,0.9997000098228455,Growth,XGBoost,Growth
GP0079-OXA-05,GP0079,Oxacillin,1.0,5,0.9995999932289124,Growth,XGBoost,Growth
GP0079-OXA-06,GP0079,Oxacillin,2.0,6,0.5583000183105469,Growth,XGBoost,Growth
GP0079-OXA-07,GP0079,Oxacillin,4.0,7,0.998199999332428,Growth,XGBoost,Growth
GP0079-OXA-08,GP0079,Oxacillin,8.0,8,0.9921000003814697,Growth,XGBoost,Growth
GP0079-VAN-01,GP0079,Vancomycin,0.25,1,0.9997000098228455,Growth,XGBoost,Growth
GP0079-VAN-02,GP0079,Vancomycin,0.5,2,0.9998000264167786,Growth,XGBoost,Growth
GP0079-VAN-03,GP0079,Vancomycin,1.0,3,0.9997000098228455,Growth,XGBoost,Growth
GP0079-VAN-04,GP0079,Vancomycin,2.0,4,0.9990000128746033,Growth,XGBoost,Growth
GP0079-VAN-05,GP0079,Vancomycin,4.0,5,0.0203000009059906,No Growth,XGBoost,No Growth
GP0079-VAN-06,GP0079,Vancomycin,8.0,6,9.999999747378752e-05,No Growth,XGBoost,No Growth
GP0079-VAN-07,GP0079,Vancomycin,16.0,7,0.0013000000035390258,No Growth,XGBoost,No Growth
GP0079-VAN-08,GP0079,Vancomycin,32.0,8,0.0,No Growth,XGBoost,No Growth
GN0076-MER-01,GN0076,Meropenem,0.06,1,0.0,No Growth,XGBoost,No Growth
GN0076-MER-02,GN0076,Meropenem,0.12,2,0.0,No Growth,XGBoost,No Growth
GN0076-MER-03,GN0076,Meropenem,0.25,3,0.00019999999494757503,No Growth,XGBoost,No Growth
GN0076-MER-04,GN0076,Meropenem,0.5,4,0.0,No Growth,XGBoost,No Growth
GN0076-MER-05,GN0076,Meropenem,1.0,5,9.999999747378752e-05,No Growth,XGBoost,No Growth
GN0076-MER-06,GN0076,Meropenem,2.0,6,0.0,No Growth,XGBoost,No Growth
GN0076-MER-07,GN0076,Meropenem,4.0,7,0.0,No Growth,XGBoost,No Growth
GN0076-MER-08,GN0076,Meropenem,8.0,8,0.0010000000474974513,No Growth,XGBoost,No Growth
GN0076-MER-09,GN0076,Meropenem,16.0,9,0.0,No Growth,XGBoost,No Growth
GN0076-AMP-01,GN0076,Ampicillin,0.12,1,0.9998999834060669,Growth,XGBoost,Growth
GN0076-AMP-02,GN0076,Ampicillin,0.25,2,1.0,Growth,XGBoost,Growth
GN0076-AMP-03,GN0076,Ampicillin,0.5,3,0.9991999864578247,Growth,XGBoost,Growth
GN0076-AMP-04,GN0076,Ampicillin,1.0,4,1.0,Growth,XGBoost,Growth
GN0076-AMP-05,GN0076,Ampicillin,2.0,5,0.9998999834060669,Growth,XGBoost,Growth
GN0076-AMP-06,GN0076,Ampicillin,4.0,6,0.9998000264167786,Growth,XGBoost,Growth
GN0076-AMP-07,GN0076,Ampicillin,8.0,7,0.9668999910354614,Growth,XGBoost,Growth
GN0076-AMP-08,GN0076,Ampicillin,16.0,8,0.9995999932289124,Growth,XGBoost,Growth
GN0076-AMP-09,GN0076,Ampicillin,32.0,9,0.0,No Growth,XGBoost,No Growth
GN0017-AMP-01,GN0017,Ampicillin,0.12,1,1.0,Growth,XGBoost,Growth
GN0017-AMP-02,GN0017,Ampicillin,0.25,2,1.0,Growth,XGBoost,Growth
GN0017-AMP-03,GN0017,Ampicillin,0.5,3,0.9998999834060669,Growth,XGBoost,Growth
GN0017-AMP-04,GN0017,Ampicillin,1.0,4,0.9998000264167786,Growth,XGBoost,Growth
GN0017-AMP-05,GN0017,Ampicillin,2.0,5,0.9998999834060669,Growth,XGBoost,Growth
GN0017-AMP-06,GN0017,Ampicillin,4.0,6,0.9998000264167786,Growth,XGBoost,Growth
GN0017-AMP-07,GN0017,Ampicillin,8.0,7,0.9997000098228455,Growth,XGBoost,Growth
GN0017-AMP-08,GN0017,Ampicillin,16.0,8,0.9968000054359436,Growth,XGBoost,Growth
GN0017-AMP-09,GN0017,Ampicillin,32.0,9,0.9994000196456909,Growth,XGBoost,Growth
GN0017-MER-01,GN0017,Meropenem,0.06,1,0.9696999788284302,Growth,XGBoost,Growth
GN0017-MER-02,GN0017,Meropenem,0.12,2,1.0,Growth,XGBoost,Growth
GN0017-MER-03,GN0017,Meropenem,0.25,3,0.9995999932289124,Growth,XGBoost,Growth
GN0017-MER-04,GN0017,Meropenem,0.5,4,0.004699999932199717,No Growth,XGBoost,No Growth
GN0017-MER-05,GN0017,Meropenem,1.0,5,0.0013000000035390258,No Growth,XGBoost,No Growth
GN0017-MER-06,GN0017,Meropenem,2.0,6,9.999999747378752e-05,No Growth,XGBoost,No Growth
GN0017-MER-07,GN0017,Meropenem,4.0,7,0.0,No Growth,XGBoost,No Growth
GN0017-MER-08,GN0017,Meropenem,8.0,8,0.0,No Growth,XGBoost,No Growth
GN0017-MER-09,GN0017,Meropenem,16.0,9,0.0,No Growth,XGBoost,No Growth
GN0017-CEF-01,GN0017,Ceftriaxone,0.12,1,0.9997000098228455,Growth,XGBoost,Growth
GN0017-CEF-02,GN0017,Ceftriaxone,0.25,2,0.9998999834060669,Growth,XGBoost,Growth
GN0017-CEF-03,GN0017,Ceftriaxone,0.5,3,0.9998999834060669,Growth,XGBoost,Growth
GN0017-CEF-04,GN0017,Ceftriaxone,1.0,4,1.0,Growth,XGBoost,Growth
GN0017-CEF-05,GN0017,Ceftriaxone,2.0,5,1.0,Growth,XGBoost,Growth
GN0017-CEF-06,GN0017,Ceftriaxone,4.0,6,0.9983999729156494,Growth,XGBoost,Growth
GN0017-CEF-07,GN0017,Ceftriaxone,8.0,7,0.9994999766349792,Growth,XGBoost,Growth
GN0017-CEF-08,GN0017,Ceftriaxone,16.0,8,0.9965000152587891,Growth,XGBoost,Growth
GN0017-CEF-09,GN0017,Ceftriaxone,32.0,9,0.972100019454956,Growth,XGBoost,Growth
GN0017-CEF-10,GN0017,Ceftriaxone,64.0,10,0.0,No Growth,XGBoost,No Growth
GP0075-CEF-01,GP0075,Ceftriaxone,0.12,1,0.9998999834060669,Growth,XGBoost,Growth
GP0075-CEF-02,GP0075,Ceftriaxone,0.25,2,0.9998999834060669,Growth,XGBoost,Growth
GP0075-CEF-03,GP0075,Ceftriaxone,0.5,3,0.9998000264167786,Growth,XGBoost,Growth
GP0075-CEF-04,GP0075,Ceftriaxone,1.0,4,0.9998000264167786,Growth,XGBoost,Growth
GP0075-CEF-05,GP0075,Ceftriaxone,2.0,5,0.9994999766349792,Growth,XGBoost,Growth
GP0075-CEF-06,GP0075,Ceftriaxone,4.0,6,0.9998000264167786,Growth,XGBoost,Growth
GP0075-CEF-07,GP0075,Ceftriaxone,8.0,7,0.9811999797821045,Growth,XGBoost,Growth
GP0075-CEF-08,GP0075,Ceftriaxone,16.0,8,0.9968000054359436,Growth,XGBoost,Growth
GP0075-CEF-09,GP0075,Ceftriaxone,32.0,9,0.9976000189781189,Growth,XGBoost,Growth
GP0075-CEF-10,GP0075,Ceftriaxone,64.0,10,0.9973000288009644,Growth,XGBoost,Growth
GP0075-MER-01,GP0075,Meropenem,0.06,1,0.9998000264167786,Growth,XGBoost,Growth
GP0075-MER-02,GP0075,Meropenem,0.12,2,0.998199999332428,Growth,XGBoost,Growth
GP0075-MER-03,GP0075,Meropenem,0.25,3,0.9998000264167786,Growth,XGBoost,Growth
GP0075-MER-04,GP0075,Meropenem,0.5,4,0.9995999932289124,Growth,XGBoost,Growth
GP0075-MER-05,GP0075,Meropenem,1.0,5,0.9987999796867371,Growth,XGBoost,Growth
GP0075-MER-06,GP0075,Meropenem,2.0,6,0.9724000096321106,Growth,XGBoost,Growth
GP0075-MER-07,GP0075,Meropenem,4.0,7,0.9905999898910522,Growth,XGBoost,Growth
GP0075-MER-08,GP0075,Meropenem,8.0,8,0.012500000186264515,No Growth,XGBoost,No Growth
GP0075-MER-09,GP0075,Meropenem,16.0,9,9.999999747378752e-05,No Growth,XGBoost,No Growth
GP0075-VAN-01,GP0075,Vancomycin,0.25,1,0.9997000098228455,Growth,XGBoost,Growth
GP0075-VAN-02,GP0075,Vancomycin,0.5,2,0.9994000196456909,Growth,XGBoost,Growth
GP0075-VAN-03,GP0075,Vancomycin,1.0,3,0.9998000264167786,Growth,XGBoost,Growth
GP0075-VAN-04,GP0075,Vancomycin,2.0,4,0.9908000230789185,Growth,XGBoost,Growth
GP0075-VAN-05,GP0075,Vancomycin,4.0,5,0.998199999332428,Growth,XGBoost,Growth
GP0075-VAN-06,GP0075,Vancomycin,8.0,6,0.9842000007629395,Growth,XGBoost,Growth
GP0075-VAN-07,GP0075,Vancomycin,16.0,7,0.9962000250816345,Growth,XGBoost,Growth
GP0075-VAN-08,GP0075,Vancomycin,32.0,8,0.326200008392334,No Growth,XGBoost,Growth
GP0075-DAP-01,GP0075,Daptomycin,0.06,1,0.9998000264167786,Growth,XGBoost,Growth
GP0075-DAP-02,GP0075,Daptomycin,0.12,2,0.9991000294685364,Growth,XGBoost,Growth
GP0075-DAP-03,GP0075,Daptomycin,0.25,3,0.9994000196456909,Growth,XGBoost,Growth
GP0075-DAP-04,GP0075,Daptomycin,0.5,4,0.9991000294685364,Growth,XGBoost,Growth
GP0075-DAP-05,GP0075,Daptomycin,1.0,5,0.19990000128746033,No Growth,XGBoost,Growth
GP0075-DAP-06,GP0075,Daptomycin,2.0,6,0.9983999729156494,Growth,XGBoost,Growth
GP0075-DAP-07,GP0075,Daptomycin,4.0,7,9.999999747378752e-05,No Growth,XGBoost,No Growth
GP0075-DAP-08,GP0075,Daptomycin,8.0,8,0.0,No Growth,XGBoost,No Growth
GN0071-MER-01,GN0071,Meropenem,0.06,1,0.0,No Growth,XGBoost,No Growth
GN0071-MER-02,GN0071,Meropenem,0.12,2,0.0,No Growth,XGBoost,No Growth
GN0071-MER-03,GN0071,Meropenem,0.25,3,0.00019999999494757503,No Growth,XGBoost,No Growth
GN0071-MER-04,GN0071,Meropenem,0.5,4,0.0,No Growth,XGBoost,No Growth
GN0071-MER-05,GN0071,Meropenem,1.0,5,0.0,No Growth,XGBoost,No Growth
GN0071-MER-06,GN0071,Meropenem,2.0,6,0.0,No Growth,XGBoost,No Growth
GN0071-MER-07,GN0071,Meropenem,4.0,7,0.005200000014156103,No Growth,XGBoost,No Growth
GN0071-MER-08,GN0071,Meropenem,8.0,8,0.0,No Growth,XGBoost,No Growth
GN0071-MER-09,GN0071,Meropenem,16.0,9,0.14000000059604645,No Growth,XGBoost,No Growth
GN0071-AMP-01,GN0071,Ampicillin,0.12,1,0.9998000264167786,Growth,XGBoost,Growth
GN0071-AMP-02,GN0071,Ampicillin,0.25,2,1.0,Growth,XGBoost,Growth
GN0071-AMP-03,GN0071,Ampicillin,0.5,3,0.9997000098228455,Growth,XGBoost,Growth
GN0071-AMP-04,GN0071,Ampicillin,1.0,4,0.9994000196456909,Growth,XGBoost,Growth
GN0071-AMP-05,GN0071,Ampicillin,2.0,5,0.9998000264167786,Growth,XGBoost,Growth
GN0071-AMP-06,GN0071,Ampicillin,4.0,6,0.8715999722480774,Growth,XGBoost,Growth
GN0071-AMP-07,GN0071,Ampicillin,8.0,7,0.9998000264167786,Growth,XGBoost,Growth
GN0071-AMP-08,GN0071,Ampicillin,16.0,8,0.9983000159263611,Growth,XGBoost,Growth
GN0071-AMP-09,GN0071,Ampicillin,32.0,9,0.9993000030517578,Growth,XGBoost,Growth
GN0071-CEF-01,GN0071,Ceftriaxone,0.12,1,0.0,No Growth,XGBoost,No Growth
GN0071-CEF-02,GN0071,Ceftriaxone,0.25,2,0.0,No Growth,XGBoost,No Growth
GN0071-CEF-03,GN0071,Ceftriaxone,0.5,3,0.00139999995008111,No Growth,XGBoost,No Growth
GN0071-CEF-04,GN0071,Ceftriaxone,1.0,4,0.0005000000237487257,No Growth,XGBoost,No Growth
GN0071-CEF-05,GN0071,Ceftriaxone,2.0,5,0.0,No Growth,XGBoost,No Growth
GN0071-CEF-06,GN0071,Ceftriaxone,4.0,6,0.0,No Growth,XGBoost,No Growth
GN0071-CEF-07,GN0071,Ceftriaxone,8.0,7,0.007400000002235174,No Growth,XGBoost,No Growth
GN0071-CEF-08,GN0071,Ceftriaxone,16.0,8,9.999999747378752e-05,No Growth,XGBoost,No Growth
GN0071-CEF-09,GN0071,Ceftriaxone,32.0,9,9.999999747378752e-05,No Growth,XGBoost,No Growth
GN0071-CEF-10,GN0071,Ceftriaxone,64.0,10,0.0,No Growth,XGBoost,No Growth
GN0113-MER-01,GN0113,Meropenem,0.06,1,0.00039999998989515007,No Growth,XGBoost,No Growth
GN0113-MER-02,GN0113,Meropenem,0.12,2,9.999999747378752e-05,No Growth,XGBoost,No Growth
GN0113-MER-03,GN0113,Meropenem,0.25,3,0.0,No Growth,XGBoost,No Growth
GN0113-MER-04,GN0113,Meropenem,0.5,4,0.00019999999494757503,No Growth,XGBoost,No Growth
GN0113-MER-05,GN0113,Meropenem,1.0,5,0.0,No Growth,XGBoost,No Growth
GN0113-MER-06,GN0113,Meropenem,2.0,6,9.999999747378752e-05,No Growth,XGBoost,No Growth
GN0113-MER-07,GN0113,Meropenem,4.0,7,9.999999747378752e-05,No Growth,XGBoost,No Growth
GN0113-MER-08,GN0113,Meropenem,8.0,8,0.0,No Growth,XGBoost,No Growth
GN0113-MER-09,GN0113,Meropenem,16.0,9,0.0005000000237487257,No Growth,XGBoost,No Growth
GN0113-CEF-01,GN0113,Ceftriaxone,0.12,1,0.014100000262260437,No Growth,XGBoost,No Growth
GN0113-CEF-02,GN0113,Ceftriaxone,0.25,2,9.999999747378752e-05,No Growth,XGBoost,No Growth
GN0113-CEF-03,GN0113,Ceftriaxone,0.5,3,0.06019999831914902,No Growth,XGBoost,No Growth
GN0113-CEF-04,GN0113,Ceftriaxone,1.0,4,9.999999747378752e-05,No Growth,XGBoost,No Growth
GN0113-CEF-05,GN0113,Ceftriaxone,2.0,5,0.0,No Growth,XGBoost,No Growth
GN0113-CEF-06,GN0113,Ceftriaxone,4.0,6,9.999999747378752e-05,No Growth,XGBoost,No Growth
GN0113-CEF-07,GN0113,Ceftriaxone,8.0,7,0.0,No Growth,XGBoost,No Growth
GN0113-CEF-08,GN0113,Ceftriaxone,16.0,8,0.001500000013038516,No Growth,XGBoost,No Growth
GN0113-CEF-09,GN0113,Ceftriaxone,32.0,9,0.01600000075995922,No Growth,XGBoost,No Growth
GN0113-CEF-10,GN0113,Ceftriaxone,64.0,10,0.0007999999797903001,No Growth,XGBoost,No Growth
GN0113-AMP-01,GN0113,Ampicillin,0.12,1,0.9998999834060669,Growth,XGBoost,Growth
GN0113-AMP-02,GN0113,Ampicillin,0.25,2,0.9998999834060669,Growth,XGBoost,Growth
GN0113-AMP-03,GN0113,Ampicillin,0.5,3,0.9998000264167786,Growth,XGBoost,Growth
GN0113-AMP-04,GN0113,Ampicillin,1.0,4,0.9890999794006348,Growth,XGBoost,Growth
GN0113-AMP-05,GN0113,Ampicillin,2.0,5,0.9998000264167786,Growth,XGBoost,Growth
GN0113-AMP-06,GN0113,Ampicillin,4.0,6,0.9995999932289124,Growth,XGBoost,Growth
GN0113-AMP-07,GN0113,Ampicillin,8.0,7,0.00039999998989515007,No Growth,XGBoost,No Growth
GN0113-AMP-08,GN0113,Ampicillin,16.0,8,0.0,No Growth,XGBoost,No Growth
GN0113-AMP-09,GN0113,Ampicillin,32.0,9,9.999999747378752e-05,No Growth,XGBoost,No Growth
GP0006-DAP-01,GP0006,Daptomycin,0.06,1,0.9998000264167786,Growth,XGBoost,Growth
GP0006-DAP-02,GP0006,Daptomycin,0.12,2,0.9997000098228455,Growth,XGBoost,Growth
GP0006-DAP-03,GP0006,Daptomycin,0.25,3,0.9993000030517578,Growth,XGBoost,Growth
GP0006-DAP-04,GP0006,Daptomycin,0.5,4,0.9994999766349792,Growth,XGBoost,Growth
GP0006-DAP-05,GP0006,Daptomycin,1.0,5,0.0003000000142492354,No Growth,XGBoost,No Growth
GP0006-DAP-06,GP0006,Daptomycin,2.0,6,0.0010999999940395355,No Growth,XGBoost,No Growth
GP0006-DAP-07,GP0006,Daptomycin,4.0,7,0.0007999999797903001,No Growth,XGBoost,No Growth
GP0006-DAP-08,GP0006,Daptomycin,8.0,8,9.999999747378752e-05,No Growth,XGBoost,No Growth
GP0006-OXA-01,GP0006,Oxacillin,0.06,1,0.9932000041007996,Growth,XGBoost,Growth
GP0006-OXA-02,GP0006,Oxacillin,0.12,2,0.9998999834060669,Growth,XGBoost,Growth
GP0006-OXA-03,GP0006,Oxacillin,0.25,3,0.9998000264167786,Growth,XGBoost,Growth
GP0006-OXA-04,GP0006,Oxacillin,0.5,4,0.9998999834060669,Growth,XGBoost,Growth
GP0006-OXA-05,GP0006,Oxacillin,1.0,5,0.9994999766349792,Growth,XGBoost,Growth
GP0006-OXA-06,GP0006,Oxacillin,2.0,6,0.9531000256538391,Growth,XGBoost,Growth
GP0006-OXA-07,GP0006,Oxacillin,4.0,7,0.9940999746322632,Growth,XGBoost,Growth
GP0006-OXA-08,GP0006,Oxacillin,8.0,8,0.9972000122070312,Growth,XGBoost,Growth
GP0006-CEF-01,GP0006,Ceftriaxone,0.12,1,0.9997000098228455,Growth,XGBoost,Growth
GP0006-CEF-02,GP0006,Ceftriaxone,0.25,2,0.9995999932289124,Growth,XGBoost,Growth
GP0006-CEF-03,GP0006,Ceftriaxone,0.5,3,0.996999979019165,Growth,XGBoost,Growth
GP0006-CEF-04,GP0006,Ceftriaxone,1.0,4,0.9994999766349792,Growth,XGBoost,Growth
GP0006-CEF-05,GP0006,Ceftriaxone,2.0,5,0.9998999834060669,Growth,XGBoost,Growth
GP0006-CEF-06,GP0006,Ceftriaxone,4.0,6,0.9991999864578247,Growth,XGBoost,Growth
GP0006-CEF-07,GP0006,Ceftriaxone,8.0,7,0.9980999827384949,Growth,XGBoost,Growth
GP0006-CEF-08,GP0006,Ceftriaxone,16.0,8,0.9941999912261963,Growth,XGBoost,Growth
GP0006-CEF-09,GP0006,Ceftriaxone,32.0,9,0.998199999332428,Growth,XGBoost,Growth
GP0006-CEF-10,GP0006,Ceftriaxone,64.0,10,0.17870000004768372,No Growth,XGBoost,No Growth
GP0006-AMP-01,GP0006,Ampicillin,0.12,1,1.0,Growth,XGBoost,Growth
GP0006-AMP-02,GP0006,Ampicillin,0.25,2,0.9998999834060669,Growth,XGBoost,Growth
GP0006-AMP-03,GP0006,Ampicillin,0.5,3,0.9998000264167786,Growth,XGBoost,Growth
GP0006-AMP-04,GP0006,Ampicillin,1.0,4,0.03880000114440918,No Growth,XGBoost,No Growth
GP0006-AMP-05,GP0006,Ampicillin,2.0,5,0.0020000000949949026,No Growth,XGBoost,No Growth
GP0006-AMP-06,GP0006,Ampicillin,4.0,6,0.0044999998062849045,No Growth,XGBoost,No Growth
GP0006-AMP-07,GP0006,Ampicillin,8.0,7,0.000699999975040555,No Growth,XGBoost,No Growth
GP0006-AMP-08,GP0006,Ampicillin,16.0,8,0.0003000000142492354,No Growth,XGBoost,No Growth
GP0006-AMP-09,GP0006,Ampicillin,32.0,9,0.0006000000284984708,No Growth,XGBoost,No Growth
GP0006-MER-01,GP0006,Meropenem,0.06,1,0.9998999834060669,Growth,XGBoost,Growth
GP0006-MER-02,GP0006,Meropenem,0.12,2,0.9991000294685364,Growth,XGBoost,Growth
GP0006-MER-03,GP0006,Meropenem,0.25,3,0.9998000264167786,Growth,XGBoost,Growth
GP0006-MER-04,GP0006,Meropenem,0.5,4,0.9994999766349792,Growth,XGBoost,Growth
GP0006-MER-05,GP0006,Meropenem,1.0,5,0.9994000196456909,Growth,XGBoost,Growth
GP0006-MER-06,GP0006,Meropenem,2.0,6,0.004999999888241291,No Growth,XGBoost,No Growth
GP0006-MER-07,GP0006,Meropenem,4.0,7,0.0006000000284984708,No Growth,XGBoost,No Growth
GP0006-MER-08,GP0006,Meropenem,8.0,8,9.999999747378752e-05,No Growth,XGBoost,No Growth
GP0006-MER-09,GP0006,Meropenem,16.0,9,0.0010000000474974513,No Growth,XGBoost,No Growth
GP0066-VAN-01,GP0066,Vancomycin,0.25,1,0.9994999766349792,Growth,XGBoost,Growth
GP0066-VAN-02,GP0066,Vancomycin,0.5,2,0.9997000098228455,Growth,XGBoost,Growth
GP0066-VAN-03,GP0066,Vancomycin,1.0,3,0.9997000098228455,Growth,XGBoost,Growth
GP0066-VAN-04,GP0066,Vancomycin,2.0,4,0.9994999766349792,Growth,XGBoost,Growth
GP0066-VAN-05,GP0066,Vancomycin,4.0,5,0.9965000152587891,Growth,XGBoost,Growth
GP0066-VAN-06,GP0066,Vancomycin,8.0,6,0.9916999936103821,Growth,XGBoost,Growth
GP0066-VAN-07,GP0066,Vancomycin,16.0,7,0.987500011920929,Growth,XGBoost,Growth
GP0066-VAN-08,GP0066,Vancomycin,32.0,8,0.9383999705314636,Growth,XGBoost,Growth
GP0066-DAP-01,GP0066,Daptomycin,0.06,1,0.9991000294685364,Growth,XGBoost,Growth
GP0066-DAP-02,GP0066,Daptomycin,0.12,2,0.9995999932289124,Growth,XGBoost,Growth
GP0066-DAP-03,GP0066,Daptomycin,0.25,3,0.9976000189781189,Growth,XGBoost,Growth
GP0066-DAP-04,GP0066,Daptomycin,0.5,4,0.9994999766349792,Growth,XGBoost,Growth
GP0066-DAP-05,GP0066,Daptomycin,1.0,5,0.9966999888420105,Growth,XGBoost,Growth
GP0066-DAP-06,GP0066,Daptomycin,2.0,6,0.9932000041007996,Growth,XGBoost,Growth
GP0066-DAP-07,GP0066,Daptomycin,4.0,7,9.999999747378752e-05,No Growth,XGBoost,No Growth
GP0066-DAP-08,GP0066,Daptomycin,8.0,8,0.0746999979019165,No Growth,XGBoost,No Growth
GP0066-AMP-01,GP0066,Ampicillin,0.12,1,0.9990000128746033,Growth,XGBoost,Growth
GP0066-AMP-02,GP0066,Ampicillin,0.25,2,0.9998000264167786,Growth,XGBoost,Growth
GP0066-AMP-03,GP0066,Ampicillin,0.5,3,0.9995999932289124,Growth,XGBoost,Growth
GP0066-AMP-04,GP0066,Ampicillin,1.0,4,0.9998000264167786,Growth,XGBoost,Growth
GP0066-AMP-05,GP0066,Ampicillin,2.0,5,0.9998000264167786,Growth,XGBoost,Growth
GP0066-AMP-06,GP0066,Ampicillin,4.0,6,0.9991999864578247,Growth,XGBoost,Growth
GP0066-AMP-07,GP0066,Ampicillin,8.0,7,0.5241000056266785,Growth,XGBoost,Growth
GP0066-AMP-08,GP0066,Ampicillin,16.0,8,0.9750000238418579,Growth,XGBoost,Growth
GP0066-AMP-09,GP0066,Ampicillin,32.0,9,0.01209999993443489,No Growth,XGBoost,No Growth
GP0066-MER-01,GP0066,Meropenem,0.06,1,0.9998999834060669,Growth,XGBoost,Growth
GP0066-MER-02,GP0066,Meropenem,0.12,2,0.9998999834060669,Growth,XGBoost,Growth
GP0066-MER-03,GP0066,Meropenem,0.25,3,0.9997000098228455,Growth,XGBoost,Growth
GP0066-MER-04,GP0066,Meropenem,0.5,4,0.9997000098228455,Growth,XGBoost,Growth
GP0066-MER-05,GP0066,Meropenem,1.0,5,0.9997000098228455,Growth,XGBoost,Growth
GP0066-MER-06,GP0066,Meropenem,2.0,6,0.9994999766349792,Growth,XGBoost,Growth
GP0066-MER-07,GP0066,Meropenem,4.0,7,0.9987999796867371,Growth,XGBoost,Growth
GP0066-MER-08,GP0066,Meropenem,8.0,8,0.9965999722480774,Growth,XGBoost,Growth
GP0066-MER-09,GP0066,Meropenem,16.0,9,0.6377000212669373,Growth,XGBoost,Growth
GP0066-OXA-01,GP0066,Oxacillin,0.06,1,0.9998999834060669,Growth,XGBoost,Growth
GP0066-OXA-02,GP0066,Oxacillin,0.12,2,0.9994999766349792,Growth,XGBoost,Growth
GP0066-OXA-03,GP0066,Oxacillin,0.25,3,0.9997000098228455,Growth,XGBoost,Growth
GP0066-OXA-04,GP0066,Oxacillin,0.5,4,0.9970999956130981,Growth,XGBoost,Growth
GP0066-OXA-05,GP0066,Oxacillin,1.0,5,0.9993000030517578,Growth,XGBoost,Growth
GP0066-OXA-06,GP0066,Oxacillin,2.0,6,0.9995999932289124,Growth,XGBoost,Growth
GP0066-OXA-07,GP0066,Oxacillin,4.0,7,0.996999979019165,Growth,XGBoost,Growth
GP0066-OXA-08,GP0066,Oxacillin,8.0,8,0.9850000143051147,Growth,XGBoost,Growth
GP0036-MER-01,GP0036,Meropenem,0.06,1,0.9997000098228455,Growth,XGBoost,Growth
GP0036-MER-02,GP0036,Meropenem,0.12,2,0.9998000264167786,Growth,XGBoost,Growth
GP0036-MER-03,GP0036,Meropenem,0.25,3,0.9972000122070312,Growth,XGBoost,Growth
GP0036-MER-04,GP0036,Meropenem,0.5,4,0.9994999766349792,Growth,XGBoost,Growth
GP0036-MER-05,GP0036,Meropenem,1.0,5,0.9990000128746033,Growth,XGBoost,Growth
GP0036-MER-06,GP0036,Meropenem,2.0,6,0.9990000128746033,Growth,XGBoost,Growth
GP0036-MER-07,GP0036,Meropenem,4.0,7,0.9980000257492065,Growth,XGBoost,Growth
GP0036-MER-08,GP0036,Meropenem,8.0,8,9.999999747378752e-05,No Growth,XGBoost,No Growth
GP0036-MER-09,GP0036,Meropenem,16.0,9,0.05550000071525574,No Growth,XGBoost,No Growth
GP0036-DAP-01,GP0036,Daptomycin,0.06,1,0.9990000128746033,Growth,XGBoost,Growth
GP0036-DAP-02,GP0036,Daptomycin,0.12,2,0.9901000261306763,Growth,XGBoost,Growth
GP0036-DAP-03,GP0036,Daptomycin,0.25,3,0.9990000128746033,Growth,XGBoost,Growth
GP0036-DAP-04,GP0036,Daptomycin,0.5,4,0.8928999900817871,Growth,XGBoost,Growth
GP0036-DAP-05,GP0036,Daptomycin,1.0,5,0.0003000000142492354,No Growth,XGBoost,No Growth
GP0036-DAP-06,GP0036,Daptomycin,2.0,6,9.999999747378752e-05,No Growth,XGBoost,No Growth
GP0036-DAP-07,GP0036,Daptomycin,4.0,7,0.0007999999797903001,No Growth,XGBoost,No Growth
GP0036-DAP-08,GP0036,Daptomycin,8.0,8,9.999999747378752e-05,No Growth,XGBoost,No Growth
GP0036-CEF-01,GP0036,Ceftriaxone,0.12,1,0.9993000030517578,Growth,XGBoost,Growth
GP0036-CEF-02,GP0036,Ceftriaxone,0.25,2,0.9998999834060669,Growth,XGBoost,Growth
GP0036-CEF-03,GP0036,Ceftriaxone,0.5,3,0.9998000264167786,Growth,XGBoost,Growth
GP0036-CEF-04,GP0036,Ceftriaxone,1.0,4,0.9997000098228455,Growth,XGBoost,Growth
GP0036-CEF-05,GP0036,Ceftriaxone,2.0,5,0.9995999932289124,Growth,XGBoost,Growth
GP0036-CEF-06,GP0036,Ceftriaxone,4.0,6,0.9990000128746033,Growth,XGBoost,Growth
GP0036-CEF-07,GP0036,Ceftriaxone,8.0,7,0.7958999872207642,Growth,XGBoost,Growth
GP0036-CEF-08,GP0036,Ceftriaxone,16.0,8,0.9940000176429749,Growth,XGBoost,Growth
GP0036-CEF-09,GP0036,Ceftriaxone,32.0,9,0.120899997651577,No Growth,XGBoost,No Growth
GP0036-CEF-10,GP0036,Ceftriaxone,64.0,10,0.0006000000284984708,No Growth,XGBoost,No Growth
GP0036-VAN-01,GP0036,Vancomycin,0.25,1,0.9993000030517578,Growth,XGBoost,Growth
GP0036-VAN-02,GP0036,Vancomycin,0.5,2,0.9990000128746033,Growth,XGBoost,Growth
GP0036-VAN-03,GP0036,Vancomycin,1.0,3,0.9779999852180481,Growth,XGBoost,Growth
GP0036-VAN-04,GP0036,Vancomycin,2.0,4,0.9991999864578247,Growth,XGBoost,Growth
GP0036-VAN-05,GP0036,Vancomycin,4.0,5,0.9951000213623047,Growth,XGBoost,Growth
GP0036-VAN-06,GP0036,Vancomycin,8.0,6,0.9502999782562256,Growth,XGBoost,Growth
GP0036-VAN-07,GP0036,Vancomycin,16.0,7,0.9908000230789185,Growth,XGBoost,Growth
GP0036-VAN-08,GP0036,Vancomycin,32.0,8,0.0005000000237487257,No Growth,XGBoost,No Growth
GP0036-OXA-01,GP0036,Oxacillin,0.06,1,0.9998000264167786,Growth,XGBoost,Growth
GP0036-OXA-02,GP0036,Oxacillin,0.12,2,0.9994999766349792,Growth,XGBoost,Growth
GP0036-OXA-03,GP0036,Oxacillin,0.25,3,0.9998000264167786,Growth,XGBoost,Growth
GP0036-OXA-04,GP0036,Oxacillin,0.5,4,0.992900013923645,Growth,XGBoost,Growth
GP0036-OXA-05,GP0036,Oxacillin,1.0,5,0.9997000098228455,Growth,XGBoost,Growth
GP0036-OXA-06,GP0036,Oxacillin,2.0,6,0.9721999764442444,Growth,XGBoost,Growth
GP0036-OXA-07,GP0036,Oxacillin,4.0,7,0.9993000030517578,Growth,XGBoost,Growth
GP0036-OXA-08,GP0036,Oxacillin,8.0,8,0.9898999929428101,Growth,XGBoost,Growth
GN0089-CEF-01,GN0089,Ceftriaxone,0.12,1,1.0,Growth,XGBoost,Growth
GN0089-CEF-02,GN0089,Ceftriaxone,0.25,2,0.9998999834060669,Growth,XGBoost,Growth
GN0089-CEF-03,GN0089,Ceftriaxone,0.5,3,0.9995999932289124,Growth,XGBoost,Growth
GN0089-CEF-04,GN0089,Ceftriaxone,1.0,4,0.9998999834060669,Growth,XGBoost,Growth
GN0089-CEF-05,GN0089,Ceftriaxone,2.0,5,0.9991000294685364,Growth,XGBoost,Growth
GN0089-CEF-06,GN0089,Ceftriaxone,4.0,6,0.9997000098228455,Growth,XGBoost,Growth
GN0089-CEF-07,GN0089,Ceftriaxone,8.0,7,0.9994000196456909,Growth,XGBoost,Growth
GN0089-CEF-08,GN0089,Ceftriaxone,16.0,8,0.00019999999494757503,No Growth,XGBoost,No Growth
GN0089-CEF-09,GN0089,Ceftriaxone,32.0,9,0.0,No Growth,XGBoost,No Growth
GN0089-CEF-10,GN0089,Ceftriaxone,64.0,10,9.999999747378752e-05,No Growth,XGBoost,No Growth
GN0089-AMP-01,GN0089,Ampicillin,0.12,1,0.9998999834060669,Growth,XGBoost,Growth
GN0089-AMP-02,GN0089,Ampicillin,0.25,2,0.024399999529123306,No Growth,XGBoost,Growth
GN0089-AMP-03,GN0089,Ampicillin,0.5,3,0.9901000261306763,Growth,XGBoost,Growth
GN0089-AMP-04,GN0089,Ampicillin,1.0,4,0.9998000264167786,Growth,XGBoost,Growth
GN0089-AMP-05,GN0089,Ampicillin,2.0,5,0.9998999834060669,Growth,XGBoost,Growth
GN0089-AMP-06,GN0089,Ampicillin,4.0,6,0.9998999834060669,Growth,XGBoost,Growth
GN0089-AMP-07,GN0089,Ampicillin,8.0,7,0.9965000152587891,Growth,XGBoost,Growth
GN0089-AMP-08,GN0089,Ampicillin,16.0,8,0.9908000230789185,Growth,XGBoost,Growth
GN0089-AMP-09,GN0089,Ampicillin,32.0,9,0.998199999332428,Growth,XGBoost,Growth
GN0089-MER-01,GN0089,Meropenem,0.06,1,0.9998999834060669,Growth,XGBoost,Growth
GN0089-MER-02,GN0089,Meropenem,0.12,2,0.9998999834060669,Growth,XGBoost,Growth
GN0089-MER-03,GN0089,Meropenem,0.25,3,0.9998999834060669,Growth,XGBoost,Growth
GN0089-MER-04,GN0089,Meropenem,0.5,4,0.8641999959945679,Growth,XGBoost,No Growth
GN0089-MER-05,GN0089,Meropenem,1.0,5,0.0,No Growth,XGBoost,No Growth
GN0089-MER-06,GN0089,Meropenem,2.0,6,0.0,No Growth,XGBoost,No Growth
GN0089-MER-07,GN0089,Meropenem,4.0,7,0.00039999998989515007,No Growth,XGBoost,No Growth
GN0089-MER-08,GN0089,Meropenem,8.0,8,0.00019999999494757503,No Growth,XGBoost,No Growth
GN0089-MER-09,GN0089,Meropenem,16.0,9,0.0010000000474974513,No Growth,XGBoost,No Growth
GN0015-AMP-01,GN0015,Ampicillin,0.12,1,1.0,Growth,XGBoost,Growth
GN0015-AMP-02,GN0015,Ampicillin,0.25,2,1.0,Growth,XGBoost,Growth
GN0015-AMP-03,GN0015,Ampicillin,0.5,3,0.9998999834060669,Growth,XGBoost,Growth
GN0015-AMP-04,GN0015,Ampicillin,1.0,4,1.0,Growth,XGBoost,Growth
GN0015-AMP-05,GN0015,Ampicillin,2.0,5,0.9998999834060669,Growth,XGBoost,Growth
GN0015-AMP-06,GN0015,Ampicillin,4.0,6,0.9998999834060669,Growth,XGBoost,Growth
GN0015-AMP-07,GN0015,Ampicillin,8.0,7,0.9998000264167786,Growth,XGBoost,Growth
GN0015-AMP-08,GN0015,Ampicillin,16.0,8,0.9987999796867371,Growth,XGBoost,Growth
GN0015-AMP-09,GN0015,Ampicillin,32.0,9,9.999999747378752e-05,No Growth,XGBoost,No Growth
GN0015-MER-01,GN0015,Meropenem,0.06,1,0.0006000000284984708,No Growth,XGBoost,No Growth
GN0015-MER-02,GN0015,Meropenem,0.12,2,0.00039999998989515007,No Growth,XGBoost,No Growth
GN0015-MER-03,GN0015,Meropenem,0.25,3,0.0,No Growth,XGBoost,No Growth
GN0015-MER-04,GN0015,Meropenem,0.5,4,0.0,No Growth,XGBoost,No Growth
GN0015-MER-05,GN0015,Meropenem,1.0,5,0.0,No Growth,XGBoost,No Growth
GN0015-MER-06,GN0015,Meropenem,2.0,6,0.0019000000320374966,No Growth,XGBoost,No Growth
GN0015-MER-07,GN0015,Meropenem,4.0,7,0.0,No Growth,XGBoost,No Growth
GN0015-MER-08,GN0015,Meropenem,8.0,8,0.0,No Growth,XGBoost,No Growth
GN0015-MER-09,GN0015,Meropenem,16.0,9,0.0,No Growth,XGBoost,No Growth
GN0015-CEF-01,GN0015,Ceftriaxone,0.12,1,0.0010000000474974513,No Growth,XGBoost,No Growth
GN0015-CEF-02,GN0015,Ceftriaxone,0.25,2,0.0,No Growth,XGBoost,No Growth
GN0015-CEF-03,GN0015,Ceftriaxone,0.5,3,0.0,No Growth,XGBoost,No Growth
GN0015-CEF-04,GN0015,Ceftriaxone,1.0,4,0.0,No Growth,XGBoost,No Growth
GN0015-CEF-05,GN0015,Ceftriaxone,2.0,5,9.999999747378752e-05,No Growth,XGBoost,No Growth
GN0015-CEF-06,GN0015,Ceftriaxone,4.0,6,0.0,No Growth,XGBoost,No Growth
GN0015-CEF-07,GN0015,Ceftriaxone,8.0,7,9.999999747378752e-05,No Growth,XGBoost,No Growth
GN0015-CEF-08,GN0015,Ceftriaxone,16.0,8,0.0,No Growth,XGBoost,No Growth
GN0015-CEF-09,GN0015,Ceftriaxone,32.0,9,0.0,No Growth,XGBoost,No Growth
GN0015-CEF-10,GN0015,Ceftriaxone,64.0,10,9.999999747378752e-05,No Growth,XGBoost,No Growth
GP0001-OXA-01,GP0001,Oxacillin,0.06,1,0.9998999834060669,Growth,XGBoost,Growth
GP0001-OXA-02,GP0001,Oxacillin,0.12,2,0.9998999834060669,Growth,XGBoost,Growth
GP0001-OXA-03,GP0001,Oxacillin,0.25,3,0.9998999834060669,Growth,XGBoost,Growth
GP0001-OXA-04,GP0001,Oxacillin,0.5,4,0.9998999834060669,Growth,XGBoost,Growth
GP0001-OXA-05,GP0001,Oxacillin,1.0,5,0.9994999766349792,Growth,XGBoost,Growth
GP0001-OXA-06,GP0001,Oxacillin,2.0,6,0.9994999766349792,Growth,XGBoost,Growth
GP0001-OXA-07,GP0001,Oxacillin,4.0,7,0.9986000061035156,Growth,XGBoost,Growth
GP0001-OXA-08,GP0001,Oxacillin,8.0,8,0.9983999729156494,Growth,XGBoost,Growth
GP0001-VAN-01,GP0001,Vancomycin,0.25,1,0.9994000196456909,Growth,XGBoost,Growth
GP0001-VAN-02,GP0001,Vancomycin,0.5,2,0.9995999932289124,Growth,XGBoost,Growth
GP0001-VAN-03,GP0001,Vancomycin,1.0,3,0.9936000108718872,Growth,XGBoost,Growth
GP0001-VAN-04,GP0001,Vancomycin,2.0,4,0.04399999976158142,No Growth,XGBoost,No Growth
GP0001-VAN-05,GP0001,Vancomycin,4.0,5,0.7091000080108643,Growth,XGBoost,No Growth
GP0001-VAN-06,GP0001,Vancomycin,8.0,6,9.999999747378752e-05,No Growth,XGBoost,No Growth
GP0001-VAN-07,GP0001,Vancomycin,16.0,7,0.14579999446868896,No Growth,XGBoost,No Growth
GP0001-VAN-08,GP0001,Vancomycin,32.0,8,0.0,No Growth,XGBoost,No Growth
GP0001-CEF-01,GP0001,Ceftriaxone,0.12,1,1.0,Growth,XGBoost,Growth
GP0001-CEF-02,GP0001,Ceftriaxone,0.25,2,0.9998999834060669,Growth,XGBoost,Growth
GP0001-CEF-03,GP0001,Ceftriaxone,0.5,3,0.9998999834060669,Growth,XGBoost,Growth
GP0001-CEF-04,GP0001,Ceftriaxone,1.0,4,0.9998999834060669,Growth,XGBoost,Growth
GP0001-CEF-05,GP0001,Ceftriaxone,2.0,5,0.9998000264167786,Growth,XGBoost,Growth
GP0001-CEF-06,GP0001,Ceftriaxone,4.0,6,0.9986000061035156,Growth,XGBoost,Growth
GP0001-CEF-07,GP0001,Ceftriaxone,8.0,7,0.9896000027656555,Growth,XGBoost,Growth
GP0001-CEF-08,GP0001,Ceftriaxone,16.0,8,0.996399998664856,Growth,XGBoost,Growth
GP0001-CEF-09,GP0001,Ceftriaxone,32.0,9,0.9679999947547913,Growth,XGBoost,Growth
GP0001-CEF-10,GP0001,Ceftriaxone,64.0,10,9.999999747378752e-05,No Growth,XGBoost,No Growth
GP0001-DAP-01,GP0001,Daptomycin,0.06,1,0.9998000264167786,Growth,XGBoost,Growth
GP0001-DAP-02,GP0001,Daptomycin,0.12,2,0.9995999932289124,Growth,XGBoost,Growth
GP0001-DAP-03,GP0001,Daptomycin,0.25,3,0.9994999766349792,Growth,XGBoost,Growth
GP0001-DAP-04,GP0001,Daptomycin,0.5,4,0.9997000098228455,Growth,XGBoost,Growth
GP0001-DAP-05,GP0001,Daptomycin,1.0,5,0.9962999820709229,Growth,XGBoost,Growth
GP0001-DAP-06,GP0001,Daptomycin,2.0,6,0.00019999999494757503,No Growth,XGBoost,No Growth
GP0001-DAP-07,GP0001,Daptomycin,4.0,7,0.0,No Growth,XGBoost,No Growth
GP0001-DAP-08,GP0001,Daptomycin,8.0,8,0.0,No Growth,XGBoost,No Growth
GN0120-CEF-01,GN0120,Ceftriaxone,0.12,1,0.9993000030517578,Growth,XGBoost,Growth
GN0120-CEF-02,GN0120,Ceftriaxone,0.25,2,0.9980999827384949,Growth,XGBoost,Growth
GN0120-CEF-03,GN0120,Ceftriaxone,0.5,3,0.9995999932289124,Growth,XGBoost,Growth
GN0120-CEF-04,GN0120,Ceftriaxone,1.0,4,0.9998000264167786,Growth,XGBoost,Growth
GN0120-CEF-05,GN0120,Ceftriaxone,2.0,5,0.9995999932289124,Growth,XGBoost,Growth
GN0120-CEF-06,GN0120,Ceftriaxone,4.0,6,0.9991000294685364,Growth,XGBoost,Growth
GN0120-CEF-07,GN0120,Ceftriaxone,8.0,7,0.9955999851226807,Growth,XGBoost,Growth
GN0120-CEF-08,GN0120,Ceftriaxone,16.0,8,0.9864000082015991,Growth,XGBoost,Growth
GN0120-CEF-09,GN0120,Ceftriaxone,32.0,9,0.9886999726295471,Growth,XGBoost,Growth
GN0120-CEF-10,GN0120,Ceftriaxone,64.0,10,0.8356000185012817,Growth,XGBoost,Growth
GN0120-MER-01,GN0120,Meropenem,0.06,1,0.9980000257492065,Growth,XGBoost,Growth
GN0120-MER-02,GN0120,Meropenem,0.12,2,0.9987000226974487,Growth,XGBoost,Growth
GN0120-MER-03,GN0120,Meropenem,0.25,3,0.9979000091552734,Growth,XGBoost,Growth
GN0120-MER-04,GN0120,Meropenem,0.5,4,0.9970999956130981,Growth,XGBoost,Growth
GN0120-MER-05,GN0120,Meropenem,1.0,5,0.0,No Growth,XGBoost,No Growth
GN0120-MER-06,GN0120,Meropenem,2.0,6,0.0,No Growth,XGBoost,No Growth
GN0120-MER-07,GN0120,Meropenem,4.0,7,0.0,No Growth,XGBoost,No Growth
GN0120-MER-08,GN0120,Meropenem,8.0,8,0.0,No Growth,XGBoost,No Growth
GN0120-MER-09,GN0120,Meropenem,16.0,9,0.000699999975040555,No Growth,XGBoost,No Growth
GP0099-CEF-01,GP0099,Ceftriaxone,0.12,1,0.9998000264167786,Growth,XGBoost,Growth
GP0099-CEF-02,GP0099,Ceftriaxone,0.25,2,0.9965999722480774,Growth,XGBoost,Growth
GP0099-CEF-03,GP0099,Ceftriaxone,0.5,3,0.9997000098228455,Growth,XGBoost,Growth
GP0099-CEF-04,GP0099,Ceftriaxone,1.0,4,0.9994999766349792,Growth,XGBoost,Growth
GP0099-CEF-05,GP0099,Ceftriaxone,2.0,5,0.9957000017166138,Growth,XGBoost,Growth
GP0099-CEF-06,GP0099,Ceftriaxone,4.0,6,0.9977999925613403,Growth,XGBoost,Growth
GP0099-CEF-07,GP0099,Ceftriaxone,8.0,7,0.9904999732971191,Growth,XGBoost,Growth
GP0099-CEF-08,GP0099,Ceftriaxone,16.0,8,0.9879999756813049,Growth,XGBoost,Growth
GP0099-CEF-09,GP0099,Ceftriaxone,32.0,9,0.9379000067710876,Growth,XGBoost,Growth
GP0099-CEF-10,GP0099,Ceftriaxone,64.0,10,0.9972000122070312,Growth,XGBoost,Growth
GP0099-AMP-01,GP0099,Ampicillin,0.12,1,0.9991000294685364,Growth,XGBoost,Growth
GP0099-AMP-02,GP0099,Ampicillin,0.25,2,0.9993000030517578,Growth,XGBoost,Growth
GP0099-AMP-03,GP0099,Ampicillin,0.5,3,0.9998000264167786,Growth,XGBoost,Growth
GP0099-AMP-04,GP0099,Ampicillin,1.0,4,0.9998000264167786,Growth,XGBoost,Growth
GP0099-AMP-05,GP0099,Ampicillin,2.0,5,0.9994000196456909,Growth,XGBoost,Growth
GP0099-AMP-06,GP0099,Ampicillin,4.0,6,0.9987999796867371,Growth,XGBoost,Growth
GP0099-AMP-07,GP0099,Ampicillin,8.0,7,0.01209999993443489,No Growth,XGBoost,No Growth
GP0099-AMP-08,GP0099,Ampicillin,16.0,8,0.0017000000225380063,No Growth,XGBoost,No Growth
GP0099-AMP-09,GP0099,Ampicillin,32.0,9,9.999999747378752e-05,No Growth,XGBoost,No Growth
GP0099-VAN-01,GP0099,Vancomycin,0.25,1,0.9991000294685364,Growth,XGBoost,Growth
GP0099-VAN-02,GP0099,Vancomycin,0.5,2,0.9983000159263611,Growth,XGBoost,Growth
GP0099-VAN-03,GP0099,Vancomycin,1.0,3,0.6776000261306763,Growth,XGBoost,Growth
GP0099-VAN-04,GP0099,Vancomycin,2.0,4,0.0024999999441206455,No Growth,XGBoost,No Growth
GP0099-VAN-05,GP0099,Vancomycin,4.0,5,0.9564999938011169,Growth,XGBoost,No Growth
GP0099-VAN-06,GP0099,Vancomycin,8.0,6,0.07419999688863754,No Growth,XGBoost,No Growth
GP0099-VAN-07,GP0099,Vancomycin,16.0,7,0.0007999999797903001,No Growth,XGBoost,No Growth
GP0099-VAN-08,GP0099,Vancomycin,32.0,8,0.0,No Growth,XGBoost,No Growth
GP0099-OXA-01,GP0099,Oxacillin,0.06,1,0.9998000264167786,Growth,XGBoost,Growth
GP0099-OXA-02,GP0099,Oxacillin,0.12,2,0.9998999834060669,Growth,XGBoost,Growth
GP0099-OXA-03,GP0099,Oxacillin,0.25,3,0.9997000098228455,Growth,XGBoost,Growth
GP0099-OXA-04,GP0099,Oxacillin,0.5,4,0.9991000294685364,Growth,XGBoost,Growth
GP0099-OXA-05,GP0099,Oxacillin,1.0,5,0.9986000061035156,Growth,XGBoost,Growth
GP0099-OXA-06,GP0099,Oxacillin,2.0,6,0.998199999332428,Growth,XGBoost,Growth
GP0099-OXA-07,GP0099,Oxacillin,4.0,7,0.9973000288009644,Growth,XGBoost,Growth
GP0099-OXA-08,GP0099,Oxacillin,8.0,8,0.9833999872207642,Growth,XGBoost,Growth
GP0099-MER-01,GP0099,Meropenem,0.06,1,0.9997000098228455,Growth,XGBoost,Growth
GP0099-MER-02,GP0099,Meropenem,0.12,2,0.9994000196456909,Growth,XGBoost,Growth
GP0099-MER-03,GP0099,Meropenem,0.25,3,0.9995999932289124,Growth,XGBoost,Growth
GP0099-MER-04,GP0099,Meropenem,0.5,4,0.9993000030517578,Growth,XGBoost,Growth
GP0099-MER-05,GP0099,Meropenem,1.0,5,0.9972000122070312,Growth,XGBoost,Growth
GP0099-MER-06,GP0099,Meropenem,2.0,6,0.9980999827384949,Growth,XGBoost,Growth
GP0099-MER-07,GP0099,Meropenem,4.0,7,0.9936000108718872,Growth,XGBoost,Growth
GP0099-MER-08,GP0099,Meropenem,8.0,8,0.00419999985024333,No Growth,XGBoost,No Growth
GP0099-MER-09,GP0099,Meropenem,16.0,9,0.000699999975040555,No Growth,XGBoost,No Growth
GP0062-CEF-01,GP0062,Ceftriaxone,0.12,1,0.9987999796867371,Growth,XGBoost,Growth
GP0062-CEF-02,GP0062,Ceftriaxone,0.25,2,0.9980000257492065,Growth,XGBoost,Growth
GP0062-CEF-03,GP0062,Ceftriaxone,0.5,3,0.9998000264167786,Growth,XGBoost,Growth
GP0062-CEF-04,GP0062,Ceftriaxone,1.0,4,0.8981999754905701,Growth,XGBoost,Growth
GP0062-CEF-05,GP0062,Ceftriaxone,2.0,5,0.9994999766349792,Growth,XGBoost,Growth
GP0062-CEF-06,GP0062,Ceftriaxone,4.0,6,0.9979000091552734,Growth,XGBoost,Growth
GP0062-CEF-07,GP0062,Ceftriaxone,8.0,7,0.9959999918937683,Growth,XGBoost,Growth
GP0062-CEF-08,GP0062,Ceftriaxone,16.0,8,0.9990000128746033,Growth,XGBoost,Growth
GP0062-CEF-09,GP0062,Ceftriaxone,32.0,9,0.0008999999845400453,No Growth,XGBoost,No Growth
GP0062-CEF-10,GP0062,Ceftriaxone,64.0,10,0.00019999999494757503,No Growth,XGBoost,No Growth
GP0062-OXA-01,GP0062,Oxacillin,0.06,1,0.9998000264167786,Growth,XGBoost,Growth
GP0062-OXA-02,GP0062,Oxacillin,0.12,2,0.9984999895095825,Growth,XGBoost,Growth
GP0062-OXA-03,GP0062,Oxacillin,0.25,3,0.9994999766349792,Growth,XGBoost,Growth
GP0062-OXA-04,GP0062,Oxacillin,0.5,4,0.9997000098228455,Growth,XGBoost,Growth
GP0062-OXA-05,GP0062,Oxacillin,1.0,5,0.9980000257492065,Growth,XGBoost,Growth
GP0062-OXA-06,GP0062,Oxacillin,2.0,6,0.984499990940094,Growth,XGBoost,Growth
GP0062-OXA-07,GP0062,Oxacillin,4.0,7,0.9965000152587891,Growth,XGBoost,Growth
GP0062-OXA-08,GP0062,Oxacillin,8.0,8,0.9976999759674072,Growth,XGBoost,Growth
GP0062-MER-01,GP0062,Meropenem,0.06,1,0.9976999759674072,Growth,XGBoost,Growth
GP0062-MER-02,GP0062,Meropenem,0.12,2,0.9998999834060669,Growth,XGBoost,Growth
GP0062-MER-03,GP0062,Meropenem,0.25,3,0.9994999766349792,Growth,XGBoost,Growth
GP0062-MER-04,GP0062,Meropenem,0.5,4,0.996999979019165,Growth,XGBoost,Growth
GP0062-MER-05,GP0062,Meropenem,1.0,5,0.9991999864578247,Growth,XGBoost,Growth
GP0062-MER-06,GP0062,Meropenem,2.0,6,0.7791000008583069,Growth,XGBoost,Growth
GP0062-MER-07,GP0062,Meropenem,4.0,7,0.022299999371170998,No Growth,XGBoost,No Growth
GP0062-MER-08,GP0062,Meropenem,8.0,8,0.002199999988079071,No Growth,XGBoost,No Growth
GP0062-MER-09,GP0062,Meropenem,16.0,9,0.0008999999845400453,No Growth,XGBoost,No Growth
GN0024-MER-01,GN0024,Meropenem,0.06,1,0.02410000003874302,No Growth,XGBoost,No Growth
GN0024-MER-02,GN0024,Meropenem,0.12,2,0.0006000000284984708,No Growth,XGBoost,No Growth
GN0024-MER-03,GN0024,Meropenem,0.25,3,0.0017000000225380063,No Growth,XGBoost,No Growth
GN0024-MER-04,GN0024,Meropenem,0.5,4,0.0,No Growth,XGBoost,No Growth
GN0024-MER-05,GN0024,Meropenem,1.0,5,0.0,No Growth,XGBoost,No Growth
GN0024-MER-06,GN0024,Meropenem,2.0,6,0.10300000011920929,No Growth,XGBoost,No Growth
GN0024-MER-07,GN0024,Meropenem,4.0,7,0.0,No Growth,XGBoost,No Growth
GN0024-MER-08,GN0024,Meropenem,8.0,8,0.0,No Growth,XGBoost,No Growth
GN0024-MER-09,GN0024,Meropenem,16.0,9,0.0,No Growth,XGBoost,No Growth
GN0024-CEF-01,GN0024,Ceftriaxone,0.12,1,0.010300000198185444,No Growth,XGBoost,No Growth
GN0024-CEF-02,GN0024,Ceftriaxone,0.25,2,0.0,No Growth,XGBoost,No Growth
GN0024-CEF-03,GN0024,Ceftriaxone,0.5,3,0.008999999612569809,No Growth,XGBoost,No Growth
GN0024-CEF-04,GN0024,Ceftriaxone,1.0,4,0.0,No Growth,XGBoost,No Growth
GN0024-CEF-05,GN0024,Ceftriaxone,2.0,5,0.0,No Growth,XGBoost,No Growth
GN0024-CEF-06,GN0024,Ceftriaxone,4.0,6,0.002899999963119626,No Growth,XGBoost,No Growth
GN0024-CEF-07,GN0024,Ceftriaxone,8.0,7,0.00039999998989515007,No Growth,XGBoost,No Growth
GN0024-CEF-08,GN0024,Ceftriaxone,16.0,8,0.0052999998442828655,No Growth,XGBoost,No Growth
GN0024-CEF-09,GN0024,Ceftriaxone,32.0,9,0.0,No Growth,XGBoost,No Growth
GN0024-CEF-10,GN0024,Ceftriaxone,64.0,10,0.0007999999797903001,No Growth,XGBoost,No Growth
GN0024-AMP-01,GN0024,Ampicillin,0.12,1,0.9998999834060669,Growth,XGBoost,Growth
GN0024-AMP-02,GN0024,Ampicillin,0.25,2,1.0,Growth,XGBoost,Growth
GN0024-AMP-03,GN0024,Ampicillin,0.5,3,0.9998999834060669,Growth,XGBoost,Growth
GN0024-AMP-04,GN0024,Ampicillin,1.0,4,0.9998999834060669,Growth,XGBoost,Growth
GN0024-AMP-05,GN0024,Ampicillin,2.0,5,0.9998999834060669,Growth,XGBoost,Growth
GN0024-AMP-06,GN0024,Ampicillin,4.0,6,0.9998999834060669,Growth,XGBoost,Growth
GN0024-AMP-07,GN0024,Ampicillin,8.0,7,0.9912999868392944,Growth,XGBoost,Growth
GN0024-AMP-08,GN0024,Ampicillin,16.0,8,0.9997000098228455,Growth,XGBoost,Growth
GN0024-AMP-09,GN0024,Ampicillin,32.0,9,0.9990000128746033,Growth,XGBoost,Growth
GN0146-CEF-01,GN0146,Ceftriaxone,0.12,1,0.00019999999494757503,No Growth,XGBoost,No Growth
GN0146-CEF-02,GN0146,Ceftriaxone,0.25,2,0.0003000000142492354,No Growth,XGBoost,No Growth
GN0146-CEF-03,GN0146,Ceftriaxone,0.5,3,0.0,No Growth,XGBoost,No Growth
GN0146-CEF-04,GN0146,Ceftriaxone,1.0,4,0.0,No Growth,XGBoost,No Growth
GN0146-CEF-05,GN0146,Ceftriaxone,2.0,5,0.0,No Growth,XGBoost,No Growth
GN0146-CEF-06,GN0146,Ceftriaxone,4.0,6,0.0010999999940395355,No Growth,XGBoost,No Growth
GN0146-CEF-07,GN0146,Ceftriaxone,8.0,7,0.059300001710653305,No Growth,XGBoost,No Growth
GN0146-CEF-08,GN0146,Ceftriaxone,16.0,8,0.0,No Growth,XGBoost,No Growth
GN0146-CEF-09,GN0146,Ceftriaxone,32.0,9,0.0010999999940395355,No Growth,XGBoost,No Growth
GN0146-CEF-10,GN0146,Ceftriaxone,64.0,10,0.0,No Growth,XGBoost,No Growth
GP0033-AMP-01,GP0033,Ampicillin,0.12,1,0.9998000264167786,Growth,XGBoost,Growth
GP0033-AMP-02,GP0033,Ampicillin,0.25,2,0.9965999722480774,Growth,XGBoost,Growth
GP0033-AMP-03,GP0033,Ampicillin,0.5,3,0.9965000152587891,Growth,XGBoost,Growth
GP0033-AMP-04,GP0033,Ampicillin,1.0,4,0.9894999861717224,Growth,XGBoost,Growth
GP0033-AMP-05,GP0033,Ampicillin,2.0,5,0.9986000061035156,Growth,XGBoost,Growth
GP0033-AMP-06,GP0033,Ampicillin,4.0,6,0.5958999991416931,Growth,XGBoost,Growth
GP0033-AMP-07,GP0033,Ampicillin,8.0,7,0.9915000200271606,Growth,XGBoost,Growth
GP0033-AMP-08,GP0033,Ampicillin,16.0,8,0.9613000154495239,Growth,XGBoost,Growth
GP0033-AMP-09,GP0033,Ampicillin,32.0,9,0.9825000166893005,Growth,XGBoost,Growth
GP0033-OXA-01,GP0033,Oxacillin,0.06,1,0.9993000030517578,Growth,XGBoost,Growth
GP0033-OXA-02,GP0033,Oxacillin,0.12,2,0.9995999932289124,Growth,XGBoost,Growth
GP0033-OXA-03,GP0033,Oxacillin,0.25,3,0.9936000108718872,Growth,XGBoost,Growth
GP0033-OXA-04,GP0033,Oxacillin,0.5,4,0.9990000128746033,Growth,XGBoost,Growth
GP0033-OXA-05,GP0033,Oxacillin,1.0,5,0.9991000294685364,Growth,XGBoost,Growth
GP0033-OXA-06,GP0033,Oxacillin,2.0,6,0.9991999864578247,Growth,XGBoost,Growth
GP0033-OXA-07,GP0033,Oxacillin,4.0,7,0.984499990940094,Growth,XGBoost,Growth
GP0033-OXA-08,GP0033,Oxacillin,8.0,8,0.9800999760627747,Growth,XGBoost,Growth
GP0033-DAP-01,GP0033,Daptomycin,0.06,1,0.9957000017166138,Growth,XGBoost,Growth
GP0033-DAP-02,GP0033,Daptomycin,0.12,2,0.9988999962806702,Growth,XGBoost,Growth
GP0033-DAP-03,GP0033,Daptomycin,0.25,3,0.000699999975040555,No Growth,XGBoost,No Growth
GP0033-DAP-04,GP0033,Daptomycin,0.5,4,0.000699999975040555,No Growth,XGBoost,No Growth
GP0033-DAP-05,GP0033,Daptomycin,1.0,5,0.003800000064074993,No Growth,XGBoost,No Growth
GP0033-DAP-06,GP0033,Daptomycin,2.0,6,0.00039999998989515007,No Growth,XGBoost,No Growth
GP0033-DAP-07,GP0033,Daptomycin,4.0,7,9.999999747378752e-05,No Growth,XGBoost,No Growth
GP0033-DAP-08,GP0033,Daptomycin,8.0,8,0.0007999999797903001,No Growth,XGBoost,No Growth
GN0041-CEF-01,GN0041,Ceftriaxone,0.12,1,0.0,No Growth,XGBoost,No Growth
GN0041-CEF-02,GN0041,Ceftriaxone,0.25,2,0.0,No Growth,XGBoost,No Growth
GN0041-CEF-03,GN0041,Ceftriaxone,0.5,3,9.999999747378752e-05,No Growth,XGBoost,No Growth
GN0041-CEF-04,GN0041,Ceftriaxone,1.0,4,0.0,No Growth,XGBoost,No Growth
GN0041-CEF-05,GN0041,Ceftriaxone,2.0,5,0.0,No Growth,XGBoost,No Growth
GN0041-CEF-06,GN0041,Ceftriaxone,4.0,6,0.0,No Growth,XGBoost,No Growth
GN0041-CEF-07,GN0041,Ceftriaxone,8.0,7,0.0,No Growth,XGBoost,No Growth
GN0041-CEF-08,GN0041,Ceftriaxone,16.0,8,9.999999747378752e-05,No Growth,XGBoost,No Growth
GN0041-CEF-09,GN0041,Ceftriaxone,32.0,9,9.999999747378752e-05,No Growth,XGBoost,No Growth
GN0041-CEF-10,GN0041,Ceftriaxone,64.0,10,0.0031999999191612005,No Growth,XGBoost,No Growth
GN0041-AMP-01,GN0041,Ampicillin,0.12,1,0.9998999834060669,Growth,XGBoost,Growth
GN0041-AMP-02,GN0041,Ampicillin,0.25,2,0.9995999932289124,Growth,XGBoost,Growth
GN0041-AMP-03,GN0041,Ampicillin,0.5,3,0.9998999834060669,Growth,XGBoost,Growth
GN0041-AMP-04,GN0041,Ampicillin,1.0,4,0.9998999834060669,Growth,XGBoost,Growth
GN0041-AMP-05,GN0041,Ampicillin,2.0,5,0.9965999722480774,Growth,XGBoost,Growth
GN0041-AMP-06,GN0041,Ampicillin,4.0,6,0.0,No Growth,XGBoost,No Growth
GN0041-AMP-07,GN0041,Ampicillin,8.0,7,0.0,No Growth,XGBoost,No Growth
GN0041-AMP-08,GN0041,Ampicillin,16.0,8,0.0,No Growth,XGBoost,No Growth
GN0041-AMP-09,GN0041,Ampicillin,32.0,9,9.999999747378752e-05,No Growth,XGBoost,No Growth
GN0041-MER-01,GN0041,Meropenem,0.06,1,0.003100000089034438,No Growth,XGBoost,No Growth
GN0041-MER-02,GN0041,Meropenem,0.12,2,0.0,No Growth,XGBoost,No Growth
GN0041-MER-03,GN0041,Meropenem,0.25,3,9.999999747378752e-05,No Growth,XGBoost,No Growth
GN0041-MER-04,GN0041,Meropenem,0.5,4,0.0,No Growth,XGBoost,No Growth
GN0041-MER-05,GN0041,Meropenem,1.0,5,0.0,No Growth,XGBoost,No Growth
GN0041-MER-06,GN0041,Meropenem,2.0,6,9.999999747378752e-05,No Growth,XGBoost,No Growth
GN0041-MER-07,GN0041,Meropenem,4.0,7,0.0,No Growth,XGBoost,No Growth
GN0041-MER-08,GN0041,Meropenem,8.0,8,0.0,No Growth,XGBoost,No Growth
GN0041-MER-09,GN0041,Meropenem,16.0,9,0.0,No Growth,XGBoost,No Growth
GN0084-MER-01,GN0084,Meropenem,0.06,1,0.9998999834060669,Growth,XGBoost,Growth
GN0084-MER-02,GN0084,Meropenem,0.12,2,0.9998000264167786,Growth,XGBoost,Growth
GN0084-MER-03,GN0084,Meropenem,0.25,3,0.9997000098228455,Growth,XGBoost,Growth
GN0084-MER-04,GN0084,Meropenem,0.5,4,0.9994999766349792,Growth,XGBoost,Growth
GN0084-MER-05,GN0084,Meropenem,1.0,5,0.0,No Growth,XGBoost,No Growth
GN0084-MER-06,GN0084,Meropenem,2.0,6,0.0,No Growth,XGBoost,No Growth
GN0084-MER-07,GN0084,Meropenem,4.0,7,0.0,No Growth,XGBoost,No Growth
GN0084-MER-08,GN0084,Meropenem,8.0,8,0.0,No Growth,XGBoost,No Growth
GN0084-MER-09,GN0084,Meropenem,16.0,9,0.0,No Growth,XGBoost,No Growth
GN0084-CEF-01,GN0084,Ceftriaxone,0.12,1,0.9998999834060669,Growth,XGBoost,Growth
GN0084-CEF-02,GN0084,Ceftriaxone,0.25,2,0.9998999834060669,Growth,XGBoost,Growth
GN0084-CEF-03,GN0084,Ceftriaxone,0.5,3,0.9995999932289124,Growth,XGBoost,Growth
GN0084-CEF-04,GN0084,Ceftriaxone,1.0,4,0.9998000264167786,Growth,XGBoost,Growth
GN0084-CEF-05,GN0084,Ceftriaxone,2.0,5,0.9990000128746033,Growth,XGBoost,Growth
GN0084-CEF-06,GN0084,Ceftriaxone,4.0,6,0.9994999766349792,Growth,XGBoost,Growth
GN0084-CEF-07,GN0084,Ceftriaxone,8.0,7,0.995199978351593,Growth,XGBoost,Growth
GN0084-CEF-08,GN0084,Ceftriaxone,16.0,8,0.0,No Growth,XGBoost,No Growth
GN0084-CEF-09,GN0084,Ceftriaxone,32.0,9,0.0,No Growth,XGBoost,No Growth
GN0084-CEF-10,GN0084,Ceftriaxone,64.0,10,9.999999747378752e-05,No Growth,XGBoost,No Growth
GN0002-CEF-01,GN0002,Ceftriaxone,0.12,1,0.00039999998989515007,No Growth,XGBoost,No Growth
GN0002-CEF-02,GN0002,Ceftriaxone,0.25,2,0.00019999999494757503,No Growth,XGBoost,No Growth
GN0002-CEF-03,GN0002,Ceftriaxone,0.5,3,9.999999747378752e-05,No Growth,XGBoost,No Growth
GN0002-CEF-04,GN0002,Ceftriaxone,1.0,4,9.999999747378752e-05,No Growth,XGBoost,No Growth
GN0002-CEF-05,GN0002,Ceftriaxone,2.0,5,0.007699999958276749,No Growth,XGBoost,No Growth
GN0002-CEF-06,GN0002,Ceftriaxone,4.0,6,0.0,No Growth,XGBoost,No Growth
GN0002-CEF-07,GN0002,Ceftriaxone,8.0,7,0.00019999999494757503,No Growth,XGBoost,No Growth
GN0002-CEF-08,GN0002,Ceftriaxone,16.0,8,0.0027000000700354576,No Growth,XGBoost,No Growth
GN0002-CEF-09,GN0002,Ceftriaxone,32.0,9,0.0,No Growth,XGBoost,No Growth
GN0002-CEF-10,GN0002,Ceftriaxone,64.0,10,0.0,No Growth,XGBoost,No Growth
GN0002-MER-01,GN0002,Meropenem,0.06,1,0.00019999999494757503,No Growth,XGBoost,No Growth
GN0002-MER-02,GN0002,Meropenem,0.12,2,0.0007999999797903001,No Growth,XGBoost,No Growth
GN0002-MER-03,GN0002,Meropenem,0.25,3,0.0,No Growth,XGBoost,No Growth
GN0002-MER-04,GN0002,Meropenem,0.5,4,0.0,No Growth,XGBoost,No Growth
GN0002-MER-05,GN0002,Meropenem,1.0,5,0.0,No Growth,XGBoost,No Growth
GN0002-MER-06,GN0002,Meropenem,2.0,6,0.0,No Growth,XGBoost,No Growth
GN0002-MER-07,GN0002,Meropenem,4.0,7,0.18520000576972961,No Growth,XGBoost,No Growth
GN0002-MER-08,GN0002,Meropenem,8.0,8,0.0,No Growth,XGBoost,No Growth
GN0002-MER-09,GN0002,Meropenem,16.0,9,0.0007999999797903001,No Growth,XGBoost,No Growth
GN0002-AMP-01,GN0002,Ampicillin,0.12,1,1.0,Growth,XGBoost,Growth
GN0002-AMP-02,GN0002,Ampicillin,0.25,2,0.9998999834060669,Growth,XGBoost,Growth
GN0002-AMP-03,GN0002,Ampicillin,0.5,3,0.9998999834060669,Growth,XGBoost,Growth
GN0002-AMP-04,GN0002,Ampicillin,1.0,4,0.9959999918937683,Growth,XGBoost,Growth
GN0002-AMP-05,GN0002,Ampicillin,2.0,5,0.0003000000142492354,No Growth,XGBoost,No Growth
GN0002-AMP-06,GN0002,Ampicillin,4.0,6,0.00039999998989515007,No Growth,XGBoost,No Growth
GN0002-AMP-07,GN0002,Ampicillin,8.0,7,0.0,No Growth,XGBoost,No Growth
GN0002-AMP-08,GN0002,Ampicillin,16.0,8,0.0015999999595806003,No Growth,XGBoost,No Growth
GN0002-AMP-09,GN0002,Ampicillin,32.0,9,9.999999747378752e-05,No Growth,XGBoost,No Growth
GN0138-CEF-01,GN0138,Ceftriaxone,0.12,1,0.9998000264167786,Growth,XGBoost,Growth
GN0138-CEF-02,GN0138,Ceftriaxone,0.25,2,1.0,Growth,XGBoost,Growth
GN0138-CEF-03,GN0138,Ceftriaxone,0.5,3,0.9998000264167786,Growth,XGBoost,Growth
GN0138-CEF-04,GN0138,Ceftriaxone,1.0,4,0.9998000264167786,Growth,XGBoost,Growth
GN0138-CEF-05,GN0138,Ceftriaxone,2.0,5,0.9998000264167786,Growth,XGBoost,Growth
GN0138-CEF-06,GN0138,Ceftriaxone,4.0,6,0.9997000098228455,Growth,XGBoost,Growth
GN0138-CEF-07,GN0138,Ceftriaxone,8.0,7,0.9200000166893005,Growth,XGBoost,Growth
GN0138-CEF-08,GN0138,Ceftriaxone,16.0,8,0.9997000098228455,Growth,XGBoost,Growth
GN0138-CEF-09,GN0138,Ceftriaxone,32.0,9,0.0,No Growth,XGBoost,No Growth
GN0138-CEF-10,GN0138,Ceftriaxone,64.0,10,0.0,No Growth,XGBoost,No Growth
GN0119-AMP-01,GN0119,Ampicillin,0.12,1,0.9998999834060669,Growth,XGBoost,Growth
GN0119-AMP-02,GN0119,Ampicillin,0.25,2,0.9998000264167786,Growth,XGBoost,Growth
GN0119-AMP-03,GN0119,Ampicillin,0.5,3,0.9998999834060669,Growth,XGBoost,Growth
GN0119-AMP-04,GN0119,Ampicillin,1.0,4,0.9997000098228455,Growth,XGBoost,Growth
GN0119-AMP-05,GN0119,Ampicillin,2.0,5,0.9998000264167786,Growth,XGBoost,Growth
GN0119-AMP-06,GN0119,Ampicillin,4.0,6,0.9968000054359436,Growth,XGBoost,Growth
GN0119-AMP-07,GN0119,Ampicillin,8.0,7,0.9926000237464905,Growth,XGBoost,Growth
GN0119-AMP-08,GN0119,Ampicillin,16.0,8,0.8507000207901001,Growth,XGBoost,Growth
GN0119-AMP-09,GN0119,Ampicillin,32.0,9,0.9990000128746033,Growth,XGBoost,Growth
GN0119-CEF-01,GN0119,Ceftriaxone,0.12,1,0.003000000026077032,No Growth,XGBoost,No Growth
GN0119-CEF-02,GN0119,Ceftriaxone,0.25,2,0.0,No Growth,XGBoost,No Growth
GN0119-CEF-03,GN0119,Ceftriaxone,0.5,3,0.004699999932199717,No Growth,XGBoost,No Growth
GN0119-CEF-04,GN0119,Ceftriaxone,1.0,4,9.999999747378752e-05,No Growth,XGBoost,No Growth
GN0119-CEF-05,GN0119,Ceftriaxone,2.0,5,0.0003000000142492354,No Growth,XGBoost,No Growth
GN0119-CEF-06,GN0119,Ceftriaxone,4.0,6,0.0,No Growth,XGBoost,No Growth
GN0119-CEF-07,GN0119,Ceftriaxone,8.0,7,0.007600000128149986,No Growth,XGBoost,No Growth
GN0119-CEF-08,GN0119,Ceftriaxone,16.0,8,9.999999747378752e-05,No Growth,XGBoost,No Growth
GN0119-CEF-09,GN0119,Ceftriaxone,32.0,9,0.0,No Growth,XGBoost,No Growth
GN0119-CEF-10,GN0119,Ceftriaxone,64.0,10,0.00019999999494757503,No Growth,XGBoost,No Growth
GN0035-AMP-01,GN0035,Ampicillin,0.12,1,0.9998999834060669,Growth,XGBoost,Growth
GN0035-AMP-02,GN0035,Ampicillin,0.25,2,0.9998999834060669,Growth,XGBoost,Growth
GN0035-AMP-03,GN0035,Ampicillin,0.5,3,0.9993000030517578,Growth,XGBoost,Growth
GN0035-AMP-04,GN0035,Ampicillin,1.0,4,0.9973000288009644,Growth,XGBoost,Growth
GN0035-AMP-05,GN0035,Ampicillin,2.0,5,0.9998999834060669,Growth,XGBoost,Growth
GN0035-AMP-06,GN0035,Ampicillin,4.0,6,0.9997000098228455,Growth,XGBoost,Growth
GN0035-AMP-07,GN0035,Ampicillin,8.0,7,0.9997000098228455,Growth,XGBoost,Growth
GN0035-AMP-08,GN0035,Ampicillin,16.0,8,0.9987000226974487,Growth,XGBoost,Growth
GN0035-AMP-09,GN0035,Ampicillin,32.0,9,0.9990000128746033,Growth,XGBoost,Growth
GN0035-MER-01,GN0035,Meropenem,0.06,1,0.9998999834060669,Growth,XGBoost,Growth
GN0035-MER-02,GN0035,Meropenem,0.12,2,0.9995999932289124,Growth,XGBoost,Growth
GN0035-MER-03,GN0035,Meropenem,0.25,3,0.9998000264167786,Growth,XGBoost,Growth
GN0035-MER-04,GN0035,Meropenem,0.5,4,0.998199999332428,Growth,XGBoost,Growth
GN0035-MER-05,GN0035,Meropenem,1.0,5,0.0,No Growth,XGBoost,No Growth
GN0035-MER-06,GN0035,Meropenem,2.0,6,9.999999747378752e-05,No Growth,XGBoost,No Growth
GN0035-MER-07,GN0035,Meropenem,4.0,7,0.0,No Growth,XGBoost,No Growth
GN0035-MER-08,GN0035,Meropenem,8.0,8,0.0,No Growth,XGBoost,No Growth
GN0035-MER-09,GN0035,Meropenem,16.0,9,0.0,No Growth,XGBoost,No Growth
GN0035-CEF-01,GN0035,Ceftriaxone,0.12,1,0.9997000098228455,Growth,XGBoost,Growth
GN0035-CEF-02,GN0035,Ceftriaxone,0.25,2,0.9998999834060669,Growth,XGBoost,Growth
GN0035-CEF-03,GN0035,Ceftriaxone,0.5,3,0.9998000264167786,Growth,XGBoost,Growth
GN0035-CEF-04,GN0035,Ceftriaxone,1.0,4,0.9997000098228455,Growth,XGBoost,Growth
GN0035-CEF-05,GN0035,Ceftriaxone,2.0,5,0.9997000098228455,Growth,XGBoost,Growth
GN0035-CEF-06,GN0035,Ceftriaxone,4.0,6,0.9997000098228455,Growth,XGBoost,Growth
GN0035-CEF-07,GN0035,Ceftriaxone,8.0,7,0.9994999766349792,Growth,XGBoost,Growth
GN0035-CEF-08,GN0035,Ceftriaxone,16.0,8,0.9987999796867371,Growth,XGBoost,Growth
GN0035-CEF-09,GN0035,Ceftriaxone,32.0,9,0.9927999973297119,Growth,XGBoost,Growth
GN0035-CEF-10,GN0035,Ceftriaxone,64.0,10,0.9983999729156494,Growth,XGBoost,Growth
GP0044-OXA-01,GP0044,Oxacillin,0.06,1,0.9997000098228455,Growth,XGBoost,Growth
GP0044-OXA-02,GP0044,Oxacillin,0.12,2,0.9998999834060669,Growth,XGBoost,Growth
GP0044-OXA-03,GP0044,Oxacillin,0.25,3,0.9994000196456909,Growth,XGBoost,Growth
GP0044-OXA-04,GP0044,Oxacillin,0.5,4,0.9994000196456909,Growth,XGBoost,Growth
GP0044-OXA-05,GP0044,Oxacillin,1.0,5,0.9994999766349792,Growth,XGBoost,Growth
GP0044-OXA-06,GP0044,Oxacillin,2.0,6,0.9976000189781189,Growth,XGBoost,Growth
GP0044-OXA-07,GP0044,Oxacillin,4.0,7,0.9995999932289124,Growth,XGBoost,Growth
GP0044-OXA-08,GP0044,Oxacillin,8.0,8,0.9836000204086304,Growth,XGBoost,Growth
GP0044-AMP-01,GP0044,Ampicillin,0.12,1,0.9998999834060669,Growth,XGBoost,Growth
GP0044-AMP-02,GP0044,Ampicillin,0.25,2,1.0,Growth,XGBoost,Growth
GP0044-AMP-03,GP0044,Ampicillin,0.5,3,0.9998999834060669,Growth,XGBoost,Growth
GP0044-AMP-04,GP0044,Ampicillin,1.0,4,0.007199999876320362,No Growth,XGBoost,No Growth
GP0044-AMP-05,GP0044,Ampicillin,2.0,5,0.002199999988079071,No Growth,XGBoost,No Growth
GP0044-AMP-06,GP0044,Ampicillin,4.0,6,0.9922999739646912,Growth,XGBoost,No Growth
GP0044-AMP-07,GP0044,Ampicillin,8.0,7,0.24079999327659607,No Growth,XGBoost,No Growth
GP0044-AMP-08,GP0044,Ampicillin,16.0,8,0.0005000000237487257,No Growth,XGBoost,No Growth
GP0044-AMP-09,GP0044,Ampicillin,32.0,9,0.00019999999494757503,No Growth,XGBoost,No Growth
GP0044-CEF-01,GP0044,Ceftriaxone,0.12,1,0.9998999834060669,Growth,XGBoost,Growth
GP0044-CEF-02,GP0044,Ceftriaxone,0.25,2,0.9980000257492065,Growth,XGBoost,Growth
GP0044-CEF-03,GP0044,Ceftriaxone,0.5,3,0.9998999834060669,Growth,XGBoost,Growth
GP0044-CEF-04,GP0044,Ceftriaxone,1.0,4,0.9997000098228455,Growth,XGBoost,Growth
GP0044-CEF-05,GP0044,Ceftriaxone,2.0,5,0.9993000030517578,Growth,XGBoost,Growth
GP0044-CEF-06,GP0044,Ceftriaxone,4.0,6,0.9994999766349792,Growth,XGBoost,Growth
GP0044-CEF-07,GP0044,Ceftriaxone,8.0,7,0.9991999864578247,Growth,XGBoost,Growth
GP0044-CEF-08,GP0044,Ceftriaxone,16.0,8,0.9957000017166138,Growth,XGBoost,Growth
GP0044-CEF-09,GP0044,Ceftriaxone,32.0,9,0.0008999999845400453,No Growth,XGBoost,No Growth
GP0044-CEF-10,GP0044,Ceftriaxone,64.0,10,0.00039999998989515007,No Growth,XGBoost,No Growth
GP0004-AMP-01,GP0004,Ampicillin,0.12,1,0.9994000196456909,Growth,XGBoost,Growth
GP0004-AMP-02,GP0004,Ampicillin,0.25,2,0.9998999834060669,Growth,XGBoost,Growth
GP0004-AMP-03,GP0004,Ampicillin,0.5,3,0.9998000264167786,Growth,XGBoost,Growth
GP0004-AMP-04,GP0004,Ampicillin,1.0,4,0.9994000196456909,Growth,XGBoost,Growth
GP0004-AMP-05,GP0004,Ampicillin,2.0,5,0.9988999962806702,Growth,XGBoost,Growth
GP0004-AMP-06,GP0004,Ampicillin,4.0,6,0.996399998664856,Growth,XGBoost,Growth
GP0004-AMP-07,GP0004,Ampicillin,8.0,7,0.9980000257492065,Growth,XGBoost,Growth
GP0004-AMP-08,GP0004,Ampicillin,16.0,8,0.009499999694526196,No Growth,XGBoost,No Growth
GP0004-AMP-09,GP0004,Ampicillin,32.0,9,0.0005000000237487257,No Growth,XGBoost,No Growth
GP0004-MER-01,GP0004,Meropenem,0.06,1,0.0027000000700354576,No Growth,XGBoost,No Growth
GP0004-MER-02,GP0004,Meropenem,0.12,2,0.003599999938160181,No Growth,XGBoost,No Growth
GP0004-MER-03,GP0004,Meropenem,0.25,3,0.005200000014156103,No Growth,XGBoost,No Growth
GP0004-MER-04,GP0004,Meropenem,0.5,4,0.0010000000474974513,No Growth,XGBoost,No Growth
GP0004-MER-05,GP0004,Meropenem,1.0,5,0.0005000000237487257,No Growth,XGBoost,No Growth
GP0004-MER-06,GP0004,Meropenem,2.0,6,0.00019999999494757503,No Growth,XGBoost,No Growth
GP0004-MER-07,GP0004,Meropenem,4.0,7,0.00019999999494757503,No Growth,XGBoost,No Growth
GP0004-MER-08,GP0004,Meropenem,8.0,8,0.0,No Growth,XGBoost,No Growth
GP0004-MER-09,GP0004,Meropenem,16.0,9,9.999999747378752e-05,No Growth,XGBoost,No Growth
GP0004-CEF-01,GP0004,Ceftriaxone,0.12,1,0.9995999932289124,Growth,XGBoost,Growth
GP0004-CEF-02,GP0004,Ceftriaxone,0.25,2,0.9998999834060669,Growth,XGBoost,Growth
GP0004-CEF-03,GP0004,Ceftriaxone,0.5,3,0.9991000294685364,Growth,XGBoost,Growth
GP0004-CEF-04,GP0004,Ceftriaxone,1.0,4,0.9998000264167786,Growth,XGBoost,Growth
GP0004-CEF-05,GP0004,Ceftriaxone,2.0,5,0.29580000042915344,No Growth,XGBoost,Growth
GP0004-CEF-06,GP0004,Ceftriaxone,4.0,6,0.00019999999494757503,No Growth,XGBoost,No Growth
GP0004-CEF-07,GP0004,Ceftriaxone,8.0,7,0.0003000000142492354,No Growth,XGBoost,No Growth
GP0004-CEF-08,GP0004,Ceftriaxone,16.0,8,9.999999747378752e-05,No Growth,XGBoost,No Growth
GP0004-CEF-09,GP0004,Ceftriaxone,32.0,9,0.0,No Growth,XGBoost,No Growth
GP0004-CEF-10,GP0004,Ceftriaxone,64.0,10,0.0026000000070780516,No Growth,XGBoost,No Growth
GP0004-VAN-01,GP0004,Vancomycin,0.25,1,0.9991000294685364,Growth,XGBoost,Growth
GP0004-VAN-02,GP0004,Vancomycin,0.5,2,0.9955999851226807,Growth,XGBoost,Growth
GP0004-VAN-03,GP0004,Vancomycin,1.0,3,0.000699999975040555,No Growth,XGBoost,No Growth
GP0004-VAN-04,GP0004,Vancomycin,2.0,4,0.002300000051036477,No Growth,XGBoost,No Growth
GP0004-VAN-05,GP0004,Vancomycin,4.0,5,9.999999747378752e-05,No Growth,XGBoost,No Growth
GP0004-VAN-06,GP0004,Vancomycin,8.0,6,9.999999747378752e-05,No Growth,XGBoost,No Growth
GP0004-VAN-07,GP0004,Vancomycin,16.0,7,0.0,No Growth,XGBoost,No Growth
GP0004-VAN-08,GP0004,Vancomycin,32.0,8,9.999999747378752e-05,No Growth,XGBoost,No Growth
GP0004-DAP-01,GP0004,Daptomycin,0.06,1,0.5891000032424927,Growth,XGBoost,Growth
GP0004-DAP-02,GP0004,Daptomycin,0.12,2,0.0625,No Growth,XGBoost,No Growth
GP0004-DAP-03,GP0004,Daptomycin,0.25,3,0.002899999963119626,No Growth,XGBoost,No Growth
GP0004-DAP-04,GP0004,Daptomycin,0.5,4,0.002300000051036477,No Growth,XGBoost,No Growth
GP0004-DAP-05,GP0004,Daptomycin,1.0,5,0.006200000178068876,No Growth,XGBoost,No Growth
GP0004-DAP-06,GP0004,Daptomycin,2.0,6,0.00019999999494757503,No Growth,XGBoost,No Growth
GP0004-DAP-07,GP0004,Daptomycin,4.0,7,9.999999747378752e-05,No Growth,XGBoost,No Growth
GP0004-DAP-08,GP0004,Daptomycin,8.0,8,0.0,No Growth,XGBoost,No Growth
GN0007-AMP-01,GN0007,Ampicillin,0.12,1,1.0,Growth,XGBoost,Growth
GN0007-AMP-02,GN0007,Ampicillin,0.25,2,1.0,Growth,XGBoost,Growth
GN0007-AMP-03,GN0007,Ampicillin,0.5,3,1.0,Growth,XGBoost,Growth
GN0007-AMP-04,GN0007,Ampicillin,1.0,4,0.9998999834060669,Growth,XGBoost,Growth
GN0007-AMP-05,GN0007,Ampicillin,2.0,5,0.9998999834060669,Growth,XGBoost,Growth
GN0007-AMP-06,GN0007,Ampicillin,4.0,6,0.9995999932289124,Growth,XGBoost,Growth
GN0007-AMP-07,GN0007,Ampicillin,8.0,7,0.9998000264167786,Growth,XGBoost,Growth
GN0007-AMP-08,GN0007,Ampicillin,16.0,8,0.9994000196456909,Growth,XGBoost,Growth
GN0007-AMP-09,GN0007,Ampicillin,32.0,9,0.9484999775886536,Growth,XGBoost,Growth
GN0007-MER-01,GN0007,Meropenem,0.06,1,0.0,No Growth,XGBoost,No Growth
GN0007-MER-02,GN0007,Meropenem,0.12,2,0.0,No Growth,XGBoost,No Growth
GN0007-MER-03,GN0007,Meropenem,0.25,3,9.999999747378752e-05,No Growth,XGBoost,No Growth
GN0007-MER-04,GN0007,Meropenem,0.5,4,0.0,No Growth,XGBoost,No Growth
GN0007-MER-05,GN0007,Meropenem,1.0,5,0.0,No Growth,XGBoost,No Growth
GN0007-MER-06,GN0007,Meropenem,2.0,6,0.0,No Growth,XGBoost,No Growth
GN0007-MER-07,GN0007,Meropenem,4.0,7,0.0,No Growth,XGBoost,No Growth
GN0007-MER-08,GN0007,Meropenem,8.0,8,0.0,No Growth,XGBoost,No Growth
GN0007-MER-09,GN0007,Meropenem,16.0,9,0.0,No Growth,XGBoost,No Growth
GN0116-CEF-01,GN0116,Ceftriaxone,0.12,1,0.0,No Growth,XGBoost,No Growth
GN0116-CEF-02,GN0116,Ceftriaxone,0.25,2,0.0,No Growth,XGBoost,No Growth
GN0116-CEF-03,GN0116,Ceftriaxone,0.5,3,0.00039999998989515007,No Growth,XGBoost,No Growth
GN0116-CEF-04,GN0116,Ceftriaxone,1.0,4,0.00019999999494757503,No Growth,XGBoost,No Growth
GN0116-CEF-05,GN0116,Ceftriaxone,2.0,5,0.0,No Growth,XGBoost,No Growth
GN0116-CEF-06,GN0116,Ceftriaxone,4.0,6,0.0,No Growth,XGBoost,No Growth
GN0116-CEF-07,GN0116,Ceftriaxone,8.0,7,9.999999747378752e-05,No Growth,XGBoost,No Growth
GN0116-CEF-08,GN0116,Ceftriaxone,16.0,8,0.0,No Growth,XGBoost,No Growth
GN0116-CEF-09,GN0116,Ceftriaxone,32.0,9,0.0,No Growth,XGBoost,No Growth
GN0116-CEF-10,GN0116,Ceftriaxone,64.0,10,0.0,No Growth,XGBoost,No Growth
GN0116-MER-01,GN0116,Meropenem,0.06,1,0.0,No Growth,XGBoost,No Growth
GN0116-MER-02,GN0116,Meropenem,0.12,2,0.0003000000142492354,No Growth,XGBoost,No Growth
GN0116-MER-03,GN0116,Meropenem,0.25,3,0.0,No Growth,XGBoost,No Growth
GN0116-MER-04,GN0116,Meropenem,0.5,4,0.0,No Growth,XGBoost,No Growth
GN0116-MER-05,GN0116,Meropenem,1.0,5,0.0,No Growth,XGBoost,No Growth
GN0116-MER-06,GN0116,Meropenem,2.0,6,0.00019999999494757503,No Growth,XGBoost,No Growth
GN0116-MER-07,GN0116,Meropenem,4.0,7,0.0,No Growth,XGBoost,No Growth
GN0116-MER-08,GN0116,Meropenem,8.0,8,9.999999747378752e-05,No Growth,XGBoost,No Growth
GN0116-MER-09,GN0116,Meropenem,16.0,9,0.0,No Growth,XGBoost,No Growth
GP0008-DAP-01,GP0008,Daptomycin,0.06,1,0.9986000061035156,Growth,XGBoost,Growth
GP0008-DAP-02,GP0008,Daptomycin,0.12,2,0.9994999766349792,Growth,XGBoost,Growth
GP0008-DAP-03,GP0008,Daptomycin,0.25,3,0.9969000220298767,Growth,XGBoost,Growth
GP0008-DAP-04,GP0008,Daptomycin,0.5,4,0.02199999988079071,No Growth,XGBoost,No Growth
GP0008-DAP-05,GP0008,Daptomycin,1.0,5,0.552299976348877,Growth,XGBoost,No Growth
GP0008-DAP-06,GP0008,Daptomycin,2.0,6,0.0,No Growth,XGBoost,No Growth
GP0008-DAP-07,GP0008,Daptomycin,4.0,7,0.000699999975040555,No Growth,XGBoost,No Growth
GP0008-DAP-08,GP0008,Daptomycin,8.0,8,0.0,No Growth,XGBoost,No Growth
GP0008-MER-01,GP0008,Meropenem,0.06,1,0.9993000030517578,Growth,XGBoost,Growth
GP0008-MER-02,GP0008,Meropenem,0.12,2,0.4041999876499176,No Growth,XGBoost,No Growth
GP0008-MER-03,GP0008,Meropenem,0.25,3,0.002400000113993883,No Growth,XGBoost,No Growth
GP0008-MER-04,GP0008,Meropenem,0.5,4,0.002899999963119626,No Growth,XGBoost,No Growth
GP0008-MER-05,GP0008,Meropenem,1.0,5,0.000699999975040555,No Growth,XGBoost,No Growth
GP0008-MER-06,GP0008,Meropenem,2.0,6,0.0008999999845400453,No Growth,XGBoost,No Growth
GP0008-MER-07,GP0008,Meropenem,4.0,7,9.999999747378752e-05,No Growth,XGBoost,No Growth
GP0008-MER-08,GP0008,Meropenem,8.0,8,0.017999999225139618,No Growth,XGBoost,No Growth
GP0008-MER-09,GP0008,Meropenem,16.0,9,9.999999747378752e-05,No Growth,XGBoost,No Growth
GP0008-OXA-01,GP0008,Oxacillin,0.06,1,0.028200000524520874,No Growth,XGBoost,No Growth
GP0008-OXA-02,GP0008,Oxacillin,0.12,2,0.006899999920278788,No Growth,XGBoost,No Growth
GP0008-OXA-03,GP0008,Oxacillin,0.25,3,0.0010999999940395355,No Growth,XGBoost,No Growth
GP0008-OXA-04,GP0008,Oxacillin,0.5,4,0.0006000000284984708,No Growth,XGBoost,No Growth
GP0008-OXA-05,GP0008,Oxacillin,1.0,5,0.0017999999690800905,No Growth,XGBoost,No Growth
GP0008-OXA-06,GP0008,Oxacillin,2.0,6,0.0024999999441206455,No Growth,XGBoost,No Growth
GP0008-OXA-07,GP0008,Oxacillin,4.0,7,0.00019999999494757503,No Growth,XGBoost,No Growth
GP0008-OXA-08,GP0008,Oxacillin,8.0,8,9.999999747378752e-05,No Growth,XGBoost,No Growth
GP0009-CEF-01,GP0009,Ceftriaxone,0.12,1,0.9993000030517578,Growth,XGBoost,Growth
GP0009-CEF-02,GP0009,Ceftriaxone,0.25,2,1.0,Growth,XGBoost,Growth
GP0009-CEF-03,GP0009,Ceftriaxone,0.5,3,0.9998999834060669,Growth,XGBoost,Growth
GP0009-CEF-04,GP0009,Ceftriaxone,1.0,4,0.9994999766349792,Growth,XGBoost,Growth
GP0009-CEF-05,GP0009,Ceftriaxone,2.0,5,0.9991000294685364,Growth,XGBoost,Growth
GP0009-CEF-06,GP0009,Ceftriaxone,4.0,6,0.9977999925613403,Growth,XGBoost,Growth
GP0009-CEF-07,GP0009,Ceftriaxone,8.0,7,0.9919999837875366,Growth,XGBoost,Growth
GP0009-CEF-08,GP0009,Ceftriaxone,16.0,8,0.9918000102043152,Growth,XGBoost,Growth
GP0009-CEF-09,GP0009,Ceftriaxone,32.0,9,0.9969000220298767,Growth,XGBoost,Growth
GP0009-CEF-10,GP0009,Ceftriaxone,64.0,10,0.9545000195503235,Growth,XGBoost,Growth
GP0009-MER-01,GP0009,Meropenem,0.06,1,0.9998999834060669,Growth,XGBoost,Growth
GP0009-MER-02,GP0009,Meropenem,0.12,2,0.9995999932289124,Growth,XGBoost,Growth
GP0009-MER-03,GP0009,Meropenem,0.25,3,0.9997000098228455,Growth,XGBoost,Growth
GP0009-MER-04,GP0009,Meropenem,0.5,4,0.9990000128746033,Growth,XGBoost,Growth
GP0009-MER-05,GP0009,Meropenem,1.0,5,0.9991000294685364,Growth,XGBoost,Growth
GP0009-MER-06,GP0009,Meropenem,2.0,6,0.9997000098228455,Growth,XGBoost,Growth
GP0009-MER-07,GP0009,Meropenem,4.0,7,0.9851999878883362,Growth,XGBoost,Growth
GP0009-MER-08,GP0009,Meropenem,8.0,8,0.004000000189989805,No Growth,XGBoost,No Growth
GP0009-MER-09,GP0009,Meropenem,16.0,9,0.0005000000237487257,No Growth,XGBoost,No Growth
GP0009-AMP-01,GP0009,Ampicillin,0.12,1,0.9997000098228455,Growth,XGBoost,Growth
GP0009-AMP-02,GP0009,Ampicillin,0.25,2,0.9994999766349792,Growth,XGBoost,Growth
GP0009-AMP-03,GP0009,Ampicillin,0.5,3,0.9994999766349792,Growth,XGBoost,Growth
GP0009-AMP-04,GP0009,Ampicillin,1.0,4,0.9991999864578247,Growth,XGBoost,Growth
GP0009-AMP-05,GP0009,Ampicillin,2.0,5,0.9969000220298767,Growth,XGBoost,Growth
GP0009-AMP-06,GP0009,Ampicillin,4.0,6,0.01679999940097332,No Growth,XGBoost,No Growth
GP0009-AMP-07,GP0009,Ampicillin,8.0,7,0.0010000000474974513,No Growth,XGBoost,No Growth
GP0009-AMP-08,GP0009,Ampicillin,16.0,8,0.000699999975040555,No Growth,XGBoost,No Growth
GP0009-AMP-09,GP0009,Ampicillin,32.0,9,0.0006000000284984708,No Growth,XGBoost,No Growth
GP0009-OXA-01,GP0009,Oxacillin,0.06,1,0.9994000196456909,Growth,XGBoost,Growth
GP0009-OXA-02,GP0009,Oxacillin,0.12,2,0.9995999932289124,Growth,XGBoost,Growth
GP0009-OXA-03,GP0009,Oxacillin,0.25,3,0.9998000264167786,Growth,XGBoost,Growth
GP0009-OXA-04,GP0009,Oxacillin,0.5,4,0.9958000183105469,Growth,XGBoost,Growth
GP0009-OXA-05,GP0009,Oxacillin,1.0,5,0.9994999766349792,Growth,XGBoost,Growth
GP0009-OXA-06,GP0009,Oxacillin,2.0,6,0.9980999827384949,Growth,XGBoost,Growth
GP0009-OXA-07,GP0009,Oxacillin,4.0,7,0.9957000017166138,Growth,XGBoost,Growth
GP0009-OXA-08,GP0009,Oxacillin,8.0,8,0.9789000153541565,Growth,XGBoost,Growth
GN0040-AMP-01,GN0040,Ampicillin,0.12,1,1.0,Growth,XGBoost,Growth
GN0040-AMP-02,GN0040,Ampicillin,0.25,2,1.0,Growth,XGBoost,Growth
GN0040-AMP-03,GN0040,Ampicillin,0.5,3,1.0,Growth,XGBoost,Growth
GN0040-AMP-04,GN0040,Ampicillin,1.0,4,1.0,Growth,XGBoost,Growth
GN0040-AMP-05,GN0040,Ampicillin,2.0,5,0.9994000196456909,Growth,XGBoost,Growth
GN0040-AMP-06,GN0040,Ampicillin,4.0,6,0.9998999834060669,Growth,XGBoost,Growth
GN0040-AMP-07,GN0040,Ampicillin,8.0,7,0.9998000264167786,Growth,XGBoost,Growth
GN0040-AMP-08,GN0040,Ampicillin,16.0,8,0.005499999970197678,No Growth,XGBoost,No Growth
GN0040-AMP-09,GN0040,Ampicillin,32.0,9,0.0034000000450760126,No Growth,XGBoost,No Growth
GN0040-MER-01,GN0040,Meropenem,0.06,1,0.0,No Growth,XGBoost,No Growth
GN0040-MER-02,GN0040,Meropenem,0.12,2,0.0006000000284984708,No Growth,XGBoost,No Growth
GN0040-MER-03,GN0040,Meropenem,0.25,3,0.0,No Growth,XGBoost,No Growth
GN0040-MER-04,GN0040,Meropenem,0.5,4,0.0,No Growth,XGBoost,No Growth
GN0040-MER-05,GN0040,Meropenem,1.0,5,0.00039999998989515007,No Growth,XGBoost,No Growth
GN0040-MER-06,GN0040,Meropenem,2.0,6,0.0008999999845400453,No Growth,XGBoost,No Growth
GN0040-MER-07,GN0040,Meropenem,4.0,7,0.0,No Growth,XGBoost,No Growth
GN0040-MER-08,GN0040,Meropenem,8.0,8,0.0,No Growth,XGBoost,No Growth
GN0040-MER-09,GN0040,Meropenem,16.0,9,0.0,No Growth,XGBoost,No Growth
GP0073-VAN-01,GP0073,Vancomycin,0.25,1,0.9997000098228455,Growth,XGBoost,Growth
GP0073-VAN-02,GP0073,Vancomycin,0.5,2,0.9965000152587891,Growth,XGBoost,Growth
GP0073-VAN-03,GP0073,Vancomycin,1.0,3,0.008799999952316284,No Growth,XGBoost,No Growth
GP0073-VAN-04,GP0073,Vancomycin,2.0,4,0.002300000051036477,No Growth,XGBoost,No Growth
GP0073-VAN-05,GP0073,Vancomycin,4.0,5,0.0,No Growth,XGBoost,No Growth
GP0073-VAN-06,GP0073,Vancomycin,8.0,6,0.0,No Growth,XGBoost,No Growth
GP0073-VAN-07,GP0073,Vancomycin,16.0,7,9.999999747378752e-05,No Growth,XGBoost,No Growth
GP0073-VAN-08,GP0073,Vancomycin,32.0,8,0.000699999975040555,No Growth,XGBoost,No Growth
GP0073-OXA-01,GP0073,Oxacillin,0.06,1,0.9986000061035156,Growth,XGBoost,Growth
GP0073-OXA-02,GP0073,Oxacillin,0.12,2,0.9936000108718872,Growth,XGBoost,Growth
GP0073-OXA-03,GP0073,Oxacillin,0.25,3,0.01850000023841858,No Growth,XGBoost,No Growth
GP0073-OXA-04,GP0073,Oxacillin,0.5,4,0.0012000000569969416,No Growth,XGBoost,No Growth
GP0073-OXA-05,GP0073,Oxacillin,1.0,5,0.00019999999494757503,No Growth,XGBoost,No Growth
GP0073-OXA-06,GP0073,Oxacillin,2.0,6,9.999999747378752e-05,No Growth,XGBoost,No Growth
GP0073-OXA-07,GP0073,Oxacillin,4.0,7,9.999999747378752e-05,No Growth,XGBoost,No Growth
GP0073-OXA-08,GP0073,Oxacillin,8.0,8,0.004600000102072954,No Growth,XGBoost,No Growth
GP0073-AMP-01,GP0073,Ampicillin,0.12,1,0.01899999938905239,No Growth,XGBoost,No Growth
GP0073-AMP-02,GP0073,Ampicillin,0.25,2,0.01889999955892563,No Growth,XGBoost,No Growth
GP0073-AMP-03,GP0073,Ampicillin,0.5,3,0.006899999920278788,No Growth,XGBoost,No Growth
GP0073-AMP-04,GP0073,Ampicillin,1.0,4,0.007799999788403511,No Growth,XGBoost,No Growth
GP0073-AMP-05,GP0073,Ampicillin,2.0,5,0.009800000116229057,No Growth,XGBoost,No Growth
GP0073-AMP-06,GP0073,Ampicillin,4.0,6,0.020500000566244125,No Growth,XGBoost,No Growth
GP0073-AMP-07,GP0073,Ampicillin,8.0,7,9.999999747378752e-05,No Growth,XGBoost,No Growth
GP0073-AMP-08,GP0073,Ampicillin,16.0,8,0.2752000093460083,No Growth,XGBoost,No Growth
GP0073-AMP-09,GP0073,Ampicillin,32.0,9,0.6463000178337097,Growth,XGBoost,No Growth
GP0073-DAP-01,GP0073,Daptomycin,0.06,1,0.9993000030517578,Growth,XGBoost,Growth
GP0073-DAP-02,GP0073,Daptomycin,0.12,2,0.9976999759674072,Growth,XGBoost,Growth
GP0073-DAP-03,GP0073,Daptomycin,0.25,3,0.0010999999940395355,No Growth,XGBoost,No Growth
GP0073-DAP-04,GP0073,Daptomycin,0.5,4,0.003100000089034438,No Growth,XGBoost,No Growth
GP0073-DAP-05,GP0073,Daptomycin,1.0,5,9.999999747378752e-05,No Growth,XGBoost,No Growth
GP0073-DAP-06,GP0073,Daptomycin,2.0,6,9.999999747378752e-05,No Growth,XGBoost,No Growth
GP0073-DAP-07,GP0073,Daptomycin,4.0,7,9.999999747378752e-05,No Growth,XGBoost,No Growth
GP0073-DAP-08,GP0073,Daptomycin,8.0,8,0.0006000000284984708,No Growth,XGBoost,No Growth
GP0073-MER-01,GP0073,Meropenem,0.06,1,0.9998000264167786,Growth,XGBoost,Growth
GP0073-MER-02,GP0073,Meropenem,0.12,2,0.003000000026077032,No Growth,XGBoost,No Growth
GP0073-MER-03,GP0073,Meropenem,0.25,3,0.0017999999690800905,No Growth,XGBoost,No Growth
GP0073-MER-04,GP0073,Meropenem,0.5,4,0.0031999999191612005,No Growth,XGBoost,No Growth
GP0073-MER-05,GP0073,Meropenem,1.0,5,0.00019999999494757503,No Growth,XGBoost,No Growth
GP0073-MER-06,GP0073,Meropenem,2.0,6,0.0024999999441206455,No Growth,XGBoost,No Growth
GP0073-MER-07,GP0073,Meropenem,4.0,7,0.00039999998989515007,No Growth,XGBoost,No Growth
GP0073-MER-08,GP0073,Meropenem,8.0,8,0.0024999999441206455,No Growth,XGBoost,No Growth
GP0073-MER-09,GP0073,Meropenem,16.0,9,0.0010999999940395355,No Growth,XGBoost,No Growth
GN0114-CEF-01,GN0114,Ceftriaxone,0.12,1,0.0007999999797903001,No Growth,XGBoost,No Growth
GN0114-CEF-02,GN0114,Ceftriaxone,0.25,2,0.00019999999494757503,No Growth,XGBoost,No Growth
GN0114-CEF-03,GN0114,Ceftriaxone,0.5,3,0.0013000000035390258,No Growth,XGBoost,No Growth
GN0114-CEF-04,GN0114,Ceftriaxone,1.0,4,0.5249999761581421,Growth,XGBoost,No Growth
GN0114-CEF-05,GN0114,Ceftriaxone,2.0,5,0.0,No Growth,XGBoost,No Growth
GN0114-CEF-06,GN0114,Ceftriaxone,4.0,6,0.0,No Growth,XGBoost,No Growth
GN0114-CEF-07,GN0114,Ceftriaxone,8.0,7,0.0,No Growth,XGBoost,No Growth
GN0114-CEF-08,GN0114,Ceftriaxone,16.0,8,0.0,No Growth,XGBoost,No Growth
GN0114-CEF-09,GN0114,Ceftriaxone,32.0,9,0.0,No Growth,XGBoost,No Growth
GN0114-CEF-10,GN0114,Ceftriaxone,64.0,10,0.0,No Growth,XGBoost,No Growth
GN0114-MER-01,GN0114,Meropenem,0.06,1,9.999999747378752e-05,No Growth,XGBoost,No Growth
GN0114-MER-02,GN0114,Meropenem,0.12,2,0.0,No Growth,XGBoost,No Growth
GN0114-MER-03,GN0114,Meropenem,0.25,3,0.0,No Growth,XGBoost,No Growth
GN0114-MER-04,GN0114,Meropenem,0.5,4,0.0,No Growth,XGBoost,No Growth
GN0114-MER-05,GN0114,Meropenem,1.0,5,0.0,No Growth,XGBoost,No Growth
GN0114-MER-06,GN0114,Meropenem,2.0,6,0.0,No Growth,XGBoost,No Growth
GN0114-MER-07,GN0114,Meropenem,4.0,7,0.0,No Growth,XGBoost,No Growth
GN0114-MER-08,GN0114,Meropenem,8.0,8,0.0,No Growth,XGBoost,No Growth
GN0114-MER-09,GN0114,Meropenem,16.0,9,0.0,No Growth,XGBoost,No Growth
GP0015-VAN-01,GP0015,Vancomycin,0.25,1,0.9980000257492065,Growth,XGBoost,Growth
GP0015-VAN-02,GP0015,Vancomycin,0.5,2,0.0013000000035390258,No Growth,XGBoost,No Growth
GP0015-VAN-03,GP0015,Vancomycin,1.0,3,0.06949999928474426,No Growth,XGBoost,No Growth
GP0015-VAN-04,GP0015,Vancomycin,2.0,4,0.0027000000700354576,No Growth,XGBoost,No Growth
GP0015-VAN-05,GP0015,Vancomycin,4.0,5,0.0005000000237487257,No Growth,XGBoost,No Growth
GP0015-VAN-06,GP0015,Vancomycin,8.0,6,0.0026000000070780516,No Growth,XGBoost,No Growth
GP0015-VAN-07,GP0015,Vancomycin,16.0,7,0.0,No Growth,XGBoost,No Growth
GP0015-VAN-08,GP0015,Vancomycin,32.0,8,0.0,No Growth,XGBoost,No Growth
GP0015-CEF-01,GP0015,Ceftriaxone,0.12,1,0.9997000098228455,Growth,XGBoost,Growth
GP0015-CEF-02,GP0015,Ceftriaxone,0.25,2,0.9994000196456909,Growth,XGBoost,Growth
GP0015-CEF-03,GP0015,Ceftriaxone,0.5,3,0.9997000098228455,Growth,XGBoost,Growth
GP0015-CEF-04,GP0015,Ceftriaxone,1.0,4,0.9998000264167786,Growth,XGBoost,Growth
GP0015-CEF-05,GP0015,Ceftriaxone,2.0,5,0.9965999722480774,Growth,XGBoost,Growth
GP0015-CEF-06,GP0015,Ceftriaxone,4.0,6,0.00019999999494757503,No Growth,XGBoost,No Growth
GP0015-CEF-07,GP0015,Ceftriaxone,8.0,7,0.00039999998989515007,No Growth,XGBoost,No Growth
GP0015-CEF-08,GP0015,Ceftriaxone,16.0,8,9.999999747378752e-05,No Growth,XGBoost,No Growth
GP0015-CEF-09,GP0015,Ceftriaxone,32.0,9,0.0003000000142492354,No Growth,XGBoost,No Growth
GP0015-CEF-10,GP0015,Ceftriaxone,64.0,10,0.00019999999494757503,No Growth,XGBoost,No Growth
GP0015-OXA-01,GP0015,Oxacillin,0.06,1,0.9994000196456909,Growth,XGBoost,Growth
GP0015-OXA-02,GP0015,Oxacillin,0.12,2,0.9991999864578247,Growth,XGBoost,Growth
GP0015-OXA-03,GP0015,Oxacillin,0.25,3,0.9995999932289124,Growth,XGBoost,Growth
GP0015-OXA-04,GP0015,Oxacillin,0.5,4,0.9850000143051147,Growth,XGBoost,Growth
GP0015-OXA-05,GP0015,Oxacillin,1.0,5,0.0020000000949949026,No Growth,XGBoost,No Growth
GP0015-OXA-06,GP0015,Oxacillin,2.0,6,0.006300000008195639,No Growth,XGBoost,No Growth
GP0015-OXA-07,GP0015,Oxacillin,4.0,7,0.000699999975040555,No Growth,XGBoost,No Growth
GP0015-OXA-08,GP0015,Oxacillin,8.0,8,9.999999747378752e-05,No Growth,XGBoost,No Growth
GP0015-DAP-01,GP0015,Daptomycin,0.06,1,0.994700014591217,Growth,XGBoost,Growth
GP0015-DAP-02,GP0015,Daptomycin,0.12,2,0.9973999857902527,Growth,XGBoost,Growth
GP0015-DAP-03,GP0015,Daptomycin,0.25,3,0.9954000115394592,Growth,XGBoost,Growth
GP0015-DAP-04,GP0015,Daptomycin,0.5,4,0.008899999782443047,No Growth,XGBoost,No Growth
GP0015-DAP-05,GP0015,Daptomycin,1.0,5,0.00019999999494757503,No Growth,XGBoost,No Growth
GP0015-DAP-06,GP0015,Daptomycin,2.0,6,0.0,No Growth,XGBoost,No Growth
GP0015-DAP-07,GP0015,Daptomycin,4.0,7,0.0003000000142492354,No Growth,XGBoost,No Growth
GP0015-DAP-08,GP0015,Daptomycin,8.0,8,0.0003000000142492354,No Growth,XGBoost,No Growth
GP0015-AMP-01,GP0015,Ampicillin,0.12,1,0.9998999834060669,Growth,XGBoost,Growth
GP0015-AMP-02,GP0015,Ampicillin,0.25,2,0.9995999932289124,Growth,XGBoost,Growth
GP0015-AMP-03,GP0015,Ampicillin,0.5,3,0.9977999925613403,Growth,XGBoost,Growth
GP0015-AMP-04,GP0015,Ampicillin,1.0,4,0.9994999766349792,Growth,XGBoost,Growth
GP0015-AMP-05,GP0015,Ampicillin,2.0,5,0.9991999864578247,Growth,XGBoost,Growth
GP0015-AMP-06,GP0015,Ampicillin,4.0,6,0.9901000261306763,Growth,XGBoost,Growth
GP0015-AMP-07,GP0015,Ampicillin,8.0,7,0.98089998960495,Growth,XGBoost,Growth
GP0015-AMP-08,GP0015,Ampicillin,16.0,8,0.0272000003606081,No Growth,XGBoost,No Growth
GP0015-AMP-09,GP0015,Ampicillin,32.0,9,0.0005000000237487257,No Growth,XGBoost,No Growth
GN0025-MER-01,GN0025,Meropenem,0.06,1,0.9998999834060669,Growth,XGBoost,Growth
GN0025-MER-02,GN0025,Meropenem,0.12,2,1.0,Growth,XGBoost,Growth
GN0025-MER-03,GN0025,Meropenem,0.25,3,0.9998999834060669,Growth,XGBoost,Growth
GN0025-MER-04,GN0025,Meropenem,0.5,4,0.9761999845504761,Growth,XGBoost,Growth
GN0025-MER-05,GN0025,Meropenem,1.0,5,0.9997000098228455,Growth,XGBoost,Growth
GN0025-MER-06,GN0025,Meropenem,2.0,6,0.9997000098228455,Growth,XGBoost,Growth
GN0025-MER-07,GN0025,Meropenem,4.0,7,0.9995999932289124,Growth,XGBoost,Growth
GN0025-MER-08,GN0025,Meropenem,8.0,8,0.9914000034332275,Growth,XGBoost,Growth
GN0025-MER-09,GN0025,Meropenem,16.0,9,0.0,No Growth,XGBoost,No Growth
GN0025-CEF-01,GN0025,Ceftriaxone,0.12,1,0.9998999834060669,Growth,XGBoost,Growth
GN0025-CEF-02,GN0025,Ceftriaxone,0.25,2,1.0,Growth,XGBoost,Growth
GN0025-CEF-03,GN0025,Ceftriaxone,0.5,3,0.9998999834060669,Growth,XGBoost,Growth
GN0025-CEF-04,GN0025,Ceftriaxone,1.0,4,0.9847999811172485,Growth,XGBoost,Growth
GN0025-CEF-05,GN0025,Ceftriaxone,2.0,5,0.9998999834060669,Growth,XGBoost,Growth
GN0025-CEF-06,GN0025,Ceftriaxone,4.0,6,0.9995999932289124,Growth,XGBoost,Growth
GN0025-CEF-07,GN0025,Ceftriaxone,8.0,7,0.9994000196456909,Growth,XGBoost,Growth
GN0025-CEF-08,GN0025,Ceftriaxone,16.0,8,0.998199999332428,Growth,XGBoost,Growth
GN0025-CEF-09,GN0025,Ceftriaxone,32.0,9,0.00019999999494757503,No Growth,XGBoost,No Growth
GN0025-CEF-10,GN0025,Ceftriaxone,64.0,10,0.0003000000142492354,No Growth,XGBoost,No Growth
GN0025-AMP-01,GN0025,Ampicillin,0.12,1,1.0,Growth,XGBoost,Growth
GN0025-AMP-02,GN0025,Ampicillin,0.25,2,0.9972000122070312,Growth,XGBoost,Growth
GN0025-AMP-03,GN0025,Ampicillin,0.5,3,1.0,Growth,XGBoost,Growth
GN0025-AMP-04,GN0025,Ampicillin,1.0,4,1.0,Growth,XGBoost,Growth
GN0025-AMP-05,GN0025,Ampicillin,2.0,5,1.0,Growth,XGBoost,Growth
GN0025-AMP-06,GN0025,Ampicillin,4.0,6,0.9998999834060669,Growth,XGBoost,Growth
GN0025-AMP-07,GN0025,Ampicillin,8.0,7,0.9998999834060669,Growth,XGBoost,Growth
GN0025-AMP-08,GN0025,Ampicillin,16.0,8,0.9997000098228455,Growth,XGBoost,Growth
GN0025-AMP-09,GN0025,Ampicillin,32.0,9,0.9998000264167786,Growth,XGBoost,Growth
GP0072-MER-01,GP0072,Meropenem,0.06,1,0.989799976348877,Growth,XGBoost,Growth
GP0072-MER-02,GP0072,Meropenem,0.12,2,0.9994999766349792,Growth,XGBoost,Growth
GP0072-MER-03,GP0072,Meropenem,0.25,3,0.002899999963119626,No Growth,XGBoost,No Growth
GP0072-MER-04,GP0072,Meropenem,0.5,4,0.004999999888241291,No Growth,XGBoost,No Growth
GP0072-MER-05,GP0072,Meropenem,1.0,5,0.17190000414848328,No Growth,XGBoost,No Growth
GP0072-MER-06,GP0072,Meropenem,2.0,6,9.999999747378752e-05,No Growth,XGBoost,No Growth
GP0072-MER-07,GP0072,Meropenem,4.0,7,9.999999747378752e-05,No Growth,XGBoost,No Growth
GP0072-MER-08,GP0072,Meropenem,8.0,8,0.0,No Growth,XGBoost,No Growth
GP0072-MER-09,GP0072,Meropenem,16.0,9,0.0,No Growth,XGBoost,No Growth
GP0072-DAP-01,GP0072,Daptomycin,0.06,1,0.862500011920929,Growth,XGBoost,Growth
GP0072-DAP-02,GP0072,Daptomycin,0.12,2,0.9997000098228455,Growth,XGBoost,Growth
GP0072-DAP-03,GP0072,Daptomycin,0.25,3,0.9991999864578247,Growth,XGBoost,Growth
GP0072-DAP-04,GP0072,Daptomycin,0.5,4,0.0015999999595806003,No Growth,XGBoost,No Growth
GP0072-DAP-05,GP0072,Daptomycin,1.0,5,0.6176999807357788,Growth,XGBoost,No Growth
GP0072-DAP-06,GP0072,Daptomycin,2.0,6,0.00019999999494757503,No Growth,XGBoost,No Growth
GP0072-DAP-07,GP0072,Daptomycin,4.0,7,0.0,No Growth,XGBoost,No Growth
GP0072-DAP-08,GP0072,Daptomycin,8.0,8,0.0,No Growth,XGBoost,No Growth
GP0072-VAN-01,GP0072,Vancomycin,0.25,1,0.9990000128746033,Growth,XGBoost,Growth
GP0072-VAN-02,GP0072,Vancomycin,0.5,2,0.34049999713897705,No Growth,XGBoost,No Growth
GP0072-VAN-03,GP0072,Vancomycin,1.0,3,0.0006000000284984708,No Growth,XGBoost,No Growth
GP0072-VAN-04,GP0072,Vancomycin,2.0,4,0.00279999990016222,No Growth,XGBoost,No Growth
GP0072-VAN-05,GP0072,Vancomycin,4.0,5,0.0,No Growth,XGBoost,No Growth
GP0072-VAN-06,GP0072,Vancomycin,8.0,6,9.999999747378752e-05,No Growth,XGBoost,No Growth
GP0072-VAN-07,GP0072,Vancomycin,16.0,7,0.00019999999494757503,No Growth,XGBoost,No Growth
GP0072-VAN-08,GP0072,Vancomycin,32.0,8,0.0,No Growth,XGBoost,No Growth
GP0107-MER-01,GP0107,Meropenem,0.06,1,0.9991000294685364,Growth,XGBoost,Growth
GP0107-MER-02,GP0107,Meropenem,0.12,2,0.01209999993443489,No Growth,XGBoost,No Growth
GP0107-MER-03,GP0107,Meropenem,0.25,3,0.7718999981880188,Growth,XGBoost,No Growth
GP0107-MER-04,GP0107,Meropenem,0.5,4,0.00019999999494757503,No Growth,XGBoost,No Growth
GP0107-MER-05,GP0107,Meropenem,1.0,5,0.000699999975040555,No Growth,XGBoost,No Growth
GP0107-MER-06,GP0107,Meropenem,2.0,6,0.00039999998989515007,No Growth,XGBoost,No Growth
GP0107-MER-07,GP0107,Meropenem,4.0,7,0.0,No Growth,XGBoost,No Growth
GP0107-MER-08,GP0107,Meropenem,8.0,8,0.0,No Growth,XGBoost,No Growth
GP0107-MER-09,GP0107,Meropenem,16.0,9,0.00019999999494757503,No Growth,XGBoost,No Growth
GP0107-OXA-01,GP0107,Oxacillin,0.06,1,0.9998000264167786,Growth,XGBoost,Growth
GP0107-OXA-02,GP0107,Oxacillin,0.12,2,0.9976999759674072,Growth,XGBoost,Growth
GP0107-OXA-03,GP0107,Oxacillin,0.25,3,0.004000000189989805,No Growth,XGBoost,No Growth
GP0107-OXA-04,GP0107,Oxacillin,0.5,4,0.0020000000949949026,No Growth,XGBoost,No Growth
GP0107-OXA-05,GP0107,Oxacillin,1.0,5,0.00279999990016222,No Growth,XGBoost,No Growth
GP0107-OXA-06,GP0107,Oxacillin,2.0,6,0.01730000041425228,No Growth,XGBoost,No Growth
GP0107-OXA-07,GP0107,Oxacillin,4.0,7,0.06440000236034393,No Growth,XGBoost,No Growth
GP0107-OXA-08,GP0107,Oxacillin,8.0,8,9.999999747378752e-05,No Growth,XGBoost,No Growth
GP0107-DAP-01,GP0107,Daptomycin,0.06,1,0.9994999766349792,Growth,XGBoost,Growth
GP0107-DAP-02,GP0107,Daptomycin,0.12,2,0.9987000226974487,Growth,XGBoost,Growth
GP0107-DAP-03,GP0107,Daptomycin,0.25,3,0.996399998664856,Growth,XGBoost,Growth
GP0107-DAP-04,GP0107,Daptomycin,0.5,4,0.0203000009059906,No Growth,XGBoost,No Growth
GP0107-DAP-05,GP0107,Daptomycin,1.0,5,0.0,No Growth,XGBoost,No Growth
GP0107-DAP-06,GP0107,Daptomycin,2.0,6,0.0024999999441206455,No Growth,XGBoost,No Growth
GP0107-DAP-07,GP0107,Daptomycin,4.0,7,9.999999747378752e-05,No Growth,XGBoost,No Growth
GP0107-DAP-08,GP0107,Daptomycin,8.0,8,0.0,No Growth,XGBoost,No Growth
GN0068-AMP-01,GN0068,Ampicillin,0.12,1,1.0,Growth,SVM-RBF,Growth
GN0068-AMP-02,GN0068,Ampicillin,0.25,2,1.0,Growth,SVM-RBF,Growth
GN0068-AMP-03,GN0068,Ampicillin,0.5,3,1.0,Growth,SVM-RBF,Growth
GN0068-AMP-04,GN0068,Ampicillin,1.0,4,1.0,Growth,SVM-RBF,Growth
GN0068-AMP-05,GN0068,Ampicillin,2.0,5,1.0,Growth,SVM-RBF,Growth
GN0068-AMP-06,GN0068,Ampicillin,4.0,6,1.0,Growth,SVM-RBF,Growth
GN0068-AMP-07,GN0068,Ampicillin,8.0,7,1.0,Growth,SVM-RBF,Growth
GN0068-AMP-08,GN0068,Ampicillin,16.0,8,0.9967,Growth,SVM-RBF,Growth
GN0068-AMP-09,GN0068,Ampicillin,32.0,9,0.0001,No Growth,SVM-RBF,No Growth
GN0068-CEF-01,GN0068,Ceftriaxone,0.12,1,0.0,No Growth,SVM-RBF,No Growth
GN0068-CEF-02,GN0068,Ceftriaxone,0.25,2,0.0,No Growth,SVM-RBF,No Growth
GN0068-CEF-03,GN0068,Ceftriaxone,0.5,3,0.0,No Growth,SVM-RBF,No Growth
GN0068-CEF-04,GN0068,Ceftriaxone,1.0,4,0.0,No Growth,SVM-RBF,No Growth
GN0068-CEF-05,GN0068,Ceftriaxone,2.0,5,0.0021,No Growth,SVM-RBF,No Growth
GN0068-CEF-06,GN0068,Ceftriaxone,4.0,6,0.0,No Growth,SVM-RBF,No Growth
GN0068-CEF-07,GN0068,Ceftriaxone,8.0,7,0.0,No Growth,SVM-RBF,No Growth
GN0068-CEF-08,GN0068,Ceftriaxone,16.0,8,0.0753,No Growth,SVM-RBF,No Growth
GN0068-CEF-09,GN0068,Ceftriaxone,32.0,9,0.0,No Growth,SVM-RBF,No Growth
GN0068-CEF-10,GN0068,Ceftriaxone,64.0,10,0.0,No Growth,SVM-RBF,No Growth
GN0106-CEF-01,GN0106,Ceftriaxone,0.12,1,0.0004,No Growth,SVM-RBF,No Growth
GN0106-CEF-02,GN0106,Ceftriaxone,0.25,2,0.0002,No Growth,SVM-RBF,No Growth
GN0106-CEF-03,GN0106,Ceftriaxone,0.5,3,0.0004,No Growth,SVM-RBF,No Growth
GN0106-CEF-04,GN0106,Ceftriaxone,1.0,4,0.0007,No Growth,SVM-RBF,No Growth
GN0106-CEF-05,GN0106,Ceftriaxone,2.0,5,0.0001,No Growth,SVM-RBF,No Growth
GN0106-CEF-06,GN0106,Ceftriaxone,4.0,6,0.0186,No Growth,SVM-RBF,No Growth
GN0106-CEF-07,GN0106,Ceftriaxone,8.0,7,0.0004,No Growth,SVM-RBF,No Growth
GN0106-CEF-08,GN0106,Ceftriaxone,16.0,8,0.0,No Growth,SVM-RBF,No Growth
GN0106-CEF-09,GN0106,Ceftriaxone,32.0,9,0.0003,No Growth,SVM-RBF,No Growth
GN0106-CEF-10,GN0106,Ceftriaxone,64.0,10,0.0001,No Growth,SVM-RBF,No Growth
GN0106-AMP-01,GN0106,Ampicillin,0.12,1,1.0,Growth,SVM-RBF,Growth
GN0106-AMP-02,GN0106,Ampicillin,0.25,2,1.0,Growth,SVM-RBF,Growth
GN0106-AMP-03,GN0106,Ampicillin,0.5,3,1.0,Growth,SVM-RBF,Growth
GN0106-AMP-04,GN0106,Ampicillin,1.0,4,1.0,Growth,SVM-RBF,Growth
GN0106-AMP-05,GN0106,Ampicillin,2.0,5,0.0003,No Growth,SVM-RBF,No Growth
GN0106-AMP-06,GN0106,Ampicillin,4.0,6,0.0001,No Growth,SVM-RBF,No Growth
GN0106-AMP-07,GN0106,Ampicillin,8.0,7,0.0001,No Growth,SVM-RBF,No Growth
GN0106-AMP-08,GN0106,Ampicillin,16.0,8,0.0,No Growth,SVM-RBF,No Growth
GN0106-AMP-09,GN0106,Ampicillin,32.0,9,0.0,No Growth,SVM-RBF,No Growth
GN0106-MER-01,GN0106,Meropenem,0.06,1,0.0042,No Growth,SVM-RBF,No Growth
GN0106-MER-02,GN0106,Meropenem,0.12,2,0.3234,No Growth,SVM-RBF,No Growth
GN0106-MER-03,GN0106,Meropenem,0.25,3,0.0003,No Growth,SVM-RBF,No Growth
GN0106-MER-04,GN0106,Meropenem,0.5,4,0.0,No Growth,SVM-RBF,No Growth
GN0106-MER-05,GN0106,Meropenem,1.0,5,0.0,No Growth,SVM-RBF,No Growth
GN0106-MER-06,GN0106,Meropenem,2.0,6,0.0145,No Growth,SVM-RBF,No Growth
GN0106-MER-07,GN0106,Meropenem,4.0,7,0.0003,No Growth,SVM-RBF,No Growth
GN0106-MER-08,GN0106,Meropenem,8.0,8,0.0,No Growth,SVM-RBF,No Growth
GN0106-MER-09,GN0106,Meropenem,16.0,9,0.0,No Growth,SVM-RBF,No Growth
GN0075-MER-01,GN0075,Meropenem,0.06,1,0.0,No Growth,SVM-RBF,No Growth
GN0075-MER-02,GN0075,Meropenem,0.12,2,0.0,No Growth,SVM-RBF,No Growth
GN0075-MER-03,GN0075,Meropenem,0.25,3,0.0,No Growth,SVM-RBF,No Growth
GN0075-MER-04,GN0075,Meropenem,0.5,4,0.0,No Growth,SVM-RBF,No Growth
GN0075-MER-05,GN0075,Meropenem,1.0,5,0.0,No Growth,SVM-RBF,No Growth
GN0075-MER-06,GN0075,Meropenem,2.0,6,0.0029,No Growth,SVM-RBF,No Growth
GN0075-MER-07,GN0075,Meropenem,4.0,7,0.0,No Growth,SVM-RBF,No Growth
GN0075-MER-08,GN0075,Meropenem,8.0,8,0.0,No Growth,SVM-RBF,No Growth
GN0075-MER-09,GN0075,Meropenem,16.0,9,0.0,No Growth,SVM-RBF,No Growth
GN0075-CEF-01,GN0075,Ceftriaxone,0.12,1,0.0,No Growth,SVM-RBF,No Growth
GN0075-CEF-02,GN0075,Ceftriaxone,0.25,2,0.0001,No Growth,SVM-RBF,No Growth
GN0075-CEF-03,GN0075,Ceftriaxone,0.5,3,0.0008,No Growth,SVM-RBF,No Growth
GN0075-CEF-04,GN0075,Ceftriaxone,1.0,4,0.0,No Growth,SVM-RBF,No Growth
GN0075-CEF-05,GN0075,Ceftriaxone,2.0,5,0.0,No Growth,SVM-RBF,No Growth
GN0075-CEF-06,GN0075,Ceftriaxone,4.0,6,0.0,No Growth,SVM-RBF,No Growth
GN0075-CEF-07,GN0075,Ceftriaxone,8.0,7,0.0,No Growth,SVM-RBF,No Growth
GN0075-CEF-08,GN0075,Ceftriaxone,16.0,8,0.0,No Growth,SVM-RBF,No Growth
GN0075-CEF-09,GN0075,Ceftriaxone,32.0,9,0.0002,No Growth,SVM-RBF,No Growth
GN0075-CEF-10,GN0075,Ceftriaxone,64.0,10,0.0,No Growth,SVM-RBF,No Growth
GN0075-AMP-01,GN0075,Ampicillin,0.12,1,1.0,Growth,SVM-RBF,Growth
GN0075-AMP-02,GN0075,Ampicillin,0.25,2,1.0,Growth,SVM-RBF,Growth
GN0075-AMP-03,GN0075,Ampicillin,0.5,3,1.0,Growth,SVM-RBF,Growth
GN0075-AMP-04,GN0075,Ampicillin,1.0,4,1.0,Growth,SVM-RBF,Growth
GN0075-AMP-05,GN0075,Ampicillin,2.0,5,0.0009,No Growth,SVM-RBF,No Growth
GN0075-AMP-06,GN0075,Ampicillin,4.0,6,0.0,No Growth,SVM-RBF,No Growth
GN0075-AMP-07,GN0075,Ampicillin,8.0,7,0.0,No Growth,SVM-RBF,No Growth
GN0075-AMP-08,GN0075,Ampicillin,16.0,8,0.0,No Growth,SVM-RBF,No Growth
GN0075-AMP-09,GN0075,Ampicillin,32.0,9,0.0003,No Growth,SVM-RBF,No Growth
GN0022-CEF-01,GN0022,Ceftriaxone,0.12,1,0.002,No Growth,SVM-RBF,No Growth
GN0022-CEF-02,GN0022,Ceftriaxone,0.25,2,0.0003,No Growth,SVM-RBF,No Growth
GN0022-CEF-03,GN0022,Ceftriaxone,0.5,3,0.0,No Growth,SVM-RBF,No Growth
GN0022-CEF-04,GN0022,Ceftriaxone,1.0,4,0.037,No Growth,SVM-RBF,No Growth
GN0022-CEF-05,GN0022,Ceftriaxone,2.0,5,0.0,No Growth,SVM-RBF,No Growth
GN0022-CEF-06,GN0022,Ceftriaxone,4.0,6,0.0001,No Growth,SVM-RBF,No Growth
GN0022-CEF-07,GN0022,Ceftriaxone,8.0,7,0.0001,No Growth,SVM-RBF,No Growth
GN0022-CEF-08,GN0022,Ceftriaxone,16.0,8,0.0139,No Growth,SVM-RBF,No Growth
GN0022-CEF-09,GN0022,Ceftriaxone,32.0,9,0.0,No Growth,SVM-RBF,No Growth
GN0022-CEF-10,GN0022,Ceftriaxone,64.0,10,0.0001,No Growth,SVM-RBF,No Growth
GN0022-AMP-01,GN0022,Ampicillin,0.12,1,1.0,Growth,SVM-RBF,Growth
GN0022-AMP-02,GN0022,Ampicillin,0.25,2,1.0,Growth,SVM-RBF,Growth
GN0022-AMP-03,GN0022,Ampicillin,0.5,3,1.0,Growth,SVM-RBF,Growth
GN0022-AMP-04,GN0022,Ampicillin,1.0,4,1.0,Growth,SVM-RBF,Growth
GN0022-AMP-05,GN0022,Ampicillin,2.0,5,1.0,Growth,SVM-RBF,Growth
GN0022-AMP-06,GN0022,Ampicillin,4.0,6,1.0,Growth,SVM-RBF,Growth
GN0022-AMP-07,GN0022,Ampicillin,8.0,7,1.0,Growth,SVM-RBF,Growth
GN0022-AMP-08,GN0022,Ampicillin,16.0,8,0.0299,No Growth,SVM-RBF,No Growth
GN0022-AMP-09,GN0022,Ampicillin,32.0,9,0.0,No Growth,SVM-RBF,No Growth
GN0022-MER-01,GN0022,Meropenem,0.06,1,1.0,Growth,SVM-RBF,Growth
GN0022-MER-02,GN0022,Meropenem,0.12,2,1.0,Growth,SVM-RBF,Growth
GN0022-MER-03,GN0022,Meropenem,0.25,3,1.0,Growth,SVM-RBF,Growth
GN0022-MER-04,GN0022,Meropenem,0.5,4,1.0,Growth,SVM-RBF,Growth
GN0022-MER-05,GN0022,Meropenem,1.0,5,1.0,Growth,SVM-RBF,Growth
GN0022-MER-06,GN0022,Meropenem,2.0,6,1.0,Growth,SVM-RBF,Growth
GN0022-MER-07,GN0022,Meropenem,4.0,7,1.0,Growth,SVM-RBF,Growth
GN0022-MER-08,GN0022,Meropenem,8.0,8,0.9974,Growth,SVM-RBF,Growth
GN0022-MER-09,GN0022,Meropenem,16.0,9,0.984,Growth,SVM-RBF,Growth
GP0061-DAP-01,GP0061,Daptomycin,0.06,1,1.0,Growth,SVM-RBF,Growth
GP0061-DAP-02,GP0061,Daptomycin,0.12,2,0.996,Growth,SVM-RBF,Growth
GP0061-DAP-03,GP0061,Daptomycin,0.25,3,1.0,Growth,SVM-RBF,Growth
GP0061-DAP-04,GP0061,Daptomycin,0.5,4,0.0004,No Growth,SVM-RBF,No Growth
GP0061-DAP-05,GP0061,Daptomycin,1.0,5,0.0,No Growth,SVM-RBF,No Growth
GP0061-DAP-06,GP0061,Daptomycin,2.0,6,0.0,No Growth,SVM-RBF,No Growth
GP0061-DAP-07,GP0061,Daptomycin,4.0,7,0.0,No Growth,SVM-RBF,No Growth
GP0061-DAP-08,GP0061,Daptomycin,8.0,8,0.0,No Growth,SVM-RBF,No Growth
GP0061-CEF-01,GP0061,Ceftriaxone,0.12,1,1.0,Growth,SVM-RBF,Growth
GP0061-CEF-02,GP0061,Ceftriaxone,0.25,2,1.0,Growth,SVM-RBF,Growth
GP0061-CEF-03,GP0061,Ceftriaxone,0.5,3,1.0,Growth,SVM-RBF,Growth
GP0061-CEF-04,GP0061,Ceftriaxone,1.0,4,1.0,Growth,SVM-RBF,Growth
GP0061-CEF-05,GP0061,Ceftriaxone,2.0,5,1.0,Growth,SVM-RBF,Growth
GP0061-CEF-06,GP0061,Ceftriaxone,4.0,6,1.0,Growth,SVM-RBF,Growth
GP0061-CEF-07,GP0061,Ceftriaxone,8.0,7,1.0,Growth,SVM-RBF,Growth
GP0061-CEF-08,GP0061,Ceftriaxone,16.0,8,1.0,Growth,SVM-RBF,Growth
GP0061-CEF-09,GP0061,Ceftriaxone,32.0,9,0.9962,Growth,SVM-RBF,Growth
GP0061-CEF-10,GP0061,Ceftriaxone,64.0,10,0.0004,No Growth,SVM-RBF,No Growth
GP0061-MER-01,GP0061,Meropenem,0.06,1,1.0,Growth,SVM-RBF,Growth
GP0061-MER-02,GP0061,Meropenem,0.12,2,1.0,Growth,SVM-RBF,Growth
GP0061-MER-03,GP0061,Meropenem,0.25,3,1.0,Growth,SVM-RBF,Growth
GP0061-MER-04,GP0061,Meropenem,0.5,4,1.0,Growth,SVM-RBF,Growth
GP0061-MER-05,GP0061,Meropenem,1.0,5,1.0,Growth,SVM-RBF,Growth
GP0061-MER-06,GP0061,Meropenem,2.0,6,1.0,Growth,SVM-RBF,Growth
GP0061-MER-07,GP0061,Meropenem,4.0,7,1.0,Growth,SVM-RBF,Growth
GP0061-MER-08,GP0061,Meropenem,8.0,8,0.9973,Growth,SVM-RBF,Growth
GP0061-MER-09,GP0061,Meropenem,16.0,9,0.9938,Growth,SVM-RBF,Growth
GP0061-AMP-01,GP0061,Ampicillin,0.12,1,1.0,Growth,SVM-RBF,Growth
GP0061-AMP-02,GP0061,Ampicillin,0.25,2,1.0,Growth,SVM-RBF,Growth
GP0061-AMP-03,GP0061,Ampicillin,0.5,3,0.9819,Growth,SVM-RBF,Growth
GP0061-AMP-04,GP0061,Ampicillin,1.0,4,1.0,Growth,SVM-RBF,Growth
GP0061-AMP-05,GP0061,Ampicillin,2.0,5,1.0,Growth,SVM-RBF,Growth
GP0061-AMP-06,GP0061,Ampicillin,4.0,6,1.0,Growth,SVM-RBF,Growth
GP0061-AMP-07,GP0061,Ampicillin,8.0,7,1.0,Growth,SVM-RBF,Growth
GP0061-AMP-08,GP0061,Ampicillin,16.0,8,1.0,Growth,SVM-RBF,Growth
GP0061-AMP-09,GP0061,Ampicillin,32.0,9,0.9955,Growth,SVM-RBF,Growth
GP0085-VAN-01,GP0085,Vancomycin,0.25,1,1.0,Growth,SVM-RBF,Growth
GP0085-VAN-02,GP0085,Vancomycin,0.5,2,0.9925,Growth,SVM-RBF,Growth
GP0085-VAN-03,GP0085,Vancomycin,1.0,3,0.0,No Growth,SVM-RBF,No Growth
GP0085-VAN-04,GP0085,Vancomycin,2.0,4,0.0,No Growth,SVM-RBF,No Growth
GP0085-VAN-05,GP0085,Vancomycin,4.0,5,0.0,No Growth,SVM-RBF,No Growth
GP0085-VAN-06,GP0085,Vancomycin,8.0,6,0.0,No Growth,SVM-RBF,No Growth
GP0085-VAN-07,GP0085,Vancomycin,16.0,7,0.0005,No Growth,SVM-RBF,No Growth
GP0085-VAN-08,GP0085,Vancomycin,32.0,8,0.0,No Growth,SVM-RBF,No Growth
GP0085-MER-01,GP0085,Meropenem,0.06,1,1.0,Growth,SVM-RBF,Growth
GP0085-MER-02,GP0085,Meropenem,0.12,2,1.0,Growth,SVM-RBF,Growth
GP0085-MER-03,GP0085,Meropenem,0.25,3,1.0,Growth,SVM-RBF,Growth
GP0085-MER-04,GP0085,Meropenem,0.5,4,1.0,Growth,SVM-RBF,Growth
GP0085-MER-05,GP0085,Meropenem,1.0,5,1.0,Growth,SVM-RBF,Growth
GP0085-MER-06,GP0085,Meropenem,2.0,6,1.0,Growth,SVM-RBF,Growth
GP0085-MER-07,GP0085,Meropenem,4.0,7,0.508,No Growth,SVM-RBF,Growth
GP0085-MER-08,GP0085,Meropenem,8.0,8,0.0,No Growth,SVM-RBF,No Growth
GP0085-MER-09,GP0085,Meropenem,16.0,9,0.0005,No Growth,SVM-RBF,No Growth
GP0085-OXA-01,GP0085,Oxacillin,0.06,1,1.0,Growth,SVM-RBF,Growth
GP0085-OXA-02,GP0085,Oxacillin,0.12,2,1.0,Growth,SVM-RBF,Growth
GP0085-OXA-03,GP0085,Oxacillin,0.25,3,1.0,Growth,SVM-RBF,Growth
GP0085-OXA-04,GP0085,Oxacillin,0.5,4,1.0,Growth,SVM-RBF,Growth
GP0085-OXA-05,GP0085,Oxacillin,1.0,5,1.0,Growth,SVM-RBF,Growth
GP0085-OXA-06,GP0085,Oxacillin,2.0,6,1.0,Growth,SVM-RBF,Growth
GP0085-OXA-07,GP0085,Oxacillin,4.0,7,1.0,Growth,SVM-RBF,Growth
GP0085-OXA-08,GP0085,Oxacillin,8.0,8,0.986,Growth,SVM-RBF,Growth
GP0085-DAP-01,GP0085,Daptomycin,0.06,1,1.0,Growth,SVM-RBF,Growth
GP0085-DAP-02,GP0085,Daptomycin,0.12,2,1.0,Growth,SVM-RBF,Growth
GP0085-DAP-03,GP0085,Daptomycin,0.25,3,1.0,Growth,SVM-RBF,Growth
GP0085-DAP-04,GP0085,Daptomycin,0.5,4,1.0,Growth,SVM-RBF,Growth
GP0085-DAP-05,GP0085,Daptomycin,1.0,5,1.0,Growth,SVM-RBF,Growth
GP0085-DAP-06,GP0085,Daptomycin,2.0,6,0.9865,Growth,SVM-RBF,Growth
GP0085-DAP-07,GP0085,Daptomycin,4.0,7,0.0,No Growth,SVM-RBF,No Growth
GP0085-DAP-08,GP0085,Daptomycin,8.0,8,0.0,No Growth,SVM-RBF,No Growth
GP0023-OXA-01,GP0023,Oxacillin,0.06,1,1.0,Growth,SVM-RBF,Growth
GP0023-OXA-02,GP0023,Oxacillin,0.12,2,0.003,No Growth,SVM-RBF,No Growth
GP0023-OXA-03,GP0023,Oxacillin,0.25,3,0.0,No Growth,SVM-RBF,No Growth
GP0023-OXA-04,GP0023,Oxacillin,0.5,4,0.6464,Growth,SVM-RBF,No Growth
GP0023-OXA-05,GP0023,Oxacillin,1.0,5,0.0,No Growth,SVM-RBF,No Growth
GP0023-OXA-06,GP0023,Oxacillin,2.0,6,0.0009,No Growth,SVM-RBF,No Growth
GP0023-OXA-07,GP0023,Oxacillin,4.0,7,0.0,No Growth,SVM-RBF,No Growth
GP0023-OXA-08,GP0023,Oxacillin,8.0,8,0.0,No Growth,SVM-RBF,No Growth
GP0023-VAN-01,GP0023,Vancomycin,0.25,1,1.0,Growth,SVM-RBF,Growth
GP0023-VAN-02,GP0023,Vancomycin,0.5,2,1.0,Growth,SVM-RBF,Growth
GP0023-VAN-03,GP0023,Vancomycin,1.0,3,0.9854,Growth,SVM-RBF,Growth
GP0023-VAN-04,GP0023,Vancomycin,2.0,4,0.0,No Growth,SVM-RBF,No Growth
GP0023-VAN-05,GP0023,Vancomycin,4.0,5,0.0,No Growth,SVM-RBF,No Growth
GP0023-VAN-06,GP0023,Vancomycin,8.0,6,0.0,No Growth,SVM-RBF,No Growth
GP0023-VAN-07,GP0023,Vancomycin,16.0,7,0.0,No Growth,SVM-RBF,No Growth
GP0023-VAN-08,GP0023,Vancomycin,32.0,8,0.0011,No Growth,SVM-RBF,No Growth
GP0023-AMP-01,GP0023,Ampicillin,0.12,1,1.0,Growth,SVM-RBF,Growth
GP0023-AMP-02,GP0023,Ampicillin,0.25,2,0.9966,Growth,SVM-RBF,Growth
GP0023-AMP-03,GP0023,Ampicillin,0.5,3,0.0374,No Growth,SVM-RBF,No Growth
GP0023-AMP-04,GP0023,Ampicillin,1.0,4,0.0003,No Growth,SVM-RBF,No Growth
GP0023-AMP-05,GP0023,Ampicillin,2.0,5,0.0,No Growth,SVM-RBF,No Growth
GP0023-AMP-06,GP0023,Ampicillin,4.0,6,0.0,No Growth,SVM-RBF,No Growth
GP0023-AMP-07,GP0023,Ampicillin,8.0,7,0.0,No Growth,SVM-RBF,No Growth
GP0023-AMP-08,GP0023,Ampicillin,16.0,8,0.8536,Growth,SVM-RBF,No Growth
GP0023-AMP-09,GP0023,Ampicillin,32.0,9,0.0001,No Growth,SVM-RBF,No Growth
GP0026-DAP-01,GP0026,Daptomycin,0.06,1,1.0,Growth,SVM-RBF,Growth
GP0026-DAP-02,GP0026,Daptomycin,0.12,2,0.9953,Growth,SVM-RBF,Growth
GP0026-DAP-03,GP0026,Daptomycin,0.25,3,0.0021,No Growth,SVM-RBF,No Growth
GP0026-DAP-04,GP0026,Daptomycin,0.5,4,0.0,No Growth,SVM-RBF,No Growth
GP0026-DAP-05,GP0026,Daptomycin,1.0,5,0.0,No Growth,SVM-RBF,No Growth
GP0026-DAP-06,GP0026,Daptomycin,2.0,6,0.0297,No Growth,SVM-RBF,No Growth
GP0026-DAP-07,GP0026,Daptomycin,4.0,7,0.0,No Growth,SVM-RBF,No Growth
GP0026-DAP-08,GP0026,Daptomycin,8.0,8,0.0061,No Growth,SVM-RBF,No Growth
GP0026-AMP-01,GP0026,Ampicillin,0.12,1,1.0,Growth,SVM-RBF,Growth
GP0026-AMP-02,GP0026,Ampicillin,0.25,2,1.0,Growth,SVM-RBF,Growth
GP0026-AMP-03,GP0026,Ampicillin,0.5,3,1.0,Growth,SVM-RBF,Growth
GP0026-AMP-04,GP0026,Ampicillin,1.0,4,1.0,Growth,SVM-RBF,Growth
GP0026-AMP-05,GP0026,Ampicillin,2.0,5,1.0,Growth,SVM-RBF,Growth
GP0026-AMP-06,GP0026,Ampicillin,4.0,6,1.0,Growth,SVM-RBF,Growth
GP0026-AMP-07,GP0026,Ampicillin,8.0,7,0.7971,Growth,SVM-RBF,Growth
GP0026-AMP-08,GP0026,Ampicillin,16.0,8,0.2733,No Growth,SVM-RBF,Growth
GP0026-AMP-09,GP0026,Ampicillin,32.0,9,0.0241,No Growth,SVM-RBF,No Growth
GP0026-MER-01,GP0026,Meropenem,0.06,1,1.0,Growth,SVM-RBF,Growth
GP0026-MER-02,GP0026,Meropenem,0.12,2,1.0,Growth,SVM-RBF,Growth
GP0026-MER-03,GP0026,Meropenem,0.25,3,1.0,Growth,SVM-RBF,Growth
GP0026-MER-04,GP0026,Meropenem,0.5,4,1.0,Growth,SVM-RBF,Growth
GP0026-MER-05,GP0026,Meropenem,1.0,5,1.0,Growth,SVM-RBF,Growth
GP0026-MER-06,GP0026,Meropenem,2.0,6,1.0,Growth,SVM-RBF,Growth
GP0026-MER-07,GP0026,Meropenem,4.0,7,1.0,Growth,SVM-RBF,Growth
GP0026-MER-08,GP0026,Meropenem,8.0,8,1.0,Growth,SVM-RBF,Growth
GP0026-MER-09,GP0026,Meropenem,16.0,9,0.9462,Growth,SVM-RBF,Growth
GP0026-CEF-01,GP0026,Ceftriaxone,0.12,1,1.0,Growth,SVM-RBF,Growth
GP0026-CEF-02,GP0026,Ceftriaxone,0.25,2,1.0,Growth,SVM-RBF,Growth
GP0026-CEF-03,GP0026,Ceftriaxone,0.5,3,1.0,Growth,SVM-RBF,Growth
GP0026-CEF-04,GP0026,Ceftriaxone,1.0,4,1.0,Growth,SVM-RBF,Growth
GP0026-CEF-05,GP0026,Ceftriaxone,2.0,5,1.0,Growth,SVM-RBF,Growth
GP0026-CEF-06,GP0026,Ceftriaxone,4.0,6,1.0,Growth,SVM-RBF,Growth
GP0026-CEF-07,GP0026,Ceftriaxone,8.0,7,1.0,Growth,SVM-RBF,Growth
GP0026-CEF-08,GP0026,Ceftriaxone,16.0,8,0.9938,Growth,SVM-RBF,Growth
GP0026-CEF-09,GP0026,Ceftriaxone,32.0,9,0.0638,No Growth,SVM-RBF,Growth
GP0026-CEF-10,GP0026,Ceftriaxone,64.0,10,0.9506,Growth,SVM-RBF,Growth
GN0078-MER-01,GN0078,Meropenem,0.06,1,0.0011,No Growth,SVM-RBF,No Growth
GN0078-MER-02,GN0078,Meropenem,0.12,2,0.0403,No Growth,SVM-RBF,No Growth
GN0078-MER-03,GN0078,Meropenem,0.25,3,0.0,No Growth,SVM-RBF,No Growth
GN0078-MER-04,GN0078,Meropenem,0.5,4,0.0001,No Growth,SVM-RBF,No Growth
GN0078-MER-05,GN0078,Meropenem,1.0,5,0.0001,No Growth,SVM-RBF,No Growth
GN0078-MER-06,GN0078,Meropenem,2.0,6,0.0001,No Growth,SVM-RBF,No Growth
GN0078-MER-07,GN0078,Meropenem,4.0,7,0.0004,No Growth,SVM-RBF,No Growth
GN0078-MER-08,GN0078,Meropenem,8.0,8,0.0011,No Growth,SVM-RBF,No Growth
GN0078-MER-09,GN0078,Meropenem,16.0,9,0.0,No Growth,SVM-RBF,No Growth
GN0078-AMP-01,GN0078,Ampicillin,0.12,1,0.9635,Growth,SVM-RBF,Growth
GN0078-AMP-02,GN0078,Ampicillin,0.25,2,0.9613,Growth,SVM-RBF,Growth
GN0078-AMP-03,GN0078,Ampicillin,0.5,3,0.9299,Growth,SVM-RBF,Growth
GN0078-AMP-04,GN0078,Ampicillin,1.0,4,0.9969,Growth,SVM-RBF,Growth
GN0078-AMP-05,GN0078,Ampicillin,2.0,5,1.0,Growth,SVM-RBF,Growth
GN0078-AMP-06,GN0078,Ampicillin,4.0,6,0.8855,Growth,SVM-RBF,Growth
GN0078-AMP-07,GN0078,Ampicillin,8.0,7,0.9861,Growth,SVM-RBF,Growth
GN0078-AMP-08,GN0078,Ampicillin,16.0,8,0.9802,Growth,SVM-RBF,Growth
GN0078-AMP-09,GN0078,Ampicillin,32.0,9,0.0006,No Growth,SVM-RBF,No Growth
GN0078-CEF-01,GN0078,Ceftriaxone,0.12,1,0.8682,Growth,SVM-RBF,No Growth
GN0078-CEF-02,GN0078,Ceftriaxone,0.25,2,0.0003,No Growth,SVM-RBF,No Growth
GN0078-CEF-03,GN0078,Ceftriaxone,0.5,3,0.062,No Growth,SVM-RBF,No Growth
GN0078-CEF-04,GN0078,Ceftriaxone,1.0,4,0.0002,No Growth,SVM-RBF,No Growth
GN0078-CEF-05,GN0078,Ceftriaxone,2.0,5,0.0024,No Growth,SVM-RBF,No Growth
GN0078-CEF-06,GN0078,Ceftriaxone,4.0,6,0.028,No Growth,SVM-RBF,No Growth
GN0078-CEF-07,GN0078,Ceftriaxone,8.0,7,0.0001,No Growth,SVM-RBF,No Growth
GN0078-CEF-08,GN0078,Ceftriaxone,16.0,8,0.0001,No Growth,SVM-RBF,No Growth
GN0078-CEF-09,GN0078,Ceftriaxone,32.0,9,0.0242,No Growth,SVM-RBF,No Growth
GN0078-CEF-10,GN0078,Ceftriaxone,64.0,10,0.0,No Growth,SVM-RBF,No Growth
GN0143-CEF-01,GN0143,Ceftriaxone,0.12,1,1.0,Growth,SVM-RBF,Growth
GN0143-CEF-02,GN0143,Ceftriaxone,0.25,2,1.0,Growth,SVM-RBF,Growth
GN0143-CEF-03,GN0143,Ceftriaxone,0.5,3,1.0,Growth,SVM-RBF,Growth
GN0143-CEF-04,GN0143,Ceftriaxone,1.0,4,1.0,Growth,SVM-RBF,Growth
GN0143-CEF-05,GN0143,Ceftriaxone,2.0,5,0.9886,Growth,SVM-RBF,Growth
GN0143-CEF-06,GN0143,Ceftriaxone,4.0,6,1.0,Growth,SVM-RBF,Growth
GN0143-CEF-07,GN0143,Ceftriaxone,8.0,7,1.0,Growth,SVM-RBF,Growth
GN0143-CEF-08,GN0143,Ceftriaxone,16.0,8,0.9954,Growth,SVM-RBF,Growth
GN0143-CEF-09,GN0143,Ceftriaxone,32.0,9,0.0001,No Growth,SVM-RBF,No Growth
GN0143-CEF-10,GN0143,Ceftriaxone,64.0,10,0.0069,No Growth,SVM-RBF,No Growth
GN0006-CEF-01,GN0006,Ceftriaxone,0.12,1,0.0008,No Growth,SVM-RBF,No Growth
GN0006-CEF-02,GN0006,Ceftriaxone,0.25,2,0.0613,No Growth,SVM-RBF,No Growth
GN0006-CEF-03,GN0006,Ceftriaxone,0.5,3,0.0,No Growth,SVM-RBF,No Growth
GN0006-CEF-04,GN0006,Ceftriaxone,1.0,4,0.0,No Growth,SVM-RBF,No Growth
GN0006-CEF-05,GN0006,Ceftriaxone,2.0,5,0.0001,No Growth,SVM-RBF,No Growth
GN0006-CEF-06,GN0006,Ceftriaxone,4.0,6,0.0,No Growth,SVM-RBF,No Growth
GN0006-CEF-07,GN0006,Ceftriaxone,8.0,7,0.0,No Growth,SVM-RBF,No Growth
GN0006-CEF-08,GN0006,Ceftriaxone,16.0,8,0.0,No Growth,SVM-RBF,No Growth
GN0006-CEF-09,GN0006,Ceftriaxone,32.0,9,0.0003,No Growth,SVM-RBF,No Growth
GN0006-CEF-10,GN0006,Ceftriaxone,64.0,10,0.0,No Growth,SVM-RBF,No Growth
GN0006-AMP-01,GN0006,Ampicillin,0.12,1,1.0,Growth,SVM-RBF,Growth
GN0006-AMP-02,GN0006,Ampicillin,0.25,2,1.0,Growth,SVM-RBF,Growth
GN0006-AMP-03,GN0006,Ampicillin,0.5,3,1.0,Growth,SVM-RBF,Growth
GN0006-AMP-04,GN0006,Ampicillin,1.0,4,1.0,Growth,SVM-RBF,Growth
GN0006-AMP-05,GN0006,Ampicillin,2.0,5,1.0,Growth,SVM-RBF,Growth
GN0006-AMP-06,GN0006,Ampicillin,4.0,6,1.0,Growth,SVM-RBF,Growth
GN0006-AMP-07,GN0006,Ampicillin,8.0,7,1.0,Growth,SVM-RBF,Growth
GN0006-AMP-08,GN0006,Ampicillin,16.0,8,1.0,Growth,SVM-RBF,Growth
GN0006-AMP-09,GN0006,Ampicillin,32.0,9,0.9856,Growth,SVM-RBF,Growth
GP0011-AMP-01,GP0011,Ampicillin,0.12,1,1.0,Growth,SVM-RBF,Growth
GP0011-AMP-02,GP0011,Ampicillin,0.25,2,1.0,Growth,SVM-RBF,Growth
GP0011-AMP-03,GP0011,Ampicillin,0.5,3,0.0147,No Growth,SVM-RBF,No Growth
GP0011-AMP-04,GP0011,Ampicillin,1.0,4,0.0001,No Growth,SVM-RBF,No Growth
GP0011-AMP-05,GP0011,Ampicillin,2.0,5,0.7908,Growth,SVM-RBF,No Growth
GP0011-AMP-06,GP0011,Ampicillin,4.0,6,0.429,No Growth,SVM-RBF,No Growth
GP0011-AMP-07,GP0011,Ampicillin,8.0,7,0.0001,No Growth,SVM-RBF,No Growth
GP0011-AMP-08,GP0011,Ampicillin,16.0,8,0.0,No Growth,SVM-RBF,No Growth
GP0011-AMP-09,GP0011,Ampicillin,32.0,9,0.0,No Growth,SVM-RBF,No Growth
GP0011-DAP-01,GP0011,Daptomycin,0.06,1,0.9742,Growth,SVM-RBF,Growth
GP0011-DAP-02,GP0011,Daptomycin,0.12,2,0.9954,Growth,SVM-RBF,Growth
GP0011-DAP-03,GP0011,Daptomycin,0.25,3,0.9959,Growth,SVM-RBF,Growth
GP0011-DAP-04,GP0011,Daptomycin,0.5,4,0.9735,Growth,SVM-RBF,Growth
GP0011-DAP-05,GP0011,Daptomycin,1.0,5,0.0001,No Growth,SVM-RBF,No Growth
GP0011-DAP-06,GP0011,Daptomycin,2.0,6,0.0,No Growth,SVM-RBF,No Growth
GP0011-DAP-07,GP0011,Daptomycin,4.0,7,0.0,No Growth,SVM-RBF,No Growth
GP0011-DAP-08,GP0011,Daptomycin,8.0,8,0.0006,No Growth,SVM-RBF,No Growth
GP0011-VAN-01,GP0011,Vancomycin,0.25,1,1.0,Growth,SVM-RBF,Growth
GP0011-VAN-02,GP0011,Vancomycin,0.5,2,1.0,Growth,SVM-RBF,Growth
GP0011-VAN-03,GP0011,Vancomycin,1.0,3,0.9904,Growth,SVM-RBF,Growth
GP0011-VAN-04,GP0011,Vancomycin,2.0,4,0.0005,No Growth,SVM-RBF,No Growth
GP0011-VAN-05,GP0011,Vancomycin,4.0,5,0.0,No Growth,SVM-RBF,No Growth
GP0011-VAN-06,GP0011,Vancomycin,8.0,6,0.0003,No Growth,SVM-RBF,No Growth
GP0011-VAN-07,GP0011,Vancomycin,16.0,7,0.0026,No Growth,SVM-RBF,No Growth
GP0011-VAN-08,GP0011,Vancomycin,32.0,8,0.0116,No Growth,SVM-RBF,No Growth
GP0011-CEF-01,GP0011,Ceftriaxone,0.12,1,1.0,Growth,SVM-RBF,Growth
GP0011-CEF-02,GP0011,Ceftriaxone,0.25,2,1.0,Growth,SVM-RBF,Growth
GP0011-CEF-03,GP0011,Ceftriaxone,0.5,3,1.0,Growth,SVM-RBF,Growth
GP0011-CEF-04,GP0011,Ceftriaxone,1.0,4,1.0,Growth,SVM-RBF,Growth
GP0011-CEF-05,GP0011,Ceftriaxone,2.0,5,1.0,Growth,SVM-RBF,Growth
GP0011-CEF-06,GP0011,Ceftriaxone,4.0,6,1.0,Growth,SVM-RBF,Growth
GP0011-CEF-07,GP0011,Ceftriaxone,8.0,7,1.0,Growth,SVM-RBF,Growth
GP0011-CEF-08,GP0011,Ceftriaxone,16.0,8,0.9869,Growth,SVM-RBF,Growth
GP0011-CEF-09,GP0011,Ceftriaxone,32.0,9,0.0002,No Growth,SVM-RBF,No Growth
GP0011-CEF-10,GP0011,Ceftriaxone,64.0,10,0.0,No Growth,SVM-RBF,No Growth
GN0047-CEF-01,GN0047,Ceftriaxone,0.12,1,0.0001,No Growth,SVM-RBF,No Growth
GN0047-CEF-02,GN0047,Ceftriaxone,0.25,2,0.0,No Growth,SVM-RBF,No Growth
GN0047-CEF-03,GN0047,Ceftriaxone,0.5,3,0.0009,No Growth,SVM-RBF,No Growth
GN0047-CEF-04,GN0047,Ceftriaxone,1.0,4,0.0,No Growth,SVM-RBF,No Growth
GN0047-CEF-05,GN0047,Ceftriaxone,2.0,5,0.0001,No Growth,SVM-RBF,No Growth
GN0047-CEF-06,GN0047,Ceftriaxone,4.0,6,0.0001,No Growth,SVM-RBF,No Growth
GN0047-CEF-07,GN0047,Ceftriaxone,8.0,7,0.0,No Growth,SVM-RBF,No Growth
GN0047-CEF-08,GN0047,Ceftriaxone,16.0,8,0.0,No Growth,SVM-RBF,No Growth
GN0047-CEF-09,GN0047,Ceftriaxone,32.0,9,0.0,No Growth,SVM-RBF,No Growth
GN0047-CEF-10,GN0047,Ceftriaxone,64.0,10,0.0,No Growth,SVM-RBF,No Growth
GN0047-MER-01,GN0047,Meropenem,0.06,1,0.0009,No Growth,SVM-RBF,No Growth
GN0047-MER-02,GN0047,Meropenem,0.12,2,0.0018,No Growth,SVM-RBF,No Growth
GN0047-MER-03,GN0047,Meropenem,0.25,3,0.0,No Growth,SVM-RBF,No Growth
GN0047-MER-04,GN0047,Meropenem,0.5,4,0.0,No Growth,SVM-RBF,No Growth
GN0047-MER-05,GN0047,Meropenem,1.0,5,0.0,No Growth,SVM-RBF,No Growth
GN0047-MER-06,GN0047,Meropenem,2.0,6,0.0005,No Growth,SVM-RBF,No Growth
GN0047-MER-07,GN0047,Meropenem,4.0,7,0.0,No Growth,SVM-RBF,No Growth
GN0047-MER-08,GN0047,Meropenem,8.0,8,0.0,No Growth,SVM-RBF,No Growth
GN0047-MER-09,GN0047,Meropenem,16.0,9,0.0,No Growth,SVM-RBF,No Growth
GN0047-AMP-01,GN0047,Ampicillin,0.12,1,1.0,Growth,SVM-RBF,Growth
GN0047-AMP-02,GN0047,Ampicillin,0.25,2,1.0,Growth,SVM-RBF,Growth
GN0047-AMP-03,GN0047,Ampicillin,0.5,3,1.0,Growth,SVM-RBF,Growth
GN0047-AMP-04,GN0047,Ampicillin,1.0,4,0.9959,Growth,SVM-RBF,Growth
GN0047-AMP-05,GN0047,Ampicillin,2.0,5,0.0001,No Growth,SVM-RBF,No Growth
GN0047-AMP-06,GN0047,Ampicillin,4.0,6,0.0,No Growth,SVM-RBF,No Growth
GN0047-AMP-07,GN0047,Ampicillin,8.0,7,0.0001,No Growth,SVM-RBF,No Growth
GN0047-AMP-08,GN0047,Ampicillin,16.0,8,0.0,No Growth,SVM-RBF,No Growth
GN0047-AMP-09,GN0047,Ampicillin,32.0,9,0.0,No Growth,SVM-RBF,No Growth
GN0020-MER-01,GN0020,Meropenem,0.06,1,0.0001,No Growth,SVM-RBF,No Growth
GN0020-MER-02,GN0020,Meropenem,0.12,2,0.0166,No Growth,SVM-RBF,No Growth
GN0020-MER-03,GN0020,Meropenem,0.25,3,0.0004,No Growth,SVM-RBF,No Growth
GN0020-MER-04,GN0020,Meropenem,0.5,4,0.0,No Growth,SVM-RBF,No Growth
GN0020-MER-05,GN0020,Meropenem,1.0,5,0.0001,No Growth,SVM-RBF,No Growth
GN0020-MER-06,GN0020,Meropenem,2.0,6,0.0,No Growth,SVM-RBF,No Growth
GN0020-MER-07,GN0020,Meropenem,4.0,7,0.0,No Growth,SVM-RBF,No Growth
GN0020-MER-08,GN0020,Meropenem,8.0,8,0.0024,No Growth,SVM-RBF,No Growth
GN0020-MER-09,GN0020,Meropenem,16.0,9,0.0,No Growth,SVM-RBF,No Growth
GN0020-AMP-01,GN0020,Ampicillin,0.12,1,1.0,Growth,SVM-RBF,Growth
GN0020-AMP-02,GN0020,Ampicillin,0.25,2,1.0,Growth,SVM-RBF,Growth
GN0020-AMP-03,GN0020,Ampicillin,0.5,3,1.0,Growth,SVM-RBF,Growth
GN0020-AMP-04,GN0020,Ampicillin,1.0,4,1.0,Growth,SVM-RBF,Growth
GN0020-AMP-05,GN0020,Ampicillin,2.0,5,1.0,Growth,SVM-RBF,Growth
GN0020-AMP-06,GN0020,Ampicillin,4.0,6,1.0,Growth,SVM-RBF,Growth
GN0020-AMP-07,GN0020,Ampicillin,8.0,7,1.0,Growth,SVM-RBF,Growth
GN0020-AMP-08,GN0020,Ampicillin,16.0,8,1.0,Growth,SVM-RBF,Growth
GN0020-AMP-09,GN0020,Ampicillin,32.0,9,0.0298,No Growth,SVM-RBF,No Growth
GP0094-OXA-01,GP0094,Oxacillin,0.06,1,0.9974,Growth,SVM-RBF,Growth
GP0094-OXA-02,GP0094,Oxacillin,0.12,2,1.0,Growth,SVM-RBF,Growth
GP0094-OXA-03,GP0094,Oxacillin,0.25,3,0.4404,No Growth,SVM-RBF,No Growth
GP0094-OXA-04,GP0094,Oxacillin,0.5,4,0.0,No Growth,SVM-RBF,No Growth
GP0094-OXA-05,GP0094,Oxacillin,1.0,5,0.0,No Growth,SVM-RBF,No Growth
GP0094-OXA-06,GP0094,Oxacillin,2.0,6,0.0,No Growth,SVM-RBF,No Growth
GP0094-OXA-07,GP0094,Oxacillin,4.0,7,0.0,No Growth,SVM-RBF,No Growth
GP0094-OXA-08,GP0094,Oxacillin,8.0,8,0.2652,No Growth,SVM-RBF,No Growth
GP0094-CEF-01,GP0094,Ceftriaxone,0.12,1,1.0,Growth,SVM-RBF,Growth
GP0094-CEF-02,GP0094,Ceftriaxone,0.25,2,1.0,Growth,SVM-RBF,Growth
GP0094-CEF-03,GP0094,Ceftriaxone,0.5,3,1.0,Growth,SVM-RBF,Growth
GP0094-CEF-04,GP0094,Ceftriaxone,1.0,4,1.0,Growth,SVM-RBF,Growth
GP0094-CEF-05,GP0094,Ceftriaxone,2.0,5,0.0002,No Growth,SVM-RBF,No Growth
GP0094-CEF-06,GP0094,Ceftriaxone,4.0,6,0.0,No Growth,SVM-RBF,No Growth
GP0094-CEF-07,GP0094,Ceftriaxone,8.0,7,0.9555,Growth,SVM-RBF,No Growth
GP0094-CEF-08,GP0094,Ceftriaxone,16.0,8,0.5723,Growth,SVM-RBF,No Growth
GP0094-CEF-09,GP0094,Ceftriaxone,32.0,9,0.0,No Growth,SVM-RBF,No Growth
GP0094-CEF-10,GP0094,Ceftriaxone,64.0,10,0.0,No Growth,SVM-RBF,No Growth
GP0094-AMP-01,GP0094,Ampicillin,0.12,1,1.0,Growth,SVM-RBF,Growth
GP0094-AMP-02,GP0094,Ampicillin,0.25,2,1.0,Growth,SVM-RBF,Growth
GP0094-AMP-03,GP0094,Ampicillin,0.5,3,1.0,Growth,SVM-RBF,Growth
GP0094-AMP-04,GP0094,Ampicillin,1.0,4,1.0,Growth,SVM-RBF,Growth
GP0094-AMP-05,GP0094,Ampicillin,2.0,5,0.9931,Growth,SVM-RBF,Growth
GP0094-AMP-06,GP0094,Ampicillin,4.0,6,0.0004,No Growth,SVM-RBF,No Growth
GP0094-AMP-07,GP0094,Ampicillin,8.0,7,0.0,No Growth,SVM-RBF,No Growth
GP0094-AMP-08,GP0094,Ampicillin,16.0,8,0.0,No Growth,SVM-RBF,No Growth
GP0094-AMP-09,GP0094,Ampicillin,32.0,9,0.0025,No Growth,SVM-RBF,No Growth
GP0094-DAP-01,GP0094,Daptomycin,0.06,1,1.0,Growth,SVM-RBF,Growth
GP0094-DAP-02,GP0094,Daptomycin,0.12,2,0.9909,Growth,SVM-RBF,Growth
GP0094-DAP-03,GP0094,Daptomycin,0.25,3,0.0002,No Growth,SVM-RBF,No Growth
GP0094-DAP-04,GP0094,Daptomycin,0.5,4,0.0,No Growth,SVM-RBF,No Growth
GP0094-DAP-05,GP0094,Daptomycin,1.0,5,0.0053,No Growth,SVM-RBF,No Growth
GP0094-DAP-06,GP0094,Daptomycin,2.0,6,0.1235,No Growth,SVM-RBF,No Growth
GP0094-DAP-07,GP0094,Daptomycin,4.0,7,0.0,No Growth,SVM-RBF,No Growth
GP0094-DAP-08,GP0094,Daptomycin,8.0,8,0.0,No Growth,SVM-RBF,No Growth
GP0078-AMP-01,GP0078,Ampicillin,0.12,1,1.0,Growth,SVM-RBF,Growth
GP0078-AMP-02,GP0078,Ampicillin,0.25,2,1.0,Growth,SVM-RBF,Growth
GP0078-AMP-03,GP0078,Ampicillin,0.5,3,0.8804,Growth,SVM-RBF,Growth
GP0078-AMP-04,GP0078,Ampicillin,1.0,4,1.0,Growth,SVM-RBF,Growth
GP0078-AMP-05,GP0078,Ampicillin,2.0,5,1.0,Growth,SVM-RBF,Growth
GP0078-AMP-06,GP0078,Ampicillin,4.0,6,1.0,Growth,SVM-RBF,Growth
GP0078-AMP-07,GP0078,Ampicillin,8.0,7,1.0,Growth,SVM-RBF,Growth
GP0078-AMP-08,GP0078,Ampicillin,16.0,8,0.9947,Growth,SVM-RBF,Growth
GP0078-AMP-09,GP0078,Ampicillin,32.0,9,0.994,Growth,SVM-RBF,Growth
GP0078-MER-01,GP0078,Meropenem,0.06,1,1.0,Growth,SVM-RBF,Growth
GP0078-MER-02,GP0078,Meropenem,0.12,2,1.0,Growth,SVM-RBF,Growth
GP0078-MER-03,GP0078,Meropenem,0.25,3,1.0,Growth,SVM-RBF,Growth
GP0078-MER-04,GP0078,Meropenem,0.5,4,1.0,Growth,SVM-RBF,Growth
GP0078-MER-05,GP0078,Meropenem,1.0,5,1.0,Growth,SVM-RBF,Growth
GP0078-MER-06,GP0078,Meropenem,2.0,6,1.0,Growth,SVM-RBF,Growth
GP0078-MER-07,GP0078,Meropenem,4.0,7,0.9942,Growth,SVM-RBF,Growth
GP0078-MER-08,GP0078,Meropenem,8.0,8,0.9949,Growth,SVM-RBF,Growth
GP0078-MER-09,GP0078,Meropenem,16.0,9,0.9398,Growth,SVM-RBF,Growth
GP0078-VAN-01,GP0078,Vancomycin,0.25,1,0.9312,Growth,SVM-RBF,Growth
GP0078-VAN-02,GP0078,Vancomycin,0.5,2,0.9897,Growth,SVM-RBF,Growth
GP0078-VAN-03,GP0078,Vancomycin,1.0,3,0.9888,Growth,SVM-RBF,Growth
GP0078-VAN-04,GP0078,Vancomycin,2.0,4,0.0667,No Growth,SVM-RBF,No Growth
GP0078-VAN-05,GP0078,Vancomycin,4.0,5,0.0,No Growth,SVM-RBF,No Growth
GP0078-VAN-06,GP0078,Vancomycin,8.0,6,0.0,No Growth,SVM-RBF,No Growth
GP0078-VAN-07,GP0078,Vancomycin,16.0,7,0.0,No Growth,SVM-RBF,No Growth
GP0078-VAN-08,GP0078,Vancomycin,32.0,8,0.0,No Growth,SVM-RBF,No Growth
GP0078-DAP-01,GP0078,Daptomycin,0.06,1,0.996,Growth,SVM-RBF,Growth
GP0078-DAP-02,GP0078,Daptomycin,0.12,2,1.0,Growth,SVM-RBF,Growth
GP0078-DAP-03,GP0078,Daptomycin,0.25,3,0.9839,Growth,SVM-RBF,Growth
GP0078-DAP-04,GP0078,Daptomycin,0.5,4,1.0,Growth,SVM-RBF,Growth
GP0078-DAP-05,GP0078,Daptomycin,1.0,5,0.9705,Growth,SVM-RBF,Growth
GP0078-DAP-06,GP0078,Daptomycin,2.0,6,0.9783,Growth,SVM-RBF,Growth
GP0078-DAP-07,GP0078,Daptomycin,4.0,7,0.645,Growth,SVM-RBF,Growth
GP0078-DAP-08,GP0078,Daptomycin,8.0,8,0.0,No Growth,SVM-RBF,No Growth
GP0078-CEF-01,GP0078,Ceftriaxone,0.12,1,1.0,Growth,SVM-RBF,Growth
GP0078-CEF-02,GP0078,Ceftriaxone,0.25,2,1.0,Growth,SVM-RBF,Growth
GP0078-CEF-03,GP0078,Ceftriaxone,0.5,3,1.0,Growth,SVM-RBF,Growth
GP0078-CEF-04,GP0078,Ceftriaxone,1.0,4,1.0,Growth,SVM-RBF,Growth
GP0078-CEF-05,GP0078,Ceftriaxone,2.0,5,1.0,Growth,SVM-RBF,Growth
GP0078-CEF-06,GP0078,Ceftriaxone,4.0,6,1.0,Growth,SVM-RBF,Growth
GP0078-CEF-07,GP0078,Ceftriaxone,8.0,7,1.0,Growth,SVM-RBF,Growth
GP0078-CEF-08,GP0078,Ceftriaxone,16.0,8,1.0,Growth,SVM-RBF,Growth
GP0078-CEF-09,GP0078,Ceftriaxone,32.0,9,1.0,Growth,SVM-RBF,Growth
GP0078-CEF-10,GP0078,Ceftriaxone,64.0,10,0.8855,Growth,SVM-RBF,Growth
GP0110-CEF-01,GP0110,Ceftriaxone,0.12,1,1.0,Growth,SVM-RBF,Growth
GP0110-CEF-02,GP0110,Ceftriaxone,0.25,2,1.0,Growth,SVM-RBF,Growth
GP0110-CEF-03,GP0110,Ceftriaxone,0.5,3,1.0,Growth,SVM-RBF,Growth
GP0110-CEF-04,GP0110,Ceftriaxone,1.0,4,1.0,Growth,SVM-RBF,Growth
GP0110-CEF-05,GP0110,Ceftriaxone,2.0,5,1.0,Growth,SVM-RBF,Growth
GP0110-CEF-06,GP0110,Ceftriaxone,4.0,6,1.0,Growth,SVM-RBF,Growth
GP0110-CEF-07,GP0110,Ceftriaxone,8.0,7,1.0,Growth,SVM-RBF,Growth
GP0110-CEF-08,GP0110,Ceftriaxone,16.0,8,1.0,Growth,SVM-RBF,Growth
GP0110-CEF-09,GP0110,Ceftriaxone,32.0,9,0.6335,Growth,SVM-RBF,Growth
GP0110-CEF-10,GP0110,Ceftriaxone,64.0,10,0.0639,No Growth,SVM-RBF,No Growth
GP0110-VAN-01,GP0110,Vancomycin,0.25,1,1.0,Growth,SVM-RBF,Growth
GP0110-VAN-02,GP0110,Vancomycin,0.5,2,0.9913,Growth,SVM-RBF,Growth
GP0110-VAN-03,GP0110,Vancomycin,1.0,3,0.0,No Growth,SVM-RBF,No Growth
GP0110-VAN-04,GP0110,Vancomycin,2.0,4,0.0,No Growth,SVM-RBF,No Growth
GP0110-VAN-05,GP0110,Vancomycin,4.0,5,0.0,No Growth,SVM-RBF,No Growth
GP0110-VAN-06,GP0110,Vancomycin,8.0,6,0.0,No Growth,SVM-RBF,No Growth
GP0110-VAN-07,GP0110,Vancomycin,16.0,7,0.0,No Growth,SVM-RBF,No Growth
GP0110-VAN-08,GP0110,Vancomycin,32.0,8,0.0,No Growth,SVM-RBF,No Growth
GP0110-AMP-01,GP0110,Ampicillin,0.12,1,1.0,Growth,SVM-RBF,Growth
GP0110-AMP-02,GP0110,Ampicillin,0.25,2,1.0,Growth,SVM-RBF,Growth
GP0110-AMP-03,GP0110,Ampicillin,0.5,3,1.0,Growth,SVM-RBF,Growth
GP0110-AMP-04,GP0110,Ampicillin,1.0,4,1.0,Growth,SVM-RBF,Growth
GP0110-AMP-05,GP0110,Ampicillin,2.0,5,1.0,Growth,SVM-RBF,Growth
GP0110-AMP-06,GP0110,Ampicillin,4.0,6,1.0,Growth,SVM-RBF,Growth
GP0110-AMP-07,GP0110,Ampicillin,8.0,7,1.0,Growth,SVM-RBF,Growth
GP0110-AMP-08,GP0110,Ampicillin,16.0,8,1.0,Growth,SVM-RBF,Growth
GP0110-AMP-09,GP0110,Ampicillin,32.0,9,0.0056,No Growth,SVM-RBF,No Growth
GN0042-MER-01,GN0042,Meropenem,0.06,1,1.0,Growth,SVM-RBF,Growth
GN0042-MER-02,GN0042,Meropenem,0.12,2,1.0,Growth,SVM-RBF,Growth
GN0042-MER-03,GN0042,Meropenem,0.25,3,1.0,Growth,SVM-RBF,Growth
GN0042-MER-04,GN0042,Meropenem,0.5,4,1.0,Growth,SVM-RBF,Growth
GN0042-MER-05,GN0042,Meropenem,1.0,5,0.9965,Growth,SVM-RBF,Growth
GN0042-MER-06,GN0042,Meropenem,2.0,6,0.9971,Growth,SVM-RBF,Growth
GN0042-MER-07,GN0042,Meropenem,4.0,7,0.9952,Growth,SVM-RBF,Growth
GN0042-MER-08,GN0042,Meropenem,8.0,8,0.9956,Growth,SVM-RBF,Growth
GN0042-MER-09,GN0042,Meropenem,16.0,9,0.0001,No Growth,SVM-RBF,No Growth
GN0042-AMP-01,GN0042,Ampicillin,0.12,1,1.0,Growth,SVM-RBF,Growth
GN0042-AMP-02,GN0042,Ampicillin,0.25,2,1.0,Growth,SVM-RBF,Growth
GN0042-AMP-03,GN0042,Ampicillin,0.5,3,1.0,Growth,SVM-RBF,Growth
GN0042-AMP-04,GN0042,Ampicillin,1.0,4,0.5989,Growth,SVM-RBF,Growth
GN0042-AMP-05,GN0042,Ampicillin,2.0,5,1.0,Growth,SVM-RBF,Growth
GN0042-AMP-06,GN0042,Ampicillin,4.0,6,1.0,Growth,SVM-RBF,Growth
GN0042-AMP-07,GN0042,Ampicillin,8.0,7,1.0,Growth,SVM-RBF,Growth
GN0042-AMP-08,GN0042,Ampicillin,16.0,8,1.0,Growth,SVM-RBF,Growth
GN0042-AMP-09,GN0042,Ampicillin,32.0,9,0.9952,Growth,SVM-RBF,Growth
GN0042-CEF-01,GN0042,Ceftriaxone,0.12,1,0.9965,Growth,SVM-RBF,Growth
GN0042-CEF-02,GN0042,Ceftriaxone,0.25,2,1.0,Growth,SVM-RBF,Growth
GN0042-CEF-03,GN0042,Ceftriaxone,0.5,3,0.9923,Growth,SVM-RBF,Growth
GN0042-CEF-04,GN0042,Ceftriaxone,1.0,4,1.0,Growth,SVM-RBF,Growth
GN0042-CEF-05,GN0042,Ceftriaxone,2.0,5,1.0,Growth,SVM-RBF,Growth
GN0042-CEF-06,GN0042,Ceftriaxone,4.0,6,1.0,Growth,SVM-RBF,Growth
GN0042-CEF-07,GN0042,Ceftriaxone,8.0,7,1.0,Growth,SVM-RBF,Growth
GN0042-CEF-08,GN0042,Ceftriaxone,16.0,8,1.0,Growth,SVM-RBF,Growth
GN0042-CEF-09,GN0042,Ceftriaxone,32.0,9,0.0037,No Growth,SVM-RBF,No Growth
GN0042-CEF-10,GN0042,Ceftriaxone,64.0,10,0.0,No Growth,SVM-RBF,No Growth
GP0079-MER-01,GP0079,Meropenem,0.06,1,1.0,Growth,SVM-RBF,Growth
GP0079-MER-02,GP0079,Meropenem,0.12,2,1.0,Growth,SVM-RBF,Growth
GP0079-MER-03,GP0079,Meropenem,0.25,3,1.0,Growth,SVM-RBF,Growth
GP0079-MER-04,GP0079,Meropenem,0.5,4,1.0,Growth,SVM-RBF,Growth
GP0079-MER-05,GP0079,Meropenem,1.0,5,1.0,Growth,SVM-RBF,Growth
GP0079-MER-06,GP0079,Meropenem,2.0,6,0.9963,Growth,SVM-RBF,Growth
GP0079-MER-07,GP0079,Meropenem,4.0,7,0.9239,Growth,SVM-RBF,Growth
GP0079-MER-08,GP0079,Meropenem,8.0,8,0.0001,No Growth,SVM-RBF,No Growth
GP0079-MER-09,GP0079,Meropenem,16.0,9,0.0,No Growth,SVM-RBF,No Growth
GP0079-OXA-01,GP0079,Oxacillin,0.06,1,1.0,Growth,SVM-RBF,Growth
GP0079-OXA-02,GP0079,Oxacillin,0.12,2,0.9842,Growth,SVM-RBF,Growth
GP0079-OXA-03,GP0079,Oxacillin,0.25,3,1.0,Growth,SVM-RBF,Growth
GP0079-OXA-04,GP0079,Oxacillin,0.5,4,1.0,Growth,SVM-RBF,Growth
GP0079-OXA-05,GP0079,Oxacillin,1.0,5,1.0,Growth,SVM-RBF,Growth
GP0079-OXA-06,GP0079,Oxacillin,2.0,6,0.4944,No Growth,SVM-RBF,Growth
GP0079-OXA-07,GP0079,Oxacillin,4.0,7,1.0,Growth,SVM-RBF,Growth
GP0079-OXA-08,GP0079,Oxacillin,8.0,8,0.9941,Growth,SVM-RBF,Growth
GP0079-VAN-01,GP0079,Vancomycin,0.25,1,1.0,Growth,SVM-RBF,Growth
GP0079-VAN-02,GP0079,Vancomycin,0.5,2,1.0,Growth,SVM-RBF,Growth
GP0079-VAN-03,GP0079,Vancomycin,1.0,3,1.0,Growth,SVM-RBF,Growth
GP0079-VAN-04,GP0079,Vancomycin,2.0,4,0.9944,Growth,SVM-RBF,Growth
GP0079-VAN-05,GP0079,Vancomycin,4.0,5,0.0013,No Growth,SVM-RBF,No Growth
GP0079-VAN-06,GP0079,Vancomycin,8.0,6,0.0,No Growth,SVM-RBF,No Growth
GP0079-VAN-07,GP0079,Vancomycin,16.0,7,0.0055,No Growth,SVM-RBF,No Growth
GP0079-VAN-08,GP0079,Vancomycin,32.0,8,0.0,No Growth,SVM-RBF,No Growth
GN0076-MER-01,GN0076,Meropenem,0.06,1,0.0002,No Growth,SVM-RBF,No Growth
GN0076-MER-02,GN0076,Meropenem,0.12,2,0.0,No Growth,SVM-RBF,No Growth
GN0076-MER-03,GN0076,Meropenem,0.25,3,0.0001,No Growth,SVM-RBF,No Growth
GN0076-MER-04,GN0076,Meropenem,0.5,4,0.0,No Growth,SVM-RBF,No Growth
GN0076-MER-05,GN0076,Meropenem,1.0,5,0.0002,No Growth,SVM-RBF,No Growth
GN0076-MER-06,GN0076,Meropenem,2.0,6,0.0,No Growth,SVM-RBF,No Growth
GN0076-MER-07,GN0076,Meropenem,4.0,7,0.0,No Growth,SVM-RBF,No Growth
GN0076-MER-08,GN0076,Meropenem,8.0,8,0.0001,No Growth,SVM-RBF,No Growth
GN0076-MER-09,GN0076,Meropenem,16.0,9,0.0,No Growth,SVM-RBF,No Growth
GN0076-AMP-01,GN0076,Ampicillin,0.12,1,1.0,Growth,SVM-RBF,Growth
GN0076-AMP-02,GN0076,Ampicillin,0.25,2,1.0,Growth,SVM-RBF,Growth
GN0076-AMP-03,GN0076,Ampicillin,0.5,3,0.9963,Growth,SVM-RBF,Growth
GN0076-AMP-04,GN0076,Ampicillin,1.0,4,1.0,Growth,SVM-RBF,Growth
GN0076-AMP-05,GN0076,Ampicillin,2.0,5,1.0,Growth,SVM-RBF,Growth
GN0076-AMP-06,GN0076,Ampicillin,4.0,6,1.0,Growth,SVM-RBF,Growth
GN0076-AMP-07,GN0076,Ampicillin,8.0,7,0.9483,Growth,SVM-RBF,Growth
GN0076-AMP-08,GN0076,Ampicillin,16.0,8,1.0,Growth,SVM-RBF,Growth
GN0076-AMP-09,GN0076,Ampicillin,32.0,9,0.0015,No Growth,SVM-RBF,No Growth
GN0017-AMP-01,GN0017,Ampicillin,0.12,1,1.0,Growth,SVM-RBF,Growth
GN0017-AMP-02,GN0017,Ampicillin,0.25,2,1.0,Growth,SVM-RBF,Growth
GN0017-AMP-03,GN0017,Ampicillin,0.5,3,1.0,Growth,SVM-RBF,Growth
GN0017-AMP-04,GN0017,Ampicillin,1.0,4,1.0,Growth,SVM-RBF,Growth
GN0017-AMP-05,GN0017,Ampicillin,2.0,5,1.0,Growth,SVM-RBF,Growth
GN0017-AMP-06,GN0017,Ampicillin,4.0,6,1.0,Growth,SVM-RBF,Growth
GN0017-AMP-07,GN0017,Ampicillin,8.0,7,1.0,Growth,SVM-RBF,Growth
GN0017-AMP-08,GN0017,Ampicillin,16.0,8,1.0,Growth,SVM-RBF,Growth
GN0017-AMP-09,GN0017,Ampicillin,32.0,9,1.0,Growth,SVM-RBF,Growth
GN0017-MER-01,GN0017,Meropenem,0.06,1,0.8652,Growth,SVM-RBF,Growth
GN0017-MER-02,GN0017,Meropenem,0.12,2,1.0,Growth,SVM-RBF,Growth
GN0017-MER-03,GN0017,Meropenem,0.25,3,1.0,Growth,SVM-RBF,Growth
GN0017-MER-04,GN0017,Meropenem,0.5,4,0.0026,No Growth,SVM-RBF,No Growth
GN0017-MER-05,GN0017,Meropenem,1.0,5,0.3154,No Growth,SVM-RBF,No Growth
GN0017-MER-06,GN0017,Meropenem,2.0,6,0.0,No Growth,SVM-RBF,No Growth
GN0017-MER-07,GN0017,Meropenem,4.0,7,0.0,No Growth,SVM-RBF,No Growth
GN0017-MER-08,GN0017,Meropenem,8.0,8,0.0,No Growth,SVM-RBF,No Growth
GN0017-MER-09,GN0017,Meropenem,16.0,9,0.0,No Growth,SVM-RBF,No Growth
GN0017-CEF-01,GN0017,Ceftriaxone,0.12,1,1.0,Growth,SVM-RBF,Growth
GN0017-CEF-02,GN0017,Ceftriaxone,0.25,2,1.0,Growth,SVM-RBF,Growth
GN0017-CEF-03,GN0017,Ceftriaxone,0.5,3,1.0,Growth,SVM-RBF,Growth
GN0017-CEF-04,GN0017,Ceftriaxone,1.0,4,1.0,Growth,SVM-RBF,Growth
GN0017-CEF-05,GN0017,Ceftriaxone,2.0,5,1.0,Growth,SVM-RBF,Growth
GN0017-CEF-06,GN0017,Ceftriaxone,4.0,6,1.0,Growth,SVM-RBF,Growth
GN0017-CEF-07,GN0017,Ceftriaxone,8.0,7,1.0,Growth,SVM-RBF,Growth
GN0017-CEF-08,GN0017,Ceftriaxone,16.0,8,1.0,Growth,SVM-RBF,Growth
GN0017-CEF-09,GN0017,Ceftriaxone,32.0,9,0.9501,Growth,SVM-RBF,Growth
GN0017-CEF-10,GN0017,Ceftriaxone,64.0,10,0.0002,No Growth,SVM-RBF,No Growth
GP0075-CEF-01,GP0075,Ceftriaxone,0.12,1,1.0,Growth,SVM-RBF,Growth
GP0075-CEF-02,GP0075,Ceftriaxone,0.25,2,1.0,Growth,SVM-RBF,Growth
GP0075-CEF-03,GP0075,Ceftriaxone,0.5,3,1.0,Growth,SVM-RBF,Growth
GP0075-CEF-04,GP0075,Ceftriaxone,1.0,4,1.0,Growth,SVM-RBF,Growth
GP0075-CEF-05,GP0075,Ceftriaxone,2.0,5,1.0,Growth,SVM-RBF,Growth
GP0075-CEF-06,GP0075,Ceftriaxone,4.0,6,1.0,Growth,SVM-RBF,Growth
GP0075-CEF-07,GP0075,Ceftriaxone,8.0,7,1.0,Growth,SVM-RBF,Growth
GP0075-CEF-08,GP0075,Ceftriaxone,16.0,8,1.0,Growth,SVM-RBF,Growth
GP0075-CEF-09,GP0075,Ceftriaxone,32.0,9,0.9956,Growth,SVM-RBF,Growth
GP0075-CEF-10,GP0075,Ceftriaxone,64.0,10,0.9502,Growth,SVM-RBF,Growth
GP0075-MER-01,GP0075,Meropenem,0.06,1,1.0,Growth,SVM-RBF,Growth
GP0075-MER-02,GP0075,Meropenem,0.12,2,1.0,Growth,SVM-RBF,Growth
GP0075-MER-03,GP0075,Meropenem,0.25,3,1.0,Growth,SVM-RBF,Growth
GP0075-MER-04,GP0075,Meropenem,0.5,4,1.0,Growth,SVM-RBF,Growth
GP0075-MER-05,GP0075,Meropenem,1.0,5,1.0,Growth,SVM-RBF,Growth
GP0075-MER-06,GP0075,Meropenem,2.0,6,1.0,Growth,SVM-RBF,Growth
GP0075-MER-07,GP0075,Meropenem,4.0,7,0.8692,Growth,SVM-RBF,Growth
GP0075-MER-08,GP0075,Meropenem,8.0,8,0.0006,No Growth,SVM-RBF,No Growth
GP0075-MER-09,GP0075,Meropenem,16.0,9,0.0,No Growth,SVM-RBF,No Growth
GP0075-VAN-01,GP0075,Vancomycin,0.25,1,1.0,Growth,SVM-RBF,Growth
GP0075-VAN-02,GP0075,Vancomycin,0.5,2,1.0,Growth,SVM-RBF,Growth
GP0075-VAN-03,GP0075,Vancomycin,1.0,3,1.0,Growth,SVM-RBF,Growth
GP0075-VAN-04,GP0075,Vancomycin,2.0,4,0.9919,Growth,SVM-RBF,Growth
GP0075-VAN-05,GP0075,Vancomycin,4.0,5,1.0,Growth,SVM-RBF,Growth
GP0075-VAN-06,GP0075,Vancomycin,8.0,6,1.0,Growth,SVM-RBF,Growth
GP0075-VAN-07,GP0075,Vancomycin,16.0,7,0.9968,Growth,SVM-RBF,Growth
GP0075-VAN-08,GP0075,Vancomycin,32.0,8,0.1176,No Growth,SVM-RBF,Growth
GP0075-DAP-01,GP0075,Daptomycin,0.06,1,1.0,Growth,SVM-RBF,Growth
GP0075-DAP-02,GP0075,Daptomycin,0.12,2,1.0,Growth,SVM-RBF,Growth
GP0075-DAP-03,GP0075,Daptomycin,0.25,3,1.0,Growth,SVM-RBF,Growth
GP0075-DAP-04,GP0075,Daptomycin,0.5,4,1.0,Growth,SVM-RBF,Growth
GP0075-DAP-05,GP0075,Daptomycin,1.0,5,0.0985,No Growth,SVM-RBF,Growth
GP0075-DAP-06,GP0075,Daptomycin,2.0,6,0.9733,Growth,SVM-RBF,Growth
GP0075-DAP-07,GP0075,Daptomycin,4.0,7,0.0,No Growth,SVM-RBF,No Growth
GP0075-DAP-08,GP0075,Daptomycin,8.0,8,0.0,No Growth,SVM-RBF,No Growth
GN0071-MER-01,GN0071,Meropenem,0.06,1,0.0,No Growth,SVM-RBF,No Growth
GN0071-MER-02,GN0071,Meropenem,0.12,2,0.0,No Growth,SVM-RBF,No Growth
GN0071-MER-03,GN0071,Meropenem,0.25,3,0.0,No Growth,SVM-RBF,No Growth
GN0071-MER-04,GN0071,Meropenem,0.5,4,0.0,No Growth,SVM-RBF,No Growth
GN0071-MER-05,GN0071,Meropenem,1.0,5,0.0,No Growth,SVM-RBF,No Growth
GN0071-MER-06,GN0071,Meropenem,2.0,6,0.0,No Growth,SVM-RBF,No Growth
GN0071-MER-07,GN0071,Meropenem,4.0,7,0.0172,No Growth,SVM-RBF,No Growth
GN0071-MER-08,GN0071,Meropenem,8.0,8,0.0,No Growth,SVM-RBF,No Growth
GN0071-MER-09,GN0071,Meropenem,16.0,9,0.2429,No Growth,SVM-RBF,No Growth
GN0071-AMP-01,GN0071,Ampicillin,0.12,1,1.0,Growth,SVM-RBF,Growth
GN0071-AMP-02,GN0071,Ampicillin,0.25,2,1.0,Growth,SVM-RBF,Growth
GN0071-AMP-03,GN0071,Ampicillin,0.5,3,1.0,Growth,SVM-RBF,Growth
GN0071-AMP-04,GN0071,Ampicillin,1.0,4,1.0,Growth,SVM-RBF,Growth
GN0071-AMP-05,GN0071,Ampicillin,2.0,5,1.0,Growth,SVM-RBF,Growth
GN0071-AMP-06,GN0071,Ampicillin,4.0,6,0.8718,Growth,SVM-RBF,Growth
GN0071-AMP-07,GN0071,Ampicillin,8.0,7,1.0,Growth,SVM-RBF,Growth
GN0071-AMP-08,GN0071,Ampicillin,16.0,8,1.0,Growth,SVM-RBF,Growth
GN0071-AMP-09,GN0071,Ampicillin,32.0,9,0.9885,Growth,SVM-RBF,Growth
GN0071-CEF-01,GN0071,Ceftriaxone,0.12,1,0.0,No Growth,SVM-RBF,No Growth
GN0071-CEF-02,GN0071,Ceftriaxone,0.25,2,0.0,No Growth,SVM-RBF,No Growth
GN0071-CEF-03,GN0071,Ceftriaxone,0.5,3,0.0009,No Growth,SVM-RBF,No Growth
GN0071-CEF-04,GN0071,Ceftriaxone,1.0,4,0.0006,No Growth,SVM-RBF,No Growth
GN0071-CEF-05,GN0071,Ceftriaxone,2.0,5,0.0,No Growth,SVM-RBF,No Growth
GN0071-CEF-06,GN0071,Ceftriaxone,4.0,6,0.0,No Growth,SVM-RBF,No Growth
GN0071-CEF-07,GN0071,Ceftriaxone,8.0,7,0.0003,No Growth,SVM-RBF,No Growth
GN0071-CEF-08,GN0071,Ceftriaxone,16.0,8,0.0,No Growth,SVM-RBF,No Growth
GN0071-CEF-09,GN0071,Ceftriaxone,32.0,9,0.0008,No Growth,SVM-RBF,No Growth
GN0071-CEF-10,GN0071,Ceftriaxone,64.0,10,0.0,No Growth,SVM-RBF,No Growth
GN0113-MER-01,GN0113,Meropenem,0.06,1,0.0124,No Growth,SVM-RBF,No Growth
GN0113-MER-02,GN0113,Meropenem,0.12,2,0.0004,No Growth,SVM-RBF,No Growth
GN0113-MER-03,GN0113,Meropenem,0.25,3,0.0,No Growth,SVM-RBF,No Growth
GN0113-MER-04,GN0113,Meropenem,0.5,4,0.0,No Growth,SVM-RBF,No Growth
GN0113-MER-05,GN0113,Meropenem,1.0,5,0.0,No Growth,SVM-RBF,No Growth
GN0113-MER-06,GN0113,Meropenem,2.0,6,0.003,No Growth,SVM-RBF,No Growth
GN0113-MER-07,GN0113,Meropenem,4.0,7,0.0,No Growth,SVM-RBF,No Growth
GN0113-MER-08,GN0113,Meropenem,8.0,8,0.0,No Growth,SVM-RBF,No Growth
GN0113-MER-09,GN0113,Meropenem,16.0,9,0.0018,No Growth,SVM-RBF,No Growth
GN0113-CEF-01,GN0113,Ceftriaxone,0.12,1,0.0372,No Growth,SVM-RBF,No Growth
GN0113-CEF-02,GN0113,Ceftriaxone,0.25,2,0.0006,No Growth,SVM-RBF,No Growth
GN0113-CEF-03,GN0113,Ceftriaxone,0.5,3,0.3776,No Growth,SVM-RBF,No Growth
GN0113-CEF-04,GN0113,Ceftriaxone,1.0,4,0.0003,No Growth,SVM-RBF,No Growth
GN0113-CEF-05,GN0113,Ceftriaxone,2.0,5,0.0,No Growth,SVM-RBF,No Growth
GN0113-CEF-06,GN0113,Ceftriaxone,4.0,6,0.0,No Growth,SVM-RBF,No Growth
GN0113-CEF-07,GN0113,Ceftriaxone,8.0,7,0.0,No Growth,SVM-RBF,No Growth
GN0113-CEF-08,GN0113,Ceftriaxone,16.0,8,0.0001,No Growth,SVM-RBF,No Growth
GN0113-CEF-09,GN0113,Ceftriaxone,32.0,9,0.2879,No Growth,SVM-RBF,No Growth
GN0113-CEF-10,GN0113,Ceftriaxone,64.0,10,0.0,No Growth,SVM-RBF,No Growth
GN0113-AMP-01,GN0113,Ampicillin,0.12,1,1.0,Growth,SVM-RBF,Growth
GN0113-AMP-02,GN0113,Ampicillin,0.25,2,1.0,Growth,SVM-RBF,Growth
GN0113-AMP-03,GN0113,Ampicillin,0.5,3,1.0,Growth,SVM-RBF,Growth
GN0113-AMP-04,GN0113,Ampicillin,1.0,4,0.9872,Growth,SVM-RBF,Growth
GN0113-AMP-05,GN0113,Ampicillin,2.0,5,1.0,Growth,SVM-RBF,Growth
GN0113-AMP-06,GN0113,Ampicillin,4.0,6,1.0,Growth,SVM-RBF,Growth
GN0113-AMP-07,GN0113,Ampicillin,8.0,7,0.003,No Growth,SVM-RBF,No Growth
GN0113-AMP-08,GN0113,Ampicillin,16.0,8,0.0001,No Growth,SVM-RBF,No Growth
GN0113-AMP-09,GN0113,Ampicillin,32.0,9,0.0004,No Growth,SVM-RBF,No Growth
GP0006-DAP-01,GP0006,Daptomycin,0.06,1,1.0,Growth,SVM-RBF,Growth
GP0006-DAP-02,GP0006,Daptomycin,0.12,2,1.0,Growth,SVM-RBF,Growth
GP0006-DAP-03,GP0006,Daptomycin,0.25,3,1.0,Growth,SVM-RBF,Growth
GP0006-DAP-04,GP0006,Daptomycin,0.5,4,0.9934,Growth,SVM-RBF,Growth
GP0006-DAP-05,GP0006,Daptomycin,1.0,5,0.0003,No Growth,SVM-RBF,No Growth
GP0006-DAP-06,GP0006,Daptomycin,2.0,6,0.0,No Growth,SVM-RBF,No Growth
GP0006-DAP-07,GP0006,Daptomycin,4.0,7,0.0046,No Growth,SVM-RBF,No Growth
GP0006-DAP-08,GP0006,Daptomycin,8.0,8,0.0,No Growth,SVM-RBF,No Growth
GP0006-OXA-01,GP0006,Oxacillin,0.06,1,0.988,Growth,SVM-RBF,Growth
GP0006-OXA-02,GP0006,Oxacillin,0.12,2,1.0,Growth,SVM-RBF,Growth
GP0006-OXA-03,GP0006,Oxacillin,0.25,3,1.0,Growth,SVM-RBF,Growth
GP0006-OXA-04,GP0006,Oxacillin,0.5,4,1.0,Growth,SVM-RBF,Growth
GP0006-OXA-05,GP0006,Oxacillin,1.0,5,1.0,Growth,SVM-RBF,Growth
GP0006-OXA-06,GP0006,Oxacillin,2.0,6,0.9255,Growth,SVM-RBF,Growth
GP0006-OXA-07,GP0006,Oxacillin,4.0,7,1.0,Growth,SVM-RBF,Growth
GP0006-OXA-08,GP0006,Oxacillin,8.0,8,0.9929,Growth,SVM-RBF,Growth
GP0006-CEF-01,GP0006,Ceftriaxone,0.12,1,1.0,Growth,SVM-RBF,Growth
GP0006-CEF-02,GP0006,Ceftriaxone,0.25,2,1.0,Growth,SVM-RBF,Growth
GP0006-CEF-03,GP0006,Ceftriaxone,0.5,3,1.0,Growth,SVM-RBF,Growth
GP0006-CEF-04,GP0006,Ceftriaxone,1.0,4,1.0,Growth,SVM-RBF,Growth
GP0006-CEF-05,GP0006,Ceftriaxone,2.0,5,1.0,Growth,SVM-RBF,Growth
GP0006-CEF-06,GP0006,Ceftriaxone,4.0,6,1.0,Growth,SVM-RBF,Growth
GP0006-CEF-07,GP0006,Ceftriaxone,8.0,7,1.0,Growth,SVM-RBF,Growth
GP0006-CEF-08,GP0006,Ceftriaxone,16.0,8,1.0,Growth,SVM-RBF,Growth
GP0006-CEF-09,GP0006,Ceftriaxone,32.0,9,0.9906,Growth,SVM-RBF,Growth
GP0006-CEF-10,GP0006,Ceftriaxone,64.0,10,0.1296,No Growth,SVM-RBF,No Growth
GP0006-AMP-01,GP0006,Ampicillin,0.12,1,1.0,Growth,SVM-RBF,Growth
GP0006-AMP-02,GP0006,Ampicillin,0.25,2,1.0,Growth,SVM-RBF,Growth
GP0006-AMP-03,GP0006,Ampicillin,0.5,3,1.0,Growth,SVM-RBF,Growth
GP0006-AMP-04,GP0006,Ampicillin,1.0,4,0.0026,No Growth,SVM-RBF,No Growth
GP0006-AMP-05,GP0006,Ampicillin,2.0,5,0.0001,No Growth,SVM-RBF,No Growth
GP0006-AMP-06,GP0006,Ampicillin,4.0,6,0.0,No Growth,SVM-RBF,No Growth
GP0006-AMP-07,GP0006,Ampicillin,8.0,7,0.0,No Growth,SVM-RBF,No Growth
GP0006-AMP-08,GP0006,Ampicillin,16.0,8,0.0,No Growth,SVM-RBF,No Growth
GP0006-AMP-09,GP0006,Ampicillin,32.0,9,0.0,No Growth,SVM-RBF,No Growth
GP0006-MER-01,GP0006,Meropenem,0.06,1,1.0,Growth,SVM-RBF,Growth
GP0006-MER-02,GP0006,Meropenem,0.12,2,1.0,Growth,SVM-RBF,Growth
GP0006-MER-03,GP0006,Meropenem,0.25,3,1.0,Growth,SVM-RBF,Growth
GP0006-MER-04,GP0006,Meropenem,0.5,4,1.0,Growth,SVM-RBF,Growth
GP0006-MER-05,GP0006,Meropenem,1.0,5,0.994,Growth,SVM-RBF,Growth
GP0006-MER-06,GP0006,Meropenem,2.0,6,0.0001,No Growth,SVM-RBF,No Growth
GP0006-MER-07,GP0006,Meropenem,4.0,7,0.0,No Growth,SVM-RBF,No Growth
GP0006-MER-08,GP0006,Meropenem,8.0,8,0.0,No Growth,SVM-RBF,No Growth
GP0006-MER-09,GP0006,Meropenem,16.0,9,0.0,No Growth,SVM-RBF,No Growth
GP0066-VAN-01,GP0066,Vancomycin,0.25,1,1.0,Growth,SVM-RBF,Growth
GP0066-VAN-02,GP0066,Vancomycin,0.5,2,0.9971,Growth,SVM-RBF,Growth
GP0066-VAN-03,GP0066,Vancomycin,1.0,3,1.0,Growth,SVM-RBF,Growth
GP0066-VAN-04,GP0066,Vancomycin,2.0,4,1.0,Growth,SVM-RBF,Growth
GP0066-VAN-05,GP0066,Vancomycin,4.0,5,1.0,Growth,SVM-RBF,Growth
GP0066-VAN-06,GP0066,Vancomycin,8.0,6,0.9897,Growth,SVM-RBF,Growth
GP0066-VAN-07,GP0066,Vancomycin,16.0,7,0.963,Growth,SVM-RBF,Growth
GP0066-VAN-08,GP0066,Vancomycin,32.0,8,0.9148,Growth,SVM-RBF,Growth
GP0066-DAP-01,GP0066,Daptomycin,0.06,1,1.0,Growth,SVM-RBF,Growth
GP0066-DAP-02,GP0066,Daptomycin,0.12,2,0.9937,Growth,SVM-RBF,Growth
GP0066-DAP-03,GP0066,Daptomycin,0.25,3,0.9941,Growth,SVM-RBF,Growth
GP0066-DAP-04,GP0066,Daptomycin,0.5,4,1.0,Growth,SVM-RBF,Growth
GP0066-DAP-05,GP0066,Daptomycin,1.0,5,0.9926,Growth,SVM-RBF,Growth
GP0066-DAP-06,GP0066,Daptomycin,2.0,6,0.881,Growth,SVM-RBF,Growth
GP0066-DAP-07,GP0066,Daptomycin,4.0,7,0.0001,No Growth,SVM-RBF,No Growth
GP0066-DAP-08,GP0066,Daptomycin,8.0,8,0.0214,No Growth,SVM-RBF,No Growth
GP0066-AMP-01,GP0066,Ampicillin,0.12,1,1.0,Growth,SVM-RBF,Growth
GP0066-AMP-02,GP0066,Ampicillin,0.25,2,1.0,Growth,SVM-RBF,Growth
GP0066-AMP-03,GP0066,Ampicillin,0.5,3,1.0,Growth,SVM-RBF,Growth
GP0066-AMP-04,GP0066,Ampicillin,1.0,4,1.0,Growth,SVM-RBF,Growth
GP0066-AMP-05,GP0066,Ampicillin,2.0,5,1.0,Growth,SVM-RBF,Growth
GP0066-AMP-06,GP0066,Ampicillin,4.0,6,1.0,Growth,SVM-RBF,Growth
GP0066-AMP-07,GP0066,Ampicillin,8.0,7,0.068,No Growth,SVM-RBF,Growth
GP0066-AMP-08,GP0066,Ampicillin,16.0,8,0.9855,Growth,SVM-RBF,Growth
GP0066-AMP-09,GP0066,Ampicillin,32.0,9,0.0005,No Growth,SVM-RBF,No Growth
GP0066-MER-01,GP0066,Meropenem,0.06,1,1.0,Growth,SVM-RBF,Growth
GP0066-MER-02,GP0066,Meropenem,0.12,2,1.0,Growth,SVM-RBF,Growth
GP0066-MER-03,GP0066,Meropenem,0.25,3,1.0,Growth,SVM-RBF,Growth
GP0066-MER-04,GP0066,Meropenem,0.5,4,1.0,Growth,SVM-RBF,Growth
GP0066-MER-05,GP0066,Meropenem,1.0,5,1.0,Growth,SVM-RBF,Growth
GP0066-MER-06,GP0066,Meropenem,2.0,6,1.0,Growth,SVM-RBF,Growth
GP0066-MER-07,GP0066,Meropenem,4.0,7,1.0,Growth,SVM-RBF,Growth
GP0066-MER-08,GP0066,Meropenem,8.0,8,1.0,Growth,SVM-RBF,Growth
GP0066-MER-09,GP0066,Meropenem,16.0,9,0.529,No Growth,SVM-RBF,Growth
GP0066-OXA-01,GP0066,Oxacillin,0.06,1,1.0,Growth,SVM-RBF,Growth
GP0066-OXA-02,GP0066,Oxacillin,0.12,2,1.0,Growth,SVM-RBF,Growth
GP0066-OXA-03,GP0066,Oxacillin,0.25,3,1.0,Growth,SVM-RBF,Growth
GP0066-OXA-04,GP0066,Oxacillin,0.5,4,0.9886,Growth,SVM-RBF,Growth
GP0066-OXA-05,GP0066,Oxacillin,1.0,5,1.0,Growth,SVM-RBF,Growth
GP0066-OXA-06,GP0066,Oxacillin,2.0,6,1.0,Growth,SVM-RBF,Growth
GP0066-OXA-07,GP0066,Oxacillin,4.0,7,1.0,Growth,SVM-RBF,Growth
GP0066-OXA-08,GP0066,Oxacillin,8.0,8,0.9248,Growth,SVM-RBF,Growth
GP0036-MER-01,GP0036,Meropenem,0.06,1,1.0,Growth,SVM-RBF,Growth
GP0036-MER-02,GP0036,Meropenem,0.12,2,1.0,Growth,SVM-RBF,Growth
GP0036-MER-03,GP0036,Meropenem,0.25,3,1.0,Growth,SVM-RBF,Growth
GP0036-MER-04,GP0036,Meropenem,0.5,4,1.0,Growth,SVM-RBF,Growth
GP0036-MER-05,GP0036,Meropenem,1.0,5,1.0,Growth,SVM-RBF,Growth
GP0036-MER-06,GP0036,Meropenem,2.0,6,1.0,Growth,SVM-RBF,Growth
GP0036-MER-07,GP0036,Meropenem,4.0,7,0.9965,Growth,SVM-RBF,Growth
GP0036-MER-08,GP0036,Meropenem,8.0,8,0.0001,No Growth,SVM-RBF,No Growth
GP0036-MER-09,GP0036,Meropenem,16.0,9,0.0148,No Growth,SVM-RBF,No Growth
GP0036-DAP-01,GP0036,Daptomycin,0.06,1,1.0,Growth,SVM-RBF,Growth
GP0036-DAP-02,GP0036,Daptomycin,0.12,2,0.9893,Growth,SVM-RBF,Growth
GP0036-DAP-03,GP0036,Daptomycin,0.25,3,0.9936,Growth,SVM-RBF,Growth
GP0036-DAP-04,GP0036,Daptomycin,0.5,4,0.6211,Growth,SVM-RBF,Growth
GP0036-DAP-05,GP0036,Daptomycin,1.0,5,0.0,No Growth,SVM-RBF,No Growth
GP0036-DAP-06,GP0036,Daptomycin,2.0,6,0.0,No Growth,SVM-RBF,No Growth
GP0036-DAP-07,GP0036,Daptomycin,4.0,7,0.0,No Growth,SVM-RBF,No Growth
GP0036-DAP-08,GP0036,Daptomycin,8.0,8,0.0,No Growth,SVM-RBF,No Growth
GP0036-CEF-01,GP0036,Ceftriaxone,0.12,1,1.0,Growth,SVM-RBF,Growth
GP0036-CEF-02,GP0036,Ceftriaxone,0.25,2,1.0,Growth,SVM-RBF,Growth
GP0036-CEF-03,GP0036,Ceftriaxone,0.5,3,1.0,Growth,SVM-RBF,Growth
GP0036-CEF-04,GP0036,Ceftriaxone,1.0,4,1.0,Growth,SVM-RBF,Growth
GP0036-CEF-05,GP0036,Ceftriaxone,2.0,5,1.0,Growth,SVM-RBF,Growth
GP0036-CEF-06,GP0036,Ceftriaxone,4.0,6,1.0,Growth,SVM-RBF,Growth
GP0036-CEF-07,GP0036,Ceftriaxone,8.0,7,0.4696,No Growth,SVM-RBF,Growth
GP0036-CEF-08,GP0036,Ceftriaxone,16.0,8,0.9942,Growth,SVM-RBF,Growth
GP0036-CEF-09,GP0036,Ceftriaxone,32.0,9,0.0946,No Growth,SVM-RBF,No Growth
GP0036-CEF-10,GP0036,Ceftriaxone,64.0,10,0.0,No Growth,SVM-RBF,No Growth
GP0036-VAN-01,GP0036,Vancomycin,0.25,1,1.0,Growth,SVM-RBF,Growth
GP0036-VAN-02,GP0036,Vancomycin,0.5,2,1.0,Growth,SVM-RBF,Growth
GP0036-VAN-03,GP0036,Vancomycin,1.0,3,0.9958,Growth,SVM-RBF,Growth
GP0036-VAN-04,GP0036,Vancomycin,2.0,4,0.9966,Growth,SVM-RBF,Growth
GP0036-VAN-05,GP0036,Vancomycin,4.0,5,0.9973,Growth,SVM-RBF,Growth
GP0036-VAN-06,GP0036,Vancomycin,8.0,6,0.954,Growth,SVM-RBF,Growth
GP0036-VAN-07,GP0036,Vancomycin,16.0,7,0.9474,Growth,SVM-RBF,Growth
GP0036-VAN-08,GP0036,Vancomycin,32.0,8,0.0,No Growth,SVM-RBF,No Growth
GP0036-OXA-01,GP0036,Oxacillin,0.06,1,1.0,Growth,SVM-RBF,Growth
GP0036-OXA-02,GP0036,Oxacillin,0.12,2,1.0,Growth,SVM-RBF,Growth
GP0036-OXA-03,GP0036,Oxacillin,0.25,3,1.0,Growth,SVM-RBF,Growth
GP0036-OXA-04,GP0036,Oxacillin,0.5,4,1.0,Growth,SVM-RBF,Growth
GP0036-OXA-05,GP0036,Oxacillin,1.0,5,1.0,Growth,SVM-RBF,Growth
GP0036-OXA-06,GP0036,Oxacillin,2.0,6,1.0,Growth,SVM-RBF,Growth
GP0036-OXA-07,GP0036,Oxacillin,4.0,7,1.0,Growth,SVM-RBF,Growth
GP0036-OXA-08,GP0036,Oxacillin,8.0,8,0.9302,Growth,SVM-RBF,Growth
GN0089-CEF-01,GN0089,Ceftriaxone,0.12,1,1.0,Growth,SVM-RBF,Growth
GN0089-CEF-02,GN0089,Ceftriaxone,0.25,2,1.0,Growth,SVM-RBF,Growth
GN0089-CEF-03,GN0089,Ceftriaxone,0.5,3,1.0,Growth,SVM-RBF,Growth
GN0089-CEF-04,GN0089,Ceftriaxone,1.0,4,1.0,Growth,SVM-RBF,Growth
GN0089-CEF-05,GN0089,Ceftriaxone,2.0,5,1.0,Growth,SVM-RBF,Growth
GN0089-CEF-06,GN0089,Ceftriaxone,4.0,6,1.0,Growth,SVM-RBF,Growth
GN0089-CEF-07,GN0089,Ceftriaxone,8.0,7,0.9968,Growth,SVM-RBF,Growth
GN0089-CEF-08,GN0089,Ceftriaxone,16.0,8,0.0001,No Growth,SVM-RBF,No Growth
GN0089-CEF-09,GN0089,Ceftriaxone,32.0,9,0.0,No Growth,SVM-RBF,No Growth
GN0089-CEF-10,GN0089,Ceftriaxone,64.0,10,0.0,No Growth,SVM-RBF,No Growth
GN0089-AMP-01,GN0089,Ampicillin,0.12,1,1.0,Growth,SVM-RBF,Growth
GN0089-AMP-02,GN0089,Ampicillin,0.25,2,0.0005,No Growth,SVM-RBF,Growth
GN0089-AMP-03,GN0089,Ampicillin,0.5,3,0.9836,Growth,SVM-RBF,Growth
GN0089-AMP-04,GN0089,Ampicillin,1.0,4,1.0,Growth,SVM-RBF,Growth
GN0089-AMP-05,GN0089,Ampicillin,2.0,5,1.0,Growth,SVM-RBF,Growth
GN0089-AMP-06,GN0089,Ampicillin,4.0,6,1.0,Growth,SVM-RBF,Growth
GN0089-AMP-07,GN0089,Ampicillin,8.0,7,1.0,Growth,SVM-RBF,Growth
GN0089-AMP-08,GN0089,Ampicillin,16.0,8,0.9955,Growth,SVM-RBF,Growth
GN0089-AMP-09,GN0089,Ampicillin,32.0,9,1.0,Growth,SVM-RBF,Growth
GN0089-MER-01,GN0089,Meropenem,0.06,1,1.0,Growth,SVM-RBF,Growth
GN0089-MER-02,GN0089,Meropenem,0.12,2,1.0,Growth,SVM-RBF,Growth
GN0089-MER-03,GN0089,Meropenem,0.25,3,0.9959,Growth,SVM-RBF,Growth
GN0089-MER-04,GN0089,Meropenem,0.5,4,0.8883,Growth,SVM-RBF,No Growth
GN0089-MER-05,GN0089,Meropenem,1.0,5,0.0,No Growth,SVM-RBF,No Growth
GN0089-MER-06,GN0089,Meropenem,2.0,6,0.0,No Growth,SVM-RBF,No Growth
GN0089-MER-07,GN0089,Meropenem,4.0,7,0.0076,No Growth,SVM-RBF,No Growth
GN0089-MER-08,GN0089,Meropenem,8.0,8,0.0002,No Growth,SVM-RBF,No Growth
GN0089-MER-09,GN0089,Meropenem,16.0,9,0.0193,No Growth,SVM-RBF,No Growth
GN0015-AMP-01,GN0015,Ampicillin,0.12,1,1.0,Growth,SVM-RBF,Growth
GN0015-AMP-02,GN0015,Ampicillin,0.25,2,1.0,Growth,SVM-RBF,Growth
GN0015-AMP-03,GN0015,Ampicillin,0.5,3,1.0,Growth,SVM-RBF,Growth
GN0015-AMP-04,GN0015,Ampicillin,1.0,4,1.0,Growth,SVM-RBF,Growth
GN0015-AMP-05,GN0015,Ampicillin,2.0,5,1.0,Growth,SVM-RBF,Growth
GN0015-AMP-06,GN0015,Ampicillin,4.0,6,1.0,Growth,SVM-RBF,Growth
GN0015-AMP-07,GN0015,Ampicillin,8.0,7,1.0,Growth,SVM-RBF,Growth
GN0015-AMP-08,GN0015,Ampicillin,16.0,8,0.9971,Growth,SVM-RBF,Growth
GN0015-AMP-09,GN0015,Ampicillin,32.0,9,0.0008,No Growth,SVM-RBF,No Growth
GN0015-MER-01,GN0015,Meropenem,0.06,1,0.0028,No Growth,SVM-RBF,No Growth
GN0015-MER-02,GN0015,Meropenem,0.12,2,0.0016,No Growth,SVM-RBF,No Growth
GN0015-MER-03,GN0015,Meropenem,0.25,3,0.0,No Growth,SVM-RBF,No Growth
GN0015-MER-04,GN0015,Meropenem,0.5,4,0.0,No Growth,SVM-RBF,No Growth
GN0015-MER-05,GN0015,Meropenem,1.0,5,0.0,No Growth,SVM-RBF,No Growth
GN0015-MER-06,GN0015,Meropenem,2.0,6,0.0284,No Growth,SVM-RBF,No Growth
GN0015-MER-07,GN0015,Meropenem,4.0,7,0.0,No Growth,SVM-RBF,No Growth
GN0015-MER-08,GN0015,Meropenem,8.0,8,0.0,No Growth,SVM-RBF,No Growth
GN0015-MER-09,GN0015,Meropenem,16.0,9,0.0,No Growth,SVM-RBF,No Growth
GN0015-CEF-01,GN0015,Ceftriaxone,0.12,1,0.007,No Growth,SVM-RBF,No Growth
GN0015-CEF-02,GN0015,Ceftriaxone,0.25,2,0.0002,No Growth,SVM-RBF,No Growth
GN0015-CEF-03,GN0015,Ceftriaxone,0.5,3,0.0,No Growth,SVM-RBF,No Growth
GN0015-CEF-04,GN0015,Ceftriaxone,1.0,4,0.0,No Growth,SVM-RBF,No Growth
GN0015-CEF-05,GN0015,Ceftriaxone,2.0,5,0.0,No Growth,SVM-RBF,No Growth
GN0015-CEF-06,GN0015,Ceftriaxone,4.0,6,0.0,No Growth,SVM-RBF,No Growth
GN0015-CEF-07,GN0015,Ceftriaxone,8.0,7,0.0071,No Growth,SVM-RBF,No Growth
GN0015-CEF-08,GN0015,Ceftriaxone,16.0,8,0.0,No Growth,SVM-RBF,No Growth
GN0015-CEF-09,GN0015,Ceftriaxone,32.0,9,0.0,No Growth,SVM-RBF,No Growth
GN0015-CEF-10,GN0015,Ceftriaxone,64.0,10,0.0001,No Growth,SVM-RBF,No Growth
GP0001-OXA-01,GP0001,Oxacillin,0.06,1,1.0,Growth,SVM-RBF,Growth
GP0001-OXA-02,GP0001,Oxacillin,0.12,2,1.0,Growth,SVM-RBF,Growth
GP0001-OXA-03,GP0001,Oxacillin,0.25,3,1.0,Growth,SVM-RBF,Growth
GP0001-OXA-04,GP0001,Oxacillin,0.5,4,1.0,Growth,SVM-RBF,Growth
GP0001-OXA-05,GP0001,Oxacillin,1.0,5,1.0,Growth,SVM-RBF,Growth
GP0001-OXA-06,GP0001,Oxacillin,2.0,6,1.0,Growth,SVM-RBF,Growth
GP0001-OXA-07,GP0001,Oxacillin,4.0,7,1.0,Growth,SVM-RBF,Growth
GP0001-OXA-08,GP0001,Oxacillin,8.0,8,0.9897,Growth,SVM-RBF,Growth
GP0001-VAN-01,GP0001,Vancomycin,0.25,1,1.0,Growth,SVM-RBF,Growth
GP0001-VAN-02,GP0001,Vancomycin,0.5,2,1.0,Growth,SVM-RBF,Growth
GP0001-VAN-03,GP0001,Vancomycin,1.0,3,1.0,Growth,SVM-RBF,Growth
GP0001-VAN-04,GP0001,Vancomycin,2.0,4,0.0497,No Growth,SVM-RBF,No Growth
GP0001-VAN-05,GP0001,Vancomycin,4.0,5,0.4567,No Growth,SVM-RBF,No Growth
GP0001-VAN-06,GP0001,Vancomycin,8.0,6,0.0,No Growth,SVM-RBF,No Growth
GP0001-VAN-07,GP0001,Vancomycin,16.0,7,0.1385,No Growth,SVM-RBF,No Growth
GP0001-VAN-08,GP0001,Vancomycin,32.0,8,0.0,No Growth,SVM-RBF,No Growth
GP0001-CEF-01,GP0001,Ceftriaxone,0.12,1,1.0,Growth,SVM-RBF,Growth
GP0001-CEF-02,GP0001,Ceftriaxone,0.25,2,1.0,Growth,SVM-RBF,Growth
GP0001-CEF-03,GP0001,Ceftriaxone,0.5,3,1.0,Growth,SVM-RBF,Growth
GP0001-CEF-04,GP0001,Ceftriaxone,1.0,4,1.0,Growth,SVM-RBF,Growth
GP0001-CEF-05,GP0001,Ceftriaxone,2.0,5,1.0,Growth,SVM-RBF,Growth
GP0001-CEF-06,GP0001,Ceftriaxone,4.0,6,0.9968,Growth,SVM-RBF,Growth
GP0001-CEF-07,GP0001,Ceftriaxone,8.0,7,1.0,Growth,SVM-RBF,Growth
GP0001-CEF-08,GP0001,Ceftriaxone,16.0,8,1.0,Growth,SVM-RBF,Growth
GP0001-CEF-09,GP0001,Ceftriaxone,32.0,9,0.9818,Growth,SVM-RBF,Growth
GP0001-CEF-10,GP0001,Ceftriaxone,64.0,10,0.0,No Growth,SVM-RBF,No Growth
GP0001-DAP-01,GP0001,Daptomycin,0.06,1,1.0,Growth,SVM-RBF,Growth
GP0001-DAP-02,GP0001,Daptomycin,0.12,2,1.0,Growth,SVM-RBF,Growth
GP0001-DAP-03,GP0001,Daptomycin,0.25,3,1.0,Growth,SVM-RBF,Growth
GP0001-DAP-04,GP0001,Daptomycin,0.5,4,0.9947,Growth,SVM-RBF,Growth
GP0001-DAP-05,GP0001,Daptomycin,1.0,5,0.9802,Growth,SVM-RBF,Growth
GP0001-DAP-06,GP0001,Daptomycin,2.0,6,0.0001,No Growth,SVM-RBF,No Growth
GP0001-DAP-07,GP0001,Daptomycin,4.0,7,0.0,No Growth,SVM-RBF,No Growth
GP0001-DAP-08,GP0001,Daptomycin,8.0,8,0.0,No Growth,SVM-RBF,No Growth
GN0120-CEF-01,GN0120,Ceftriaxone,0.12,1,0.9974,Growth,SVM-RBF,Growth
GN0120-CEF-02,GN0120,Ceftriaxone,0.25,2,0.9929,Growth,SVM-RBF,Growth
GN0120-CEF-03,GN0120,Ceftriaxone,0.5,3,0.9934,Growth,SVM-RBF,Growth
GN0120-CEF-04,GN0120,Ceftriaxone,1.0,4,1.0,Growth,SVM-RBF,Growth
GN0120-CEF-05,GN0120,Ceftriaxone,2.0,5,0.9905,Growth,SVM-RBF,Growth
GN0120-CEF-06,GN0120,Ceftriaxone,4.0,6,0.9888,Growth,SVM-RBF,Growth
GN0120-CEF-07,GN0120,Ceftriaxone,8.0,7,0.9935,Growth,SVM-RBF,Growth
GN0120-CEF-08,GN0120,Ceftriaxone,16.0,8,0.9928,Growth,SVM-RBF,Growth
GN0120-CEF-09,GN0120,Ceftriaxone,32.0,9,0.9911,Growth,SVM-RBF,Growth
GN0120-CEF-10,GN0120,Ceftriaxone,64.0,10,0.8907,Growth,SVM-RBF,Growth
GN0120-MER-01,GN0120,Meropenem,0.06,1,0.9942,Growth,SVM-RBF,Growth
GN0120-MER-02,GN0120,Meropenem,0.12,2,0.966,Growth,SVM-RBF,Growth
GN0120-MER-03,GN0120,Meropenem,0.25,3,0.9949,Growth,SVM-RBF,Growth
GN0120-MER-04,GN0120,Meropenem,0.5,4,0.9773,Growth,SVM-RBF,Growth
GN0120-MER-05,GN0120,Meropenem,1.0,5,0.0,No Growth,SVM-RBF,No Growth
GN0120-MER-06,GN0120,Meropenem,2.0,6,0.0001,No Growth,SVM-RBF,No Growth
GN0120-MER-07,GN0120,Meropenem,4.0,7,0.0,No Growth,SVM-RBF,No Growth
GN0120-MER-08,GN0120,Meropenem,8.0,8,0.0,No Growth,SVM-RBF,No Growth
GN0120-MER-09,GN0120,Meropenem,16.0,9,0.0019,No Growth,SVM-RBF,No Growth
GP0099-CEF-01,GP0099,Ceftriaxone,0.12,1,1.0,Growth,SVM-RBF,Growth
GP0099-CEF-02,GP0099,Ceftriaxone,0.25,2,1.0,Growth,SVM-RBF,Growth
GP0099-CEF-03,GP0099,Ceftriaxone,0.5,3,1.0,Growth,SVM-RBF,Growth
GP0099-CEF-04,GP0099,Ceftriaxone,1.0,4,1.0,Growth,SVM-RBF,Growth
GP0099-CEF-05,GP0099,Ceftriaxone,2.0,5,1.0,Growth,SVM-RBF,Growth
GP0099-CEF-06,GP0099,Ceftriaxone,4.0,6,1.0,Growth,SVM-RBF,Growth
GP0099-CEF-07,GP0099,Ceftriaxone,8.0,7,1.0,Growth,SVM-RBF,Growth
GP0099-CEF-08,GP0099,Ceftriaxone,16.0,8,0.9958,Growth,SVM-RBF,Growth
GP0099-CEF-09,GP0099,Ceftriaxone,32.0,9,0.9936,Growth,SVM-RBF,Growth
GP0099-CEF-10,GP0099,Ceftriaxone,64.0,10,0.9631,Growth,SVM-RBF,Growth
GP0099-AMP-01,GP0099,Ampicillin,0.12,1,1.0,Growth,SVM-RBF,Growth
GP0099-AMP-02,GP0099,Ampicillin,0.25,2,1.0,Growth,SVM-RBF,Growth
GP0099-AMP-03,GP0099,Ampicillin,0.5,3,1.0,Growth,SVM-RBF,Growth
GP0099-AMP-04,GP0099,Ampicillin,1.0,4,1.0,Growth,SVM-RBF,Growth
GP0099-AMP-05,GP0099,Ampicillin,2.0,5,1.0,Growth,SVM-RBF,Growth
GP0099-AMP-06,GP0099,Ampicillin,4.0,6,0.9941,Growth,SVM-RBF,Growth
GP0099-AMP-07,GP0099,Ampicillin,8.0,7,0.3694,No Growth,SVM-RBF,No Growth
GP0099-AMP-08,GP0099,Ampicillin,16.0,8,0.0482,No Growth,SVM-RBF,No Growth
GP0099-AMP-09,GP0099,Ampicillin,32.0,9,0.0,No Growth,SVM-RBF,No Growth
GP0099-VAN-01,GP0099,Vancomycin,0.25,1,1.0,Growth,SVM-RBF,Growth
GP0099-VAN-02,GP0099,Vancomycin,0.5,2,1.0,Growth,SVM-RBF,Growth
GP0099-VAN-03,GP0099,Vancomycin,1.0,3,0.6291,Growth,SVM-RBF,Growth
GP0099-VAN-04,GP0099,Vancomycin,2.0,4,0.0003,No Growth,SVM-RBF,No Growth
GP0099-VAN-05,GP0099,Vancomycin,4.0,5,0.9901,Growth,SVM-RBF,No Growth
GP0099-VAN-06,GP0099,Vancomycin,8.0,6,0.0061,No Growth,SVM-RBF,No Growth
GP0099-VAN-07,GP0099,Vancomycin,16.0,7,0.0,No Growth,SVM-RBF,No Growth
GP0099-VAN-08,GP0099,Vancomycin,32.0,8,0.0,No Growth,SVM-RBF,No Growth
GP0099-OXA-01,GP0099,Oxacillin,0.06,1,1.0,Growth,SVM-RBF,Growth
GP0099-OXA-02,GP0099,Oxacillin,0.12,2,1.0,Growth,SVM-RBF,Growth
GP0099-OXA-03,GP0099,Oxacillin,0.25,3,1.0,Growth,SVM-RBF,Growth
GP0099-OXA-04,GP0099,Oxacillin,0.5,4,1.0,Growth,SVM-RBF,Growth
GP0099-OXA-05,GP0099,Oxacillin,1.0,5,1.0,Growth,SVM-RBF,Growth
GP0099-OXA-06,GP0099,Oxacillin,2.0,6,1.0,Growth,SVM-RBF,Growth
GP0099-OXA-07,GP0099,Oxacillin,4.0,7,1.0,Growth,SVM-RBF,Growth
GP0099-OXA-08,GP0099,Oxacillin,8.0,8,0.9547,Growth,SVM-RBF,Growth
GP0099-MER-01,GP0099,Meropenem,0.06,1,1.0,Growth,SVM-RBF,Growth
GP0099-MER-02,GP0099,Meropenem,0.12,2,1.0,Growth,SVM-RBF,Growth
GP0099-MER-03,GP0099,Meropenem,0.25,3,1.0,Growth,SVM-RBF,Growth
GP0099-MER-04,GP0099,Meropenem,0.5,4,1.0,Growth,SVM-RBF,Growth
GP0099-MER-05,GP0099,Meropenem,1.0,5,1.0,Growth,SVM-RBF,Growth
GP0099-MER-06,GP0099,Meropenem,2.0,6,1.0,Growth,SVM-RBF,Growth
GP0099-MER-07,GP0099,Meropenem,4.0,7,0.9805,Growth,SVM-RBF,Growth
GP0099-MER-08,GP0099,Meropenem,8.0,8,0.0121,No Growth,SVM-RBF,No Growth
GP0099-MER-09,GP0099,Meropenem,16.0,9,0.0,No Growth,SVM-RBF,No Growth
GP0062-CEF-01,GP0062,Ceftriaxone,0.12,1,1.0,Growth,SVM-RBF,Growth
GP0062-CEF-02,GP0062,Ceftriaxone,0.25,2,1.0,Growth,SVM-RBF,Growth
GP0062-CEF-03,GP0062,Ceftriaxone,0.5,3,1.0,Growth,SVM-RBF,Growth
GP0062-CEF-04,GP0062,Ceftriaxone,1.0,4,0.9047,Growth,SVM-RBF,Growth
GP0062-CEF-05,GP0062,Ceftriaxone,2.0,5,1.0,Growth,SVM-RBF,Growth
GP0062-CEF-06,GP0062,Ceftriaxone,4.0,6,1.0,Growth,SVM-RBF,Growth
GP0062-CEF-07,GP0062,Ceftriaxone,8.0,7,0.9932,Growth,SVM-RBF,Growth
GP0062-CEF-08,GP0062,Ceftriaxone,16.0,8,0.9963,Growth,SVM-RBF,Growth
GP0062-CEF-09,GP0062,Ceftriaxone,32.0,9,0.0001,No Growth,SVM-RBF,No Growth
GP0062-CEF-10,GP0062,Ceftriaxone,64.0,10,0.0,No Growth,SVM-RBF,No Growth
GP0062-OXA-01,GP0062,Oxacillin,0.06,1,1.0,Growth,SVM-RBF,Growth
GP0062-OXA-02,GP0062,Oxacillin,0.12,2,1.0,Growth,SVM-RBF,Growth
GP0062-OXA-03,GP0062,Oxacillin,0.25,3,1.0,Growth,SVM-RBF,Growth
GP0062-OXA-04,GP0062,Oxacillin,0.5,4,1.0,Growth,SVM-RBF,Growth
GP0062-OXA-05,GP0062,Oxacillin,1.0,5,1.0,Growth,SVM-RBF,Growth
GP0062-OXA-06,GP0062,Oxacillin,2.0,6,1.0,Growth,SVM-RBF,Growth
GP0062-OXA-07,GP0062,Oxacillin,4.0,7,1.0,Growth,SVM-RBF,Growth
GP0062-OXA-08,GP0062,Oxacillin,8.0,8,0.992,Growth,SVM-RBF,Growth
GP0062-MER-01,GP0062,Meropenem,0.06,1,1.0,Growth,SVM-RBF,Growth
GP0062-MER-02,GP0062,Meropenem,0.12,2,1.0,Growth,SVM-RBF,Growth
GP0062-MER-03,GP0062,Meropenem,0.25,3,1.0,Growth,SVM-RBF,Growth
GP0062-MER-04,GP0062,Meropenem,0.5,4,1.0,Growth,SVM-RBF,Growth
GP0062-MER-05,GP0062,Meropenem,1.0,5,1.0,Growth,SVM-RBF,Growth
GP0062-MER-06,GP0062,Meropenem,2.0,6,0.6823,Growth,SVM-RBF,Growth
GP0062-MER-07,GP0062,Meropenem,4.0,7,0.0044,No Growth,SVM-RBF,No Growth
GP0062-MER-08,GP0062,Meropenem,8.0,8,0.0,No Growth,SVM-RBF,No Growth
GP0062-MER-09,GP0062,Meropenem,16.0,9,0.0,No Growth,SVM-RBF,No Growth
GN0024-MER-01,GN0024,Meropenem,0.06,1,0.0378,No Growth,SVM-RBF,No Growth
GN0024-MER-02,GN0024,Meropenem,0.12,2,0.0001,No Growth,SVM-RBF,No Growth
GN0024-MER-03,GN0024,Meropenem,0.25,3,0.0003,No Growth,SVM-RBF,No Growth
GN0024-MER-04,GN0024,Meropenem,0.5,4,0.0,No Growth,SVM-RBF,No Growth
GN0024-MER-05,GN0024,Meropenem,1.0,5,0.0,No Growth,SVM-RBF,No Growth
GN0024-MER-06,GN0024,Meropenem,2.0,6,0.0656,No Growth,SVM-RBF,No Growth
GN0024-MER-07,GN0024,Meropenem,4.0,7,0.0,No Growth,SVM-RBF,No Growth
GN0024-MER-08,GN0024,Meropenem,8.0,8,0.0004,No Growth,SVM-RBF,No Growth
GN0024-MER-09,GN0024,Meropenem,16.0,9,0.0,No Growth,SVM-RBF,No Growth
GN0024-CEF-01,GN0024,Ceftriaxone,0.12,1,0.8186,Growth,SVM-RBF,No Growth
GN0024-CEF-02,GN0024,Ceftriaxone,0.25,2,0.0001,No Growth,SVM-RBF,No Growth
GN0024-CEF-03,GN0024,Ceftriaxone,0.5,3,0.0016,No Growth,SVM-RBF,No Growth
GN0024-CEF-04,GN0024,Ceftriaxone,1.0,4,0.0,No Growth,SVM-RBF,No Growth
GN0024-CEF-05,GN0024,Ceftriaxone,2.0,5,0.0,No Growth,SVM-RBF,No Growth
GN0024-CEF-06,GN0024,Ceftriaxone,4.0,6,0.0002,No Growth,SVM-RBF,No Growth
GN0024-CEF-07,GN0024,Ceftriaxone,8.0,7,0.0001,No Growth,SVM-RBF,No Growth
GN0024-CEF-08,GN0024,Ceftriaxone,16.0,8,0.0007,No Growth,SVM-RBF,No Growth
GN0024-CEF-09,GN0024,Ceftriaxone,32.0,9,0.0,No Growth,SVM-RBF,No Growth
GN0024-CEF-10,GN0024,Ceftriaxone,64.0,10,0.009,No Growth,SVM-RBF,No Growth
GN0024-AMP-01,GN0024,Ampicillin,0.12,1,1.0,Growth,SVM-RBF,Growth
GN0024-AMP-02,GN0024,Ampicillin,0.25,2,1.0,Growth,SVM-RBF,Growth
GN0024-AMP-03,GN0024,Ampicillin,0.5,3,1.0,Growth,SVM-RBF,Growth
GN0024-AMP-04,GN0024,Ampicillin,1.0,4,1.0,Growth,SVM-RBF,Growth
GN0024-AMP-05,GN0024,Ampicillin,2.0,5,1.0,Growth,SVM-RBF,Growth
GN0024-AMP-06,GN0024,Ampicillin,4.0,6,1.0,Growth,SVM-RBF,Growth
GN0024-AMP-07,GN0024,Ampicillin,8.0,7,0.9972,Growth,SVM-RBF,Growth
GN0024-AMP-08,GN0024,Ampicillin,16.0,8,0.9972,Growth,SVM-RBF,Growth
GN0024-AMP-09,GN0024,Ampicillin,32.0,9,0.9901,Growth,SVM-RBF,Growth
GN0146-CEF-01,GN0146,Ceftriaxone,0.12,1,0.0035,No Growth,SVM-RBF,No Growth
GN0146-CEF-02,GN0146,Ceftriaxone,0.25,2,0.0069,No Growth,SVM-RBF,No Growth
GN0146-CEF-03,GN0146,Ceftriaxone,0.5,3,0.0001,No Growth,SVM-RBF,No Growth
GN0146-CEF-04,GN0146,Ceftriaxone,1.0,4,0.0,No Growth,SVM-RBF,No Growth
GN0146-CEF-05,GN0146,Ceftriaxone,2.0,5,0.0,No Growth,SVM-RBF,No Growth
GN0146-CEF-06,GN0146,Ceftriaxone,4.0,6,0.0072,No Growth,SVM-RBF,No Growth
GN0146-CEF-07,GN0146,Ceftriaxone,8.0,7,0.6928,Growth,SVM-RBF,No Growth
GN0146-CEF-08,GN0146,Ceftriaxone,16.0,8,0.0001,No Growth,SVM-RBF,No Growth
GN0146-CEF-09,GN0146,Ceftriaxone,32.0,9,0.1019,No Growth,SVM-RBF,No Growth
GN0146-CEF-10,GN0146,Ceftriaxone,64.0,10,0.0052,No Growth,SVM-RBF,No Growth
GP0033-AMP-01,GP0033,Ampicillin,0.12,1,1.0,Growth,SVM-RBF,Growth
GP0033-AMP-02,GP0033,Ampicillin,0.25,2,0.9967,Growth,SVM-RBF,Growth
GP0033-AMP-03,GP0033,Ampicillin,0.5,3,1.0,Growth,SVM-RBF,Growth
GP0033-AMP-04,GP0033,Ampicillin,1.0,4,1.0,Growth,SVM-RBF,Growth
GP0033-AMP-05,GP0033,Ampicillin,2.0,5,1.0,Growth,SVM-RBF,Growth
GP0033-AMP-06,GP0033,Ampicillin,4.0,6,0.2473,No Growth,SVM-RBF,Growth
GP0033-AMP-07,GP0033,Ampicillin,8.0,7,0.9967,Growth,SVM-RBF,Growth
GP0033-AMP-08,GP0033,Ampicillin,16.0,8,0.9495,Growth,SVM-RBF,Growth
GP0033-AMP-09,GP0033,Ampicillin,32.0,9,0.8113,Growth,SVM-RBF,Growth
GP0033-OXA-01,GP0033,Oxacillin,0.06,1,1.0,Growth,SVM-RBF,Growth
GP0033-OXA-02,GP0033,Oxacillin,0.12,2,1.0,Growth,SVM-RBF,Growth
GP0033-OXA-03,GP0033,Oxacillin,0.25,3,0.9974,Growth,SVM-RBF,Growth
GP0033-OXA-04,GP0033,Oxacillin,0.5,4,1.0,Growth,SVM-RBF,Growth
GP0033-OXA-05,GP0033,Oxacillin,1.0,5,1.0,Growth,SVM-RBF,Growth
GP0033-OXA-06,GP0033,Oxacillin,2.0,6,1.0,Growth,SVM-RBF,Growth
GP0033-OXA-07,GP0033,Oxacillin,4.0,7,0.9692,Growth,SVM-RBF,Growth
GP0033-OXA-08,GP0033,Oxacillin,8.0,8,0.9829,Growth,SVM-RBF,Growth
GP0033-DAP-01,GP0033,Daptomycin,0.06,1,0.9937,Growth,SVM-RBF,Growth
GP0033-DAP-02,GP0033,Daptomycin,0.12,2,0.9726,Growth,SVM-RBF,Growth
GP0033-DAP-03,GP0033,Daptomycin,0.25,3,0.0002,No Growth,SVM-RBF,No Growth
GP0033-DAP-04,GP0033,Daptomycin,0.5,4,0.0,No Growth,SVM-RBF,No Growth
GP0033-DAP-05,GP0033,Daptomycin,1.0,5,0.0003,No Growth,SVM-RBF,No Growth
GP0033-DAP-06,GP0033,Daptomycin,2.0,6,0.0,No Growth,SVM-RBF,No Growth
GP0033-DAP-07,GP0033,Daptomycin,4.0,7,0.0,No Growth,SVM-RBF,No Growth
GP0033-DAP-08,GP0033,Daptomycin,8.0,8,0.0004,No Growth,SVM-RBF,No Growth
GN0041-CEF-01,GN0041,Ceftriaxone,0.12,1,0.0001,No Growth,SVM-RBF,No Growth
GN0041-CEF-02,GN0041,Ceftriaxone,0.25,2,0.0,No Growth,SVM-RBF,No Growth
GN0041-CEF-03,GN0041,Ceftriaxone,0.5,3,0.0003,No Growth,SVM-RBF,No Growth
GN0041-CEF-04,GN0041,Ceftriaxone,1.0,4,0.0,No Growth,SVM-RBF,No Growth
GN0041-CEF-05,GN0041,Ceftriaxone,2.0,5,0.0,No Growth,SVM-RBF,No Growth
GN0041-CEF-06,GN0041,Ceftriaxone,4.0,6,0.0,No Growth,SVM-RBF,No Growth
GN0041-CEF-07,GN0041,Ceftriaxone,8.0,7,0.0,No Growth,SVM-RBF,No Growth
GN0041-CEF-08,GN0041,Ceftriaxone,16.0,8,0.0,No Growth,SVM-RBF,No Growth
GN0041-CEF-09,GN0041,Ceftriaxone,32.0,9,0.0,No Growth,SVM-RBF,No Growth
GN0041-CEF-10,GN0041,Ceftriaxone,64.0,10,0.0002,No Growth,SVM-RBF,No Growth
GN0041-AMP-01,GN0041,Ampicillin,0.12,1,1.0,Growth,SVM-RBF,Growth
GN0041-AMP-02,GN0041,Ampicillin,0.25,2,1.0,Growth,SVM-RBF,Growth
GN0041-AMP-03,GN0041,Ampicillin,0.5,3,1.0,Growth,SVM-RBF,Growth
GN0041-AMP-04,GN0041,Ampicillin,1.0,4,1.0,Growth,SVM-RBF,Growth
GN0041-AMP-05,GN0041,Ampicillin,2.0,5,0.9961,Growth,SVM-RBF,Growth
GN0041-AMP-06,GN0041,Ampicillin,4.0,6,0.0001,No Growth,SVM-RBF,No Growth
GN0041-AMP-07,GN0041,Ampicillin,8.0,7,0.0,No Growth,SVM-RBF,No Growth
GN0041-AMP-08,GN0041,Ampicillin,16.0,8,0.0,No Growth,SVM-RBF,No Growth
GN0041-AMP-09,GN0041,Ampicillin,32.0,9,0.0,No Growth,SVM-RBF,No Growth
GN0041-MER-01,GN0041,Meropenem,0.06,1,0.0001,No Growth,SVM-RBF,No Growth
GN0041-MER-02,GN0041,Meropenem,0.12,2,0.0,No Growth,SVM-RBF,No Growth
GN0041-MER-03,GN0041,Meropenem,0.25,3,0.0001,No Growth,SVM-RBF,No Growth
GN0041-MER-04,GN0041,Meropenem,0.5,4,0.0,No Growth,SVM-RBF,No Growth
GN0041-MER-05,GN0041,Meropenem,1.0,5,0.0,No Growth,SVM-RBF,No Growth
GN0041-MER-06,GN0041,Meropenem,2.0,6,0.0001,No Growth,SVM-RBF,No Growth
GN0041-MER-07,GN0041,Meropenem,4.0,7,0.0,No Growth,SVM-RBF,No Growth
GN0041-MER-08,GN0041,Meropenem,8.0,8,0.0,No Growth,SVM-RBF,No Growth
GN0041-MER-09,GN0041,Meropenem,16.0,9,0.0,No Growth,SVM-RBF,No Growth
GN0084-MER-01,GN0084,Meropenem,0.06,1,1.0,Growth,SVM-RBF,Growth
GN0084-MER-02,GN0084,Meropenem,0.12,2,1.0,Growth,SVM-RBF,Growth
GN0084-MER-03,GN0084,Meropenem,0.25,3,1.0,Growth,SVM-RBF,Growth
GN0084-MER-04,GN0084,Meropenem,0.5,4,1.0,Growth,SVM-RBF,Growth
GN0084-MER-05,GN0084,Meropenem,1.0,5,0.0003,No Growth,SVM-RBF,No Growth
GN0084-MER-06,GN0084,Meropenem,2.0,6,0.0,No Growth,SVM-RBF,No Growth
GN0084-MER-07,GN0084,Meropenem,4.0,7,0.0,No Growth,SVM-RBF,No Growth
GN0084-MER-08,GN0084,Meropenem,8.0,8,0.0,No Growth,SVM-RBF,No Growth
GN0084-MER-09,GN0084,Meropenem,16.0,9,0.0028,No Growth,SVM-RBF,No Growth
GN0084-CEF-01,GN0084,Ceftriaxone,0.12,1,1.0,Growth,SVM-RBF,Growth
GN0084-CEF-02,GN0084,Ceftriaxone,0.25,2,1.0,Growth,SVM-RBF,Growth
GN0084-CEF-03,GN0084,Ceftriaxone,0.5,3,1.0,Growth,SVM-RBF,Growth
GN0084-CEF-04,GN0084,Ceftriaxone,1.0,4,1.0,Growth,SVM-RBF,Growth
GN0084-CEF-05,GN0084,Ceftriaxone,2.0,5,1.0,Growth,SVM-RBF,Growth
GN0084-CEF-06,GN0084,Ceftriaxone,4.0,6,1.0,Growth,SVM-RBF,Growth
GN0084-CEF-07,GN0084,Ceftriaxone,8.0,7,0.9956,Growth,SVM-RBF,Growth
GN0084-CEF-08,GN0084,Ceftriaxone,16.0,8,0.0001,No Growth,SVM-RBF,No Growth
GN0084-CEF-09,GN0084,Ceftriaxone,32.0,9,0.0004,No Growth,SVM-RBF,No Growth
GN0084-CEF-10,GN0084,Ceftriaxone,64.0,10,0.0,No Growth,SVM-RBF,No Growth
GN0002-CEF-01,GN0002,Ceftriaxone,0.12,1,0.0007,No Growth,SVM-RBF,No Growth
GN0002-CEF-02,GN0002,Ceftriaxone,0.25,2,0.0,No Growth,SVM-RBF,No Growth
GN0002-CEF-03,GN0002,Ceftriaxone,0.5,3,0.0001,No Growth,SVM-RBF,No Growth
GN0002-CEF-04,GN0002,Ceftriaxone,1.0,4,0.0,No Growth,SVM-RBF,No Growth
GN0002-CEF-05,GN0002,Ceftriaxone,2.0,5,0.0124,No Growth,SVM-RBF,No Growth
GN0002-CEF-06,GN0002,Ceftriaxone,4.0,6,0.0,No Growth,SVM-RBF,No Growth
GN0002-CEF-07,GN0002,Ceftriaxone,8.0,7,0.0001,No Growth,SVM-RBF,No Growth
GN0002-CEF-08,GN0002,Ceftriaxone,16.0,8,0.0453,No Growth,SVM-RBF,No Growth
GN0002-CEF-09,GN0002,Ceftriaxone,32.0,9,0.0,No Growth,SVM-RBF,No Growth
GN0002-CEF-10,GN0002,Ceftriaxone,64.0,10,0.0002,No Growth,SVM-RBF,No Growth
GN0002-MER-01,GN0002,Meropenem,0.06,1,0.0001,No Growth,SVM-RBF,No Growth
GN0002-MER-02,GN0002,Meropenem,0.12,2,0.0004,No Growth,SVM-RBF,No Growth
GN0002-MER-03,GN0002,Meropenem,0.25,3,0.0,No Growth,SVM-RBF,No Growth
GN0002-MER-04,GN0002,Meropenem,0.5,4,0.0,No Growth,SVM-RBF,No Growth
GN0002-MER-05,GN0002,Meropenem,1.0,5,0.0,No Growth,SVM-RBF,No Growth
GN0002-MER-06,GN0002,Meropenem,2.0,6,0.0,No Growth,SVM-RBF,No Growth
GN0002-MER-07,GN0002,Meropenem,4.0,7,0.2051,No Growth,SVM-RBF,No Growth
GN0002-MER-08,GN0002,Meropenem,8.0,8,0.0,No Growth,SVM-RBF,No Growth
GN0002-MER-09,GN0002,Meropenem,16.0,9,0.0013,No Growth,SVM-RBF,No Growth
GN0002-AMP-01,GN0002,Ampicillin,0.12,1,1.0,Growth,SVM-RBF,Growth
GN0002-AMP-02,GN0002,Ampicillin,0.25,2,1.0,Growth,SVM-RBF,Growth
GN0002-AMP-03,GN0002,Ampicillin,0.5,3,1.0,Growth,SVM-RBF,Growth
GN0002-AMP-04,GN0002,Ampicillin,1.0,4,1.0,Growth,SVM-RBF,Growth
GN0002-AMP-05,GN0002,Ampicillin,2.0,5,0.0005,No Growth,SVM-RBF,No Growth
GN0002-AMP-06,GN0002,Ampicillin,4.0,6,0.0191,No Growth,SVM-RBF,No Growth
GN0002-AMP-07,GN0002,Ampicillin,8.0,7,0.0,No Growth,SVM-RBF,No Growth
GN0002-AMP-08,GN0002,Ampicillin,16.0,8,0.0001,No Growth,SVM-RBF,No Growth
GN0002-AMP-09,GN0002,Ampicillin,32.0,9,0.0001,No Growth,SVM-RBF,No Growth
GN0138-CEF-01,GN0138,Ceftriaxone,0.12,1,1.0,Growth,SVM-RBF,Growth
GN0138-CEF-02,GN0138,Ceftriaxone,0.25,2,1.0,Growth,SVM-RBF,Growth
GN0138-CEF-03,GN0138,Ceftriaxone,0.5,3,1.0,Growth,SVM-RBF,Growth
GN0138-CEF-04,GN0138,Ceftriaxone,1.0,4,1.0,Growth,SVM-RBF,Growth
GN0138-CEF-05,GN0138,Ceftriaxone,2.0,5,1.0,Growth,SVM-RBF,Growth
GN0138-CEF-06,GN0138,Ceftriaxone,4.0,6,1.0,Growth,SVM-RBF,Growth
GN0138-CEF-07,GN0138,Ceftriaxone,8.0,7,0.6193,Growth,SVM-RBF,Growth
GN0138-CEF-08,GN0138,Ceftriaxone,16.0,8,0.9941,Growth,SVM-RBF,Growth
GN0138-CEF-09,GN0138,Ceftriaxone,32.0,9,0.0001,No Growth,SVM-RBF,No Growth
GN0138-CEF-10,GN0138,Ceftriaxone,64.0,10,0.0,No Growth,SVM-RBF,No Growth
GN0119-AMP-01,GN0119,Ampicillin,0.12,1,0.9962,Growth,SVM-RBF,Growth
GN0119-AMP-02,GN0119,Ampicillin,0.25,2,1.0,Growth,SVM-RBF,Growth
GN0119-AMP-03,GN0119,Ampicillin,0.5,3,1.0,Growth,SVM-RBF,Growth
GN0119-AMP-04,GN0119,Ampicillin,1.0,4,1.0,Growth,SVM-RBF,Growth
GN0119-AMP-05,GN0119,Ampicillin,2.0,5,1.0,Growth,SVM-RBF,Growth
GN0119-AMP-06,GN0119,Ampicillin,4.0,6,0.9974,Growth,SVM-RBF,Growth
GN0119-AMP-07,GN0119,Ampicillin,8.0,7,1.0,Growth,SVM-RBF,Growth
GN0119-AMP-08,GN0119,Ampicillin,16.0,8,0.9237,Growth,SVM-RBF,Growth
GN0119-AMP-09,GN0119,Ampicillin,32.0,9,0.9921,Growth,SVM-RBF,Growth
GN0119-CEF-01,GN0119,Ceftriaxone,0.12,1,0.2048,No Growth,SVM-RBF,No Growth
GN0119-CEF-02,GN0119,Ceftriaxone,0.25,2,0.0001,No Growth,SVM-RBF,No Growth
GN0119-CEF-03,GN0119,Ceftriaxone,0.5,3,0.0022,No Growth,SVM-RBF,No Growth
GN0119-CEF-04,GN0119,Ceftriaxone,1.0,4,0.0,No Growth,SVM-RBF,No Growth
GN0119-CEF-05,GN0119,Ceftriaxone,2.0,5,0.0001,No Growth,SVM-RBF,No Growth
GN0119-CEF-06,GN0119,Ceftriaxone,4.0,6,0.0,No Growth,SVM-RBF,No Growth
GN0119-CEF-07,GN0119,Ceftriaxone,8.0,7,0.0152,No Growth,SVM-RBF,No Growth
GN0119-CEF-08,GN0119,Ceftriaxone,16.0,8,0.0006,No Growth,SVM-RBF,No Growth
GN0119-CEF-09,GN0119,Ceftriaxone,32.0,9,0.0001,No Growth,SVM-RBF,No Growth
GN0119-CEF-10,GN0119,Ceftriaxone,64.0,10,0.0002,No Growth,SVM-RBF,No Growth
GN0035-AMP-01,GN0035,Ampicillin,0.12,1,1.0,Growth,SVM-RBF,Growth
GN0035-AMP-02,GN0035,Ampicillin,0.25,2,1.0,Growth,SVM-RBF,Growth
GN0035-AMP-03,GN0035,Ampicillin,0.5,3,1.0,Growth,SVM-RBF,Growth
GN0035-AMP-04,GN0035,Ampicillin,1.0,4,0.9959,Growth,SVM-RBF,Growth
GN0035-AMP-05,GN0035,Ampicillin,2.0,5,1.0,Growth,SVM-RBF,Growth
GN0035-AMP-06,GN0035,Ampicillin,4.0,6,1.0,Growth,SVM-RBF,Growth
GN0035-AMP-07,GN0035,Ampicillin,8.0,7,1.0,Growth,SVM-RBF,Growth
GN0035-AMP-08,GN0035,Ampicillin,16.0,8,1.0,Growth,SVM-RBF,Growth
GN0035-AMP-09,GN0035,Ampicillin,32.0,9,0.9963,Growth,SVM-RBF,Growth
GN0035-MER-01,GN0035,Meropenem,0.06,1,1.0,Growth,SVM-RBF,Growth
GN0035-MER-02,GN0035,Meropenem,0.12,2,0.997,Growth,SVM-RBF,Growth
GN0035-MER-03,GN0035,Meropenem,0.25,3,1.0,Growth,SVM-RBF,Growth
GN0035-MER-04,GN0035,Meropenem,0.5,4,0.9932,Growth,SVM-RBF,Growth
GN0035-MER-05,GN0035,Meropenem,1.0,5,0.0,No Growth,SVM-RBF,No Growth
GN0035-MER-06,GN0035,Meropenem,2.0,6,0.001,No Growth,SVM-RBF,No Growth
GN0035-MER-07,GN0035,Meropenem,4.0,7,0.0,No Growth,SVM-RBF,No Growth
GN0035-MER-08,GN0035,Meropenem,8.0,8,0.0,No Growth,SVM-RBF,No Growth
GN0035-MER-09,GN0035,Meropenem,16.0,9,0.0,No Growth,SVM-RBF,No Growth
GN0035-CEF-01,GN0035,Ceftriaxone,0.12,1,1.0,Growth,SVM-RBF,Growth
GN0035-CEF-02,GN0035,Ceftriaxone,0.25,2,1.0,Growth,SVM-RBF,Growth
GN0035-CEF-03,GN0035,Ceftriaxone,0.5,3,1.0,Growth,SVM-RBF,Growth
GN0035-CEF-04,GN0035,Ceftriaxone,1.0,4,1.0,Growth,SVM-RBF,Growth
GN0035-CEF-05,GN0035,Ceftriaxone,2.0,5,1.0,Growth,SVM-RBF,Growth
GN0035-CEF-06,GN0035,Ceftriaxone,4.0,6,1.0,Growth,SVM-RBF,Growth
GN0035-CEF-07,GN0035,Ceftriaxone,8.0,7,1.0,Growth,SVM-RBF,Growth
GN0035-CEF-08,GN0035,Ceftriaxone,16.0,8,1.0,Growth,SVM-RBF,Growth
GN0035-CEF-09,GN0035,Ceftriaxone,32.0,9,0.9959,Growth,SVM-RBF,Growth
GN0035-CEF-10,GN0035,Ceftriaxone,64.0,10,0.9955,Growth,SVM-RBF,Growth
GP0044-OXA-01,GP0044,Oxacillin,0.06,1,1.0,Growth,SVM-RBF,Growth
GP0044-OXA-02,GP0044,Oxacillin,0.12,2,1.0,Growth,SVM-RBF,Growth
GP0044-OXA-03,GP0044,Oxacillin,0.25,3,1.0,Growth,SVM-RBF,Growth
GP0044-OXA-04,GP0044,Oxacillin,0.5,4,1.0,Growth,SVM-RBF,Growth
GP0044-OXA-05,GP0044,Oxacillin,1.0,5,1.0,Growth,SVM-RBF,Growth
GP0044-OXA-06,GP0044,Oxacillin,2.0,6,1.0,Growth,SVM-RBF,Growth
GP0044-OXA-07,GP0044,Oxacillin,4.0,7,1.0,Growth,SVM-RBF,Growth
GP0044-OXA-08,GP0044,Oxacillin,8.0,8,0.9711,Growth,SVM-RBF,Growth
GP0044-AMP-01,GP0044,Ampicillin,0.12,1,1.0,Growth,SVM-RBF,Growth
GP0044-AMP-02,GP0044,Ampicillin,0.25,2,1.0,Growth,SVM-RBF,Growth
GP0044-AMP-03,GP0044,Ampicillin,0.5,3,1.0,Growth,SVM-RBF,Growth
GP0044-AMP-04,GP0044,Ampicillin,1.0,4,0.0086,No Growth,SVM-RBF,No Growth
GP0044-AMP-05,GP0044,Ampicillin,2.0,5,0.0,No Growth,SVM-RBF,No Growth
GP0044-AMP-06,GP0044,Ampicillin,4.0,6,1.0,Growth,SVM-RBF,No Growth
GP0044-AMP-07,GP0044,Ampicillin,8.0,7,0.8274,Growth,SVM-RBF,No Growth
GP0044-AMP-08,GP0044,Ampicillin,16.0,8,0.0,No Growth,SVM-RBF,No Growth
GP0044-AMP-09,GP0044,Ampicillin,32.0,9,0.0,No Growth,SVM-RBF,No Growth
GP0044-CEF-01,GP0044,Ceftriaxone,0.12,1,1.0,Growth,SVM-RBF,Growth
GP0044-CEF-02,GP0044,Ceftriaxone,0.25,2,1.0,Growth,SVM-RBF,Growth
GP0044-CEF-03,GP0044,Ceftriaxone,0.5,3,1.0,Growth,SVM-RBF,Growth
GP0044-CEF-04,GP0044,Ceftriaxone,1.0,4,1.0,Growth,SVM-RBF,Growth
GP0044-CEF-05,GP0044,Ceftriaxone,2.0,5,1.0,Growth,SVM-RBF,Growth
GP0044-CEF-06,GP0044,Ceftriaxone,4.0,6,1.0,Growth,SVM-RBF,Growth
GP0044-CEF-07,GP0044,Ceftriaxone,8.0,7,1.0,Growth,SVM-RBF,Growth
GP0044-CEF-08,GP0044,Ceftriaxone,16.0,8,1.0,Growth,SVM-RBF,Growth
GP0044-CEF-09,GP0044,Ceftriaxone,32.0,9,0.0005,No Growth,SVM-RBF,No Growth
GP0044-CEF-10,GP0044,Ceftriaxone,64.0,10,0.0,No Growth,SVM-RBF,No Growth
GP0004-AMP-01,GP0004,Ampicillin,0.12,1,1.0,Growth,SVM-RBF,Growth
GP0004-AMP-02,GP0004,Ampicillin,0.25,2,1.0,Growth,SVM-RBF,Growth
GP0004-AMP-03,GP0004,Ampicillin,0.5,3,1.0,Growth,SVM-RBF,Growth
GP0004-AMP-04,GP0004,Ampicillin,1.0,4,1.0,Growth,SVM-RBF,Growth
GP0004-AMP-05,GP0004,Ampicillin,2.0,5,1.0,Growth,SVM-RBF,Growth
GP0004-AMP-06,GP0004,Ampicillin,4.0,6,1.0,Growth,SVM-RBF,Growth
GP0004-AMP-07,GP0004,Ampicillin,8.0,7,0.9908,Growth,SVM-RBF,Growth
GP0004-AMP-08,GP0004,Ampicillin,16.0,8,0.0563,No Growth,SVM-RBF,No Growth
GP0004-AMP-09,GP0004,Ampicillin,32.0,9,0.0,No Growth,SVM-RBF,No Growth
GP0004-MER-01,GP0004,Meropenem,0.06,1,0.0043,No Growth,SVM-RBF,No Growth
GP0004-MER-02,GP0004,Meropenem,0.12,2,0.0,No Growth,SVM-RBF,No Growth
GP0004-MER-03,GP0004,Meropenem,0.25,3,0.0003,No Growth,SVM-RBF,No Growth
GP0004-MER-04,GP0004,Meropenem,0.5,4,0.0007,No Growth,SVM-RBF,No Growth
GP0004-MER-05,GP0004,Meropenem,1.0,5,0.0,No Growth,SVM-RBF,No Growth
GP0004-MER-06,GP0004,Meropenem,2.0,6,0.0,No Growth,SVM-RBF,No Growth
GP0004-MER-07,GP0004,Meropenem,4.0,7,0.0,No Growth,SVM-RBF,No Growth
GP0004-MER-08,GP0004,Meropenem,8.0,8,0.0,No Growth,SVM-RBF,No Growth
GP0004-MER-09,GP0004,Meropenem,16.0,9,0.0,No Growth,SVM-RBF,No Growth
GP0004-CEF-01,GP0004,Ceftriaxone,0.12,1,1.0,Growth,SVM-RBF,Growth
GP0004-CEF-02,GP0004,Ceftriaxone,0.25,2,1.0,Growth,SVM-RBF,Growth
GP0004-CEF-03,GP0004,Ceftriaxone,0.5,3,1.0,Growth,SVM-RBF,Growth
GP0004-CEF-04,GP0004,Ceftriaxone,1.0,4,1.0,Growth,SVM-RBF,Growth
GP0004-CEF-05,GP0004,Ceftriaxone,2.0,5,0.715,Growth,SVM-RBF,Growth
GP0004-CEF-06,GP0004,Ceftriaxone,4.0,6,0.0003,No Growth,SVM-RBF,No Growth
GP0004-CEF-07,GP0004,Ceftriaxone,8.0,7,0.0001,No Growth,SVM-RBF,No Growth
GP0004-CEF-08,GP0004,Ceftriaxone,16.0,8,0.0,No Growth,SVM-RBF,No Growth
GP0004-CEF-09,GP0004,Ceftriaxone,32.0,9,0.0,No Growth,SVM-RBF,No Growth
GP0004-CEF-10,GP0004,Ceftriaxone,64.0,10,0.0031,No Growth,SVM-RBF,No Growth
GP0004-VAN-01,GP0004,Vancomycin,0.25,1,1.0,Growth,SVM-RBF,Growth
GP0004-VAN-02,GP0004,Vancomycin,0.5,2,0.9713,Growth,SVM-RBF,Growth
GP0004-VAN-03,GP0004,Vancomycin,1.0,3,0.0,No Growth,SVM-RBF,No Growth
GP0004-VAN-04,GP0004,Vancomycin,2.0,4,0.0,No Growth,SVM-RBF,No Growth
GP0004-VAN-05,GP0004,Vancomycin,4.0,5,0.0,No Growth,SVM-RBF,No Growth
GP0004-VAN-06,GP0004,Vancomycin,8.0,6,0.0,No Growth,SVM-RBF,No Growth
GP0004-VAN-07,GP0004,Vancomycin,16.0,7,0.0,No Growth,SVM-RBF,No Growth
GP0004-VAN-08,GP0004,Vancomycin,32.0,8,0.0,No Growth,SVM-RBF,No Growth
GP0004-DAP-01,GP0004,Daptomycin,0.06,1,0.7351,Growth,SVM-RBF,Growth
GP0004-DAP-02,GP0004,Daptomycin,0.12,2,0.3583,No Growth,SVM-RBF,No Growth
GP0004-DAP-03,GP0004,Daptomycin,0.25,3,0.0,No Growth,SVM-RBF,No Growth
GP0004-DAP-04,GP0004,Daptomycin,0.5,4,0.0,No Growth,SVM-RBF,No Growth
GP0004-DAP-05,GP0004,Daptomycin,1.0,5,0.0004,No Growth,SVM-RBF,No Growth
GP0004-DAP-06,GP0004,Daptomycin,2.0,6,0.0,No Growth,SVM-RBF,No Growth
GP0004-DAP-07,GP0004,Daptomycin,4.0,7,0.0,No Growth,SVM-RBF,No Growth
GP0004-DAP-08,GP0004,Daptomycin,8.0,8,0.0,No Growth,SVM-RBF,No Growth
GN0007-AMP-01,GN0007,Ampicillin,0.12,1,1.0,Growth,SVM-RBF,Growth
GN0007-AMP-02,GN0007,Ampicillin,0.25,2,1.0,Growth,SVM-RBF,Growth
GN0007-AMP-03,GN0007,Ampicillin,0.5,3,1.0,Growth,SVM-RBF,Growth
GN0007-AMP-04,GN0007,Ampicillin,1.0,4,1.0,Growth,SVM-RBF,Growth
GN0007-AMP-05,GN0007,Ampicillin,2.0,5,1.0,Growth,SVM-RBF,Growth
GN0007-AMP-06,GN0007,Ampicillin,4.0,6,0.9959,Growth,SVM-RBF,Growth
GN0007-AMP-07,GN0007,Ampicillin,8.0,7,1.0,Growth,SVM-RBF,Growth
GN0007-AMP-08,GN0007,Ampicillin,16.0,8,1.0,Growth,SVM-RBF,Growth
GN0007-AMP-09,GN0007,Ampicillin,32.0,9,0.9886,Growth,SVM-RBF,Growth
GN0007-MER-01,GN0007,Meropenem,0.06,1,0.0022,No Growth,SVM-RBF,No Growth
GN0007-MER-02,GN0007,Meropenem,0.12,2,0.0001,No Growth,SVM-RBF,No Growth
GN0007-MER-03,GN0007,Meropenem,0.25,3,0.0,No Growth,SVM-RBF,No Growth
GN0007-MER-04,GN0007,Meropenem,0.5,4,0.0,No Growth,SVM-RBF,No Growth
GN0007-MER-05,GN0007,Meropenem,1.0,5,0.0001,No Growth,SVM-RBF,No Growth
GN0007-MER-06,GN0007,Meropenem,2.0,6,0.0,No Growth,SVM-RBF,No Growth
GN0007-MER-07,GN0007,Meropenem,4.0,7,0.0024,No Growth,SVM-RBF,No Growth
GN0007-MER-08,GN0007,Meropenem,8.0,8,0.0,No Growth,SVM-RBF,No Growth
GN0007-MER-09,GN0007,Meropenem,16.0,9,0.0,No Growth,SVM-RBF,No Growth
GN0116-CEF-01,GN0116,Ceftriaxone,0.12,1,0.0,No Growth,SVM-RBF,No Growth
GN0116-CEF-02,GN0116,Ceftriaxone,0.25,2,0.0,No Growth,SVM-RBF,No Growth
GN0116-CEF-03,GN0116,Ceftriaxone,0.5,3,0.0001,No Growth,SVM-RBF,No Growth
GN0116-CEF-04,GN0116,Ceftriaxone,1.0,4,0.0002,No Growth,SVM-RBF,No Growth
GN0116-CEF-05,GN0116,Ceftriaxone,2.0,5,0.0,No Growth,SVM-RBF,No Growth
GN0116-CEF-06,GN0116,Ceftriaxone,4.0,6,0.0,No Growth,SVM-RBF,No Growth
GN0116-CEF-07,GN0116,Ceftriaxone,8.0,7,0.0,No Growth,SVM-RBF,No Growth
GN0116-CEF-08,GN0116,Ceftriaxone,16.0,8,0.0,No Growth,SVM-RBF,No Growth
GN0116-CEF-09,GN0116,Ceftriaxone,32.0,9,0.0,No Growth,SVM-RBF,No Growth
GN0116-CEF-10,GN0116,Ceftriaxone,64.0,10,0.0,No Growth,SVM-RBF,No Growth
GN0116-MER-01,GN0116,Meropenem,0.06,1,0.0,No Growth,SVM-RBF,No Growth
GN0116-MER-02,GN0116,Meropenem,0.12,2,0.0003,No Growth,SVM-RBF,No Growth
GN0116-MER-03,GN0116,Meropenem,0.25,3,0.0,No Growth,SVM-RBF,No Growth
GN0116-MER-04,GN0116,Meropenem,0.5,4,0.0,No Growth,SVM-RBF,No Growth
GN0116-MER-05,GN0116,Meropenem,1.0,5,0.0,No Growth,SVM-RBF,No Growth
GN0116-MER-06,GN0116,Meropenem,2.0,6,0.0,No Growth,SVM-RBF,No Growth
GN0116-MER-07,GN0116,Meropenem,4.0,7,0.0,No Growth,SVM-RBF,No Growth
GN0116-MER-08,GN0116,Meropenem,8.0,8,0.0,No Growth,SVM-RBF,No Growth
GN0116-MER-09,GN0116,Meropenem,16.0,9,0.0,No Growth,SVM-RBF,No Growth
GP0008-DAP-01,GP0008,Daptomycin,0.06,1,1.0,Growth,SVM-RBF,Growth
GP0008-DAP-02,GP0008,Daptomycin,0.12,2,1.0,Growth,SVM-RBF,Growth
GP0008-DAP-03,GP0008,Daptomycin,0.25,3,0.9882,Growth,SVM-RBF,Growth
GP0008-DAP-04,GP0008,Daptomycin,0.5,4,0.0012,No Growth,SVM-RBF,No Growth
GP0008-DAP-05,GP0008,Daptomycin,1.0,5,0.3812,No Growth,SVM-RBF,No Growth
GP0008-DAP-06,GP0008,Daptomycin,2.0,6,0.0,No Growth,SVM-RBF,No Growth
GP0008-DAP-07,GP0008,Daptomycin,4.0,7,0.0022,No Growth,SVM-RBF,No Growth
GP0008-DAP-08,GP0008,Daptomycin,8.0,8,0.0,No Growth,SVM-RBF,No Growth
GP0008-MER-01,GP0008,Meropenem,0.06,1,1.0,Growth,SVM-RBF,Growth
GP0008-MER-02,GP0008,Meropenem,0.12,2,0.5,No Growth,SVM-RBF,No Growth
GP0008-MER-03,GP0008,Meropenem,0.25,3,0.0053,No Growth,SVM-RBF,No Growth
GP0008-MER-04,GP0008,Meropenem,0.5,4,0.0004,No Growth,SVM-RBF,No Growth
GP0008-MER-05,GP0008,Meropenem,1.0,5,0.0,No Growth,SVM-RBF,No Growth
GP0008-MER-06,GP0008,Meropenem,2.0,6,0.0,No Growth,SVM-RBF,No Growth
GP0008-MER-07,GP0008,Meropenem,4.0,7,0.0,No Growth,SVM-RBF,No Growth
GP0008-MER-08,GP0008,Meropenem,8.0,8,0.7128,Growth,SVM-RBF,No Growth
GP0008-MER-09,GP0008,Meropenem,16.0,9,0.0,No Growth,SVM-RBF,No Growth
GP0008-OXA-01,GP0008,Oxacillin,0.06,1,0.0226,No Growth,SVM-RBF,No Growth
GP0008-OXA-02,GP0008,Oxacillin,0.12,2,0.0,No Growth,SVM-RBF,No Growth
GP0008-OXA-03,GP0008,Oxacillin,0.25,3,0.0,No Growth,SVM-RBF,No Growth
GP0008-OXA-04,GP0008,Oxacillin,0.5,4,0.0,No Growth,SVM-RBF,No Growth
GP0008-OXA-05,GP0008,Oxacillin,1.0,5,0.0,No Growth,SVM-RBF,No Growth
GP0008-OXA-06,GP0008,Oxacillin,2.0,6,0.0,No Growth,SVM-RBF,No Growth
GP0008-OXA-07,GP0008,Oxacillin,4.0,7,0.0,No Growth,SVM-RBF,No Growth
GP0008-OXA-08,GP0008,Oxacillin,8.0,8,0.0,No Growth,SVM-RBF,No Growth
GP0009-CEF-01,GP0009,Ceftriaxone,0.12,1,1.0,Growth,SVM-RBF,Growth
GP0009-CEF-02,GP0009,Ceftriaxone,0.25,2,1.0,Growth,SVM-RBF,Growth
GP0009-CEF-03,GP0009,Ceftriaxone,0.5,3,1.0,Growth,SVM-RBF,Growth
GP0009-CEF-04,GP0009,Ceftriaxone,1.0,4,1.0,Growth,SVM-RBF,Growth
GP0009-CEF-05,GP0009,Ceftriaxone,2.0,5,1.0,Growth,SVM-RBF,Growth
GP0009-CEF-06,GP0009,Ceftriaxone,4.0,6,1.0,Growth,SVM-RBF,Growth
GP0009-CEF-07,GP0009,Ceftriaxone,8.0,7,1.0,Growth,SVM-RBF,Growth
GP0009-CEF-08,GP0009,Ceftriaxone,16.0,8,1.0,Growth,SVM-RBF,Growth
GP0009-CEF-09,GP0009,Ceftriaxone,32.0,9,0.9956,Growth,SVM-RBF,Growth
GP0009-CEF-10,GP0009,Ceftriaxone,64.0,10,0.9751,Growth,SVM-RBF,Growth
GP0009-MER-01,GP0009,Meropenem,0.06,1,1.0,Growth,SVM-RBF,Growth
GP0009-MER-02,GP0009,Meropenem,0.12,2,1.0,Growth,SVM-RBF,Growth
GP0009-MER-03,GP0009,Meropenem,0.25,3,1.0,Growth,SVM-RBF,Growth
GP0009-MER-04,GP0009,Meropenem,0.5,4,1.0,Growth,SVM-RBF,Growth
GP0009-MER-05,GP0009,Meropenem,1.0,5,1.0,Growth,SVM-RBF,Growth
GP0009-MER-06,GP0009,Meropenem,2.0,6,1.0,Growth,SVM-RBF,Growth
GP0009-MER-07,GP0009,Meropenem,4.0,7,0.9642,Growth,SVM-RBF,Growth
GP0009-MER-08,GP0009,Meropenem,8.0,8,0.0012,No Growth,SVM-RBF,No Growth
GP0009-MER-09,GP0009,Meropenem,16.0,9,0.0,No Growth,SVM-RBF,No Growth
GP0009-AMP-01,GP0009,Ampicillin,0.12,1,1.0,Growth,SVM-RBF,Growth
GP0009-AMP-02,GP0009,Ampicillin,0.25,2,1.0,Growth,SVM-RBF,Growth
GP0009-AMP-03,GP0009,Ampicillin,0.5,3,1.0,Growth,SVM-RBF,Growth
GP0009-AMP-04,GP0009,Ampicillin,1.0,4,1.0,Growth,SVM-RBF,Growth
GP0009-AMP-05,GP0009,Ampicillin,2.0,5,0.9332,Growth,SVM-RBF,Growth
GP0009-AMP-06,GP0009,Ampicillin,4.0,6,0.1093,No Growth,SVM-RBF,No Growth
GP0009-AMP-07,GP0009,Ampicillin,8.0,7,0.0,No Growth,SVM-RBF,No Growth
GP0009-AMP-08,GP0009,Ampicillin,16.0,8,0.0001,No Growth,SVM-RBF,No Growth
GP0009-AMP-09,GP0009,Ampicillin,32.0,9,0.0,No Growth,SVM-RBF,No Growth
GP0009-OXA-01,GP0009,Oxacillin,0.06,1,1.0,Growth,SVM-RBF,Growth
GP0009-OXA-02,GP0009,Oxacillin,0.12,2,1.0,Growth,SVM-RBF,Growth
GP0009-OXA-03,GP0009,Oxacillin,0.25,3,1.0,Growth,SVM-RBF,Growth
GP0009-OXA-04,GP0009,Oxacillin,0.5,4,0.9963,Growth,SVM-RBF,Growth
GP0009-OXA-05,GP0009,Oxacillin,1.0,5,1.0,Growth,SVM-RBF,Growth
GP0009-OXA-06,GP0009,Oxacillin,2.0,6,1.0,Growth,SVM-RBF,Growth
GP0009-OXA-07,GP0009,Oxacillin,4.0,7,1.0,Growth,SVM-RBF,Growth
GP0009-OXA-08,GP0009,Oxacillin,8.0,8,0.8889,Growth,SVM-RBF,Growth
GN0040-AMP-01,GN0040,Ampicillin,0.12,1,1.0,Growth,SVM-RBF,Growth
GN0040-AMP-02,GN0040,Ampicillin,0.25,2,1.0,Growth,SVM-RBF,Growth
GN0040-AMP-03,GN0040,Ampicillin,0.5,3,1.0,Growth,SVM-RBF,Growth
GN0040-AMP-04,GN0040,Ampicillin,1.0,4,1.0,Growth,SVM-RBF,Growth
GN0040-AMP-05,GN0040,Ampicillin,2.0,5,0.9956,Growth,SVM-RBF,Growth
GN0040-AMP-06,GN0040,Ampicillin,4.0,6,1.0,Growth,SVM-RBF,Growth
GN0040-AMP-07,GN0040,Ampicillin,8.0,7,1.0,Growth,SVM-RBF,Growth
GN0040-AMP-08,GN0040,Ampicillin,16.0,8,0.0006,No Growth,SVM-RBF,No Growth
GN0040-AMP-09,GN0040,Ampicillin,32.0,9,0.0049,No Growth,SVM-RBF,No Growth
GN0040-MER-01,GN0040,Meropenem,0.06,1,0.0001,No Growth,SVM-RBF,No Growth
GN0040-MER-02,GN0040,Meropenem,0.12,2,0.0115,No Growth,SVM-RBF,No Growth
GN0040-MER-03,GN0040,Meropenem,0.25,3,0.0,No Growth,SVM-RBF,No Growth
GN0040-MER-04,GN0040,Meropenem,0.5,4,0.0001,No Growth,SVM-RBF,No Growth
GN0040-MER-05,GN0040,Meropenem,1.0,5,0.0042,No Growth,SVM-RBF,No Growth
GN0040-MER-06,GN0040,Meropenem,2.0,6,0.0199,No Growth,SVM-RBF,No Growth
GN0040-MER-07,GN0040,Meropenem,4.0,7,0.0,No Growth,SVM-RBF,No Growth
GN0040-MER-08,GN0040,Meropenem,8.0,8,0.0,No Growth,SVM-RBF,No Growth
GN0040-MER-09,GN0040,Meropenem,16.0,9,0.0,No Growth,SVM-RBF,No Growth
GP0073-VAN-01,GP0073,Vancomycin,0.25,1,1.0,Growth,SVM-RBF,Growth
GP0073-VAN-02,GP0073,Vancomycin,0.5,2,0.9877,Growth,SVM-RBF,Growth
GP0073-VAN-03,GP0073,Vancomycin,1.0,3,0.0031,No Growth,SVM-RBF,No Growth
GP0073-VAN-04,GP0073,Vancomycin,2.0,4,0.0001,No Growth,SVM-RBF,No Growth
GP0073-VAN-05,GP0073,Vancomycin,4.0,5,0.0,No Growth,SVM-RBF,No Growth
GP0073-VAN-06,GP0073,Vancomycin,8.0,6,0.0,No Growth,SVM-RBF,No Growth
GP0073-VAN-07,GP0073,Vancomycin,16.0,7,0.0,No Growth,SVM-RBF,No Growth
GP0073-VAN-08,GP0073,Vancomycin,32.0,8,0.0049,No Growth,SVM-RBF,No Growth
GP0073-OXA-01,GP0073,Oxacillin,0.06,1,1.0,Growth,SVM-RBF,Growth
GP0073-OXA-02,GP0073,Oxacillin,0.12,2,0.9974,Growth,SVM-RBF,Growth
GP0073-OXA-03,GP0073,Oxacillin,0.25,3,0.0662,No Growth,SVM-RBF,No Growth
GP0073-OXA-04,GP0073,Oxacillin,0.5,4,0.0,No Growth,SVM-RBF,No Growth
GP0073-OXA-05,GP0073,Oxacillin,1.0,5,0.0,No Growth,SVM-RBF,No Growth
GP0073-OXA-06,GP0073,Oxacillin,2.0,6,0.0,No Growth,SVM-RBF,No Growth
GP0073-OXA-07,GP0073,Oxacillin,4.0,7,0.0,No Growth,SVM-RBF,No Growth
GP0073-OXA-08,GP0073,Oxacillin,8.0,8,0.0616,No Growth,SVM-RBF,No Growth
GP0073-AMP-01,GP0073,Ampicillin,0.12,1,0.0208,No Growth,SVM-RBF,No Growth
GP0073-AMP-02,GP0073,Ampicillin,0.25,2,0.0006,No Growth,SVM-RBF,No Growth
GP0073-AMP-03,GP0073,Ampicillin,0.5,3,0.0001,No Growth,SVM-RBF,No Growth
GP0073-AMP-04,GP0073,Ampicillin,1.0,4,0.0,No Growth,SVM-RBF,No Growth
GP0073-AMP-05,GP0073,Ampicillin,2.0,5,0.0964,No Growth,SVM-RBF,No Growth
GP0073-AMP-06,GP0073,Ampicillin,4.0,6,0.041,No Growth,SVM-RBF,No Growth
GP0073-AMP-07,GP0073,Ampicillin,8.0,7,0.0,No Growth,SVM-RBF,No Growth
GP0073-AMP-08,GP0073,Ampicillin,16.0,8,0.539,No Growth,SVM-RBF,No Growth
GP0073-AMP-09,GP0073,Ampicillin,32.0,9,0.2864,No Growth,SVM-RBF,No Growth
GP0073-DAP-01,GP0073,Daptomycin,0.06,1,1.0,Growth,SVM-RBF,Growth
GP0073-DAP-02,GP0073,Daptomycin,0.12,2,0.9974,Growth,SVM-RBF,Growth
GP0073-DAP-03,GP0073,Daptomycin,0.25,3,0.0016,No Growth,SVM-RBF,No Growth
GP0073-DAP-04,GP0073,Daptomycin,0.5,4,0.0001,No Growth,SVM-RBF,No Growth
GP0073-DAP-05,GP0073,Daptomycin,1.0,5,0.0,No Growth,SVM-RBF,No Growth
GP0073-DAP-06,GP0073,Daptomycin,2.0,6,0.0,No Growth,SVM-RBF,No Growth
GP0073-DAP-07,GP0073,Daptomycin,4.0,7,0.0,No Growth,SVM-RBF,No Growth
GP0073-DAP-08,GP0073,Daptomycin,8.0,8,0.0,No Growth,SVM-RBF,No Growth
GP0073-MER-01,GP0073,Meropenem,0.06,1,1.0,Growth,SVM-RBF,Growth
GP0073-MER-02,GP0073,Meropenem,0.12,2,0.0078,No Growth,SVM-RBF,No Growth
GP0073-MER-03,GP0073,Meropenem,0.25,3,0.0041,No Growth,SVM-RBF,No Growth
GP0073-MER-04,GP0073,Meropenem,0.5,4,0.0,No Growth,SVM-RBF,No Growth
GP0073-MER-05,GP0073,Meropenem,1.0,5,0.0,No Growth,SVM-RBF,No Growth
GP0073-MER-06,GP0073,Meropenem,2.0,6,0.0336,No Growth,SVM-RBF,No Growth
GP0073-MER-07,GP0073,Meropenem,4.0,7,0.0,No Growth,SVM-RBF,No Growth
GP0073-MER-08,GP0073,Meropenem,8.0,8,0.0002,No Growth,SVM-RBF,No Growth
GP0073-MER-09,GP0073,Meropenem,16.0,9,0.0,No Growth,SVM-RBF,No Growth
GN0114-CEF-01,GN0114,Ceftriaxone,0.12,1,0.0012,No Growth,SVM-RBF,No Growth
GN0114-CEF-02,GN0114,Ceftriaxone,0.25,2,0.0002,No Growth,SVM-RBF,No Growth
GN0114-CEF-03,GN0114,Ceftriaxone,0.5,3,0.0151,No Growth,SVM-RBF,No Growth
GN0114-CEF-04,GN0114,Ceftriaxone,1.0,4,0.6915,Growth,SVM-RBF,No Growth
GN0114-CEF-05,GN0114,Ceftriaxone,2.0,5,0.0,No Growth,SVM-RBF,No Growth
GN0114-CEF-06,GN0114,Ceftriaxone,4.0,6,0.0,No Growth,SVM-RBF,No Growth
GN0114-CEF-07,GN0114,Ceftriaxone,8.0,7,0.0,No Growth,SVM-RBF,No Growth
GN0114-CEF-08,GN0114,Ceftriaxone,16.0,8,0.0,No Growth,SVM-RBF,No Growth
GN0114-CEF-09,GN0114,Ceftriaxone,32.0,9,0.0001,No Growth,SVM-RBF,No Growth
GN0114-CEF-10,GN0114,Ceftriaxone,64.0,10,0.0,No Growth,SVM-RBF,No Growth
GN0114-MER-01,GN0114,Meropenem,0.06,1,0.0004,No Growth,SVM-RBF,No Growth
GN0114-MER-02,GN0114,Meropenem,0.12,2,0.0,No Growth,SVM-RBF,No Growth
GN0114-MER-03,GN0114,Meropenem,0.25,3,0.0,No Growth,SVM-RBF,No Growth
GN0114-MER-04,GN0114,Meropenem,0.5,4,0.0,No Growth,SVM-RBF,No Growth
GN0114-MER-05,GN0114,Meropenem,1.0,5,0.0,No Growth,SVM-RBF,No Growth
GN0114-MER-06,GN0114,Meropenem,2.0,6,0.0001,No Growth,SVM-RBF,No Growth
GN0114-MER-07,GN0114,Meropenem,4.0,7,0.0,No Growth,SVM-RBF,No Growth
GN0114-MER-08,GN0114,Meropenem,8.0,8,0.0,No Growth,SVM-RBF,No Growth
GN0114-MER-09,GN0114,Meropenem,16.0,9,0.0,No Growth,SVM-RBF,No Growth
GP0015-VAN-01,GP0015,Vancomycin,0.25,1,0.9842,Growth,SVM-RBF,Growth
GP0015-VAN-02,GP0015,Vancomycin,0.5,2,0.0004,No Growth,SVM-RBF,No Growth
GP0015-VAN-03,GP0015,Vancomycin,1.0,3,0.0001,No Growth,SVM-RBF,No Growth
GP0015-VAN-04,GP0015,Vancomycin,2.0,4,0.0,No Growth,SVM-RBF,No Growth
GP0015-VAN-05,GP0015,Vancomycin,4.0,5,0.0,No Growth,SVM-RBF,No Growth
GP0015-VAN-06,GP0015,Vancomycin,8.0,6,0.0,No Growth,SVM-RBF,No Growth
GP0015-VAN-07,GP0015,Vancomycin,16.0,7,0.0,No Growth,SVM-RBF,No Growth
GP0015-VAN-08,GP0015,Vancomycin,32.0,8,0.0,No Growth,SVM-RBF,No Growth
GP0015-CEF-01,GP0015,Ceftriaxone,0.12,1,1.0,Growth,SVM-RBF,Growth
GP0015-CEF-02,GP0015,Ceftriaxone,0.25,2,1.0,Growth,SVM-RBF,Growth
GP0015-CEF-03,GP0015,Ceftriaxone,0.5,3,1.0,Growth,SVM-RBF,Growth
GP0015-CEF-04,GP0015,Ceftriaxone,1.0,4,1.0,Growth,SVM-RBF,Growth
GP0015-CEF-05,GP0015,Ceftriaxone,2.0,5,0.9959,Growth,SVM-RBF,Growth
GP0015-CEF-06,GP0015,Ceftriaxone,4.0,6,0.0002,No Growth,SVM-RBF,No Growth
GP0015-CEF-07,GP0015,Ceftriaxone,8.0,7,0.0001,No Growth,SVM-RBF,No Growth
GP0015-CEF-08,GP0015,Ceftriaxone,16.0,8,0.0005,No Growth,SVM-RBF,No Growth
GP0015-CEF-09,GP0015,Ceftriaxone,32.0,9,0.0,No Growth,SVM-RBF,No Growth
GP0015-CEF-10,GP0015,Ceftriaxone,64.0,10,0.0,No Growth,SVM-RBF,No Growth
GP0015-OXA-01,GP0015,Oxacillin,0.06,1,1.0,Growth,SVM-RBF,Growth
GP0015-OXA-02,GP0015,Oxacillin,0.12,2,1.0,Growth,SVM-RBF,Growth
GP0015-OXA-03,GP0015,Oxacillin,0.25,3,1.0,Growth,SVM-RBF,Growth
GP0015-OXA-04,GP0015,Oxacillin,0.5,4,0.9831,Growth,SVM-RBF,Growth
GP0015-OXA-05,GP0015,Oxacillin,1.0,5,0.0,No Growth,SVM-RBF,No Growth
GP0015-OXA-06,GP0015,Oxacillin,2.0,6,0.0043,No Growth,SVM-RBF,No Growth
GP0015-OXA-07,GP0015,Oxacillin,4.0,7,0.0,No Growth,SVM-RBF,No Growth
GP0015-OXA-08,GP0015,Oxacillin,8.0,8,0.0,No Growth,SVM-RBF,No Growth
GP0015-DAP-01,GP0015,Daptomycin,0.06,1,0.9973,Growth,SVM-RBF,Growth
GP0015-DAP-02,GP0015,Daptomycin,0.12,2,0.9936,Growth,SVM-RBF,Growth
GP0015-DAP-03,GP0015,Daptomycin,0.25,3,0.9853,Growth,SVM-RBF,Growth
GP0015-DAP-04,GP0015,Daptomycin,0.5,4,0.008,No Growth,SVM-RBF,No Growth
GP0015-DAP-05,GP0015,Daptomycin,1.0,5,0.0,No Growth,SVM-RBF,No Growth
GP0015-DAP-06,GP0015,Daptomycin,2.0,6,0.0,No Growth,SVM-RBF,No Growth
GP0015-DAP-07,GP0015,Daptomycin,4.0,7,0.0,No Growth,SVM-RBF,No Growth
GP0015-DAP-08,GP0015,Daptomycin,8.0,8,0.0001,No Growth,SVM-RBF,No Growth
GP0015-AMP-01,GP0015,Ampicillin,0.12,1,1.0,Growth,SVM-RBF,Growth
GP0015-AMP-02,GP0015,Ampicillin,0.25,2,1.0,Growth,SVM-RBF,Growth
GP0015-AMP-03,GP0015,Ampicillin,0.5,3,1.0,Growth,SVM-RBF,Growth
GP0015-AMP-04,GP0015,Ampicillin,1.0,4,1.0,Growth,SVM-RBF,Growth
GP0015-AMP-05,GP0015,Ampicillin,2.0,5,1.0,Growth,SVM-RBF,Growth
GP0015-AMP-06,GP0015,Ampicillin,4.0,6,1.0,Growth,SVM-RBF,Growth
GP0015-AMP-07,GP0015,Ampicillin,8.0,7,0.9728,Growth,SVM-RBF,Growth
GP0015-AMP-08,GP0015,Ampicillin,16.0,8,0.0427,No Growth,SVM-RBF,No Growth
GP0015-AMP-09,GP0015,Ampicillin,32.0,9,0.0,No Growth,SVM-RBF,No Growth
GN0025-MER-01,GN0025,Meropenem,0.06,1,1.0,Growth,SVM-RBF,Growth
GN0025-MER-02,GN0025,Meropenem,0.12,2,1.0,Growth,SVM-RBF,Growth
GN0025-MER-03,GN0025,Meropenem,0.25,3,1.0,Growth,SVM-RBF,Growth
GN0025-MER-04,GN0025,Meropenem,0.5,4,0.9292,Growth,SVM-RBF,Growth
GN0025-MER-05,GN0025,Meropenem,1.0,5,0.9954,Growth,SVM-RBF,Growth
GN0025-MER-06,GN0025,Meropenem,2.0,6,1.0,Growth,SVM-RBF,Growth
GN0025-MER-07,GN0025,Meropenem,4.0,7,1.0,Growth,SVM-RBF,Growth
GN0025-MER-08,GN0025,Meropenem,8.0,8,0.9843,Growth,SVM-RBF,Growth
GN0025-MER-09,GN0025,Meropenem,16.0,9,0.0,No Growth,SVM-RBF,No Growth
GN0025-CEF-01,GN0025,Ceftriaxone,0.12,1,1.0,Growth,SVM-RBF,Growth
GN0025-CEF-02,GN0025,Ceftriaxone,0.25,2,1.0,Growth,SVM-RBF,Growth
GN0025-CEF-03,GN0025,Ceftriaxone,0.5,3,1.0,Growth,SVM-RBF,Growth
GN0025-CEF-04,GN0025,Ceftriaxone,1.0,4,0.975,Growth,SVM-RBF,Growth
GN0025-CEF-05,GN0025,Ceftriaxone,2.0,5,1.0,Growth,SVM-RBF,Growth
GN0025-CEF-06,GN0025,Ceftriaxone,4.0,6,1.0,Growth,SVM-RBF,Growth
GN0025-CEF-07,GN0025,Ceftriaxone,8.0,7,1.0,Growth,SVM-RBF,Growth
GN0025-CEF-08,GN0025,Ceftriaxone,16.0,8,0.9839,Growth,SVM-RBF,Growth
GN0025-CEF-09,GN0025,Ceftriaxone,32.0,9,0.0005,No Growth,SVM-RBF,No Growth
GN0025-CEF-10,GN0025,Ceftriaxone,64.0,10,0.0021,No Growth,SVM-RBF,No Growth
GN0025-AMP-01,GN0025,Ampicillin,0.12,1,1.0,Growth,SVM-RBF,Growth
GN0025-AMP-02,GN0025,Ampicillin,0.25,2,1.0,Growth,SVM-RBF,Growth
GN0025-AMP-03,GN0025,Ampicillin,0.5,3,1.0,Growth,SVM-RBF,Growth
GN0025-AMP-04,GN0025,Ampicillin,1.0,4,1.0,Growth,SVM-RBF,Growth
GN0025-AMP-05,GN0025,Ampicillin,2.0,5,1.0,Growth,SVM-RBF,Growth
GN0025-AMP-06,GN0025,Ampicillin,4.0,6,1.0,Growth,SVM-RBF,Growth
GN0025-AMP-07,GN0025,Ampicillin,8.0,7,1.0,Growth,SVM-RBF,Growth
GN0025-AMP-08,GN0025,Ampicillin,16.0,8,1.0,Growth,SVM-RBF,Growth
GN0025-AMP-09,GN0025,Ampicillin,32.0,9,0.9973,Growth,SVM-RBF,Growth
GP0072-MER-01,GP0072,Meropenem,0.06,1,0.9971,Growth,SVM-RBF,Growth
GP0072-MER-02,GP0072,Meropenem,0.12,2,1.0,Growth,SVM-RBF,Growth
GP0072-MER-03,GP0072,Meropenem,0.25,3,0.0096,No Growth,SVM-RBF,No Growth
GP0072-MER-04,GP0072,Meropenem,0.5,4,0.0627,No Growth,SVM-RBF,No Growth
GP0072-MER-05,GP0072,Meropenem,1.0,5,0.4126,No Growth,SVM-RBF,No Growth
GP0072-MER-06,GP0072,Meropenem,2.0,6,0.0,No Growth,SVM-RBF,No Growth
GP0072-MER-07,GP0072,Meropenem,4.0,7,0.0,No Growth,SVM-RBF,No Growth
GP0072-MER-08,GP0072,Meropenem,8.0,8,0.0,No Growth,SVM-RBF,No Growth
GP0072-MER-09,GP0072,Meropenem,16.0,9,0.0002,No Growth,SVM-RBF,No Growth
GP0072-DAP-01,GP0072,Daptomycin,0.06,1,0.8676,Growth,SVM-RBF,Growth
GP0072-DAP-02,GP0072,Daptomycin,0.12,2,1.0,Growth,SVM-RBF,Growth
GP0072-DAP-03,GP0072,Daptomycin,0.25,3,0.9868,Growth,SVM-RBF,Growth
GP0072-DAP-04,GP0072,Daptomycin,0.5,4,0.0004,No Growth,SVM-RBF,No Growth
GP0072-DAP-05,GP0072,Daptomycin,1.0,5,0.3031,No Growth,SVM-RBF,No Growth
GP0072-DAP-06,GP0072,Daptomycin,2.0,6,0.0,No Growth,SVM-RBF,No Growth
GP0072-DAP-07,GP0072,Daptomycin,4.0,7,0.0,No Growth,SVM-RBF,No Growth
GP0072-DAP-08,GP0072,Daptomycin,8.0,8,0.0,No Growth,SVM-RBF,No Growth
GP0072-VAN-01,GP0072,Vancomycin,0.25,1,0.9917,Growth,SVM-RBF,Growth
GP0072-VAN-02,GP0072,Vancomycin,0.5,2,0.0637,No Growth,SVM-RBF,No Growth
GP0072-VAN-03,GP0072,Vancomycin,1.0,3,0.0001,No Growth,SVM-RBF,No Growth
GP0072-VAN-04,GP0072,Vancomycin,2.0,4,0.0,No Growth,SVM-RBF,No Growth
GP0072-VAN-05,GP0072,Vancomycin,4.0,5,0.0,No Growth,SVM-RBF,No Growth
GP0072-VAN-06,GP0072,Vancomycin,8.0,6,0.0,No Growth,SVM-RBF,No Growth
GP0072-VAN-07,GP0072,Vancomycin,16.0,7,0.0003,No Growth,SVM-RBF,No Growth
GP0072-VAN-08,GP0072,Vancomycin,32.0,8,0.0,No Growth,SVM-RBF,No Growth
GP0107-MER-01,GP0107,Meropenem,0.06,1,0.9975,Growth,SVM-RBF,Growth
GP0107-MER-02,GP0107,Meropenem,0.12,2,0.0074,No Growth,SVM-RBF,No Growth
GP0107-MER-03,GP0107,Meropenem,0.25,3,0.8661,Growth,SVM-RBF,No Growth
GP0107-MER-04,GP0107,Meropenem,0.5,4,0.0,No Growth,SVM-RBF,No Growth
GP0107-MER-05,GP0107,Meropenem,1.0,5,0.0,No Growth,SVM-RBF,No Growth
GP0107-MER-06,GP0107,Meropenem,2.0,6,0.0,No Growth,SVM-RBF,No Growth
GP0107-MER-07,GP0107,Meropenem,4.0,7,0.0,No Growth,SVM-RBF,No Growth
GP0107-MER-08,GP0107,Meropenem,8.0,8,0.0,No Growth,SVM-RBF,No Growth
GP0107-MER-09,GP0107,Meropenem,16.0,9,0.0019,No Growth,SVM-RBF,No Growth
GP0107-OXA-01,GP0107,Oxacillin,0.06,1,1.0,Growth,SVM-RBF,Growth
GP0107-OXA-02,GP0107,Oxacillin,0.12,2,1.0,Growth,SVM-RBF,Growth
GP0107-OXA-03,GP0107,Oxacillin,0.25,3,0.0005,No Growth,SVM-RBF,No Growth
GP0107-OXA-04,GP0107,Oxacillin,0.5,4,0.0,No Growth,SVM-RBF,No Growth
GP0107-OXA-05,GP0107,Oxacillin,1.0,5,0.0,No Growth,SVM-RBF,No Growth
GP0107-OXA-06,GP0107,Oxacillin,2.0,6,0.0053,No Growth,SVM-RBF,No Growth
GP0107-OXA-07,GP0107,Oxacillin,4.0,7,0.0206,No Growth,SVM-RBF,No Growth
GP0107-OXA-08,GP0107,Oxacillin,8.0,8,0.0,No Growth,SVM-RBF,No Growth
GP0107-DAP-01,GP0107,Daptomycin,0.06,1,1.0,Growth,SVM-RBF,Growth
GP0107-DAP-02,GP0107,Daptomycin,0.12,2,0.9904,Growth,SVM-RBF,Growth
GP0107-DAP-03,GP0107,Daptomycin,0.25,3,0.9255,Growth,SVM-RBF,Growth
GP0107-DAP-04,GP0107,Daptomycin,0.5,4,0.0361,No Growth,SVM-RBF,No Growth
GP0107-DAP-05,GP0107,Daptomycin,1.0,5,0.0,No Growth,SVM-RBF,No Growth
GP0107-DAP-06,GP0107,Daptomycin,2.0,6,0.0001,No Growth,SVM-RBF,No Growth
GP0107-DAP-07,GP0107,Daptomycin,4.0,7,0.0,No Growth,SVM-RBF,No Growth
GP0107-DAP-08,GP0107,Daptomycin,8.0,8,0.0,No Growth,SVM-RBF,No Growth
GN0068-AMP-01,GN0068,Ampicillin,0.12,1,0.9959999918937683,Growth,Transformer,Growth
GN0068-AMP-02,GN0068,Ampicillin,0.25,2,0.9961000084877014,Growth,Transformer,Growth
GN0068-AMP-03,GN0068,Ampicillin,0.5,3,0.9961000084877014,Growth,Transformer,Growth
GN0068-AMP-04,GN0068,Ampicillin,1.0,4,0.9961000084877014,Growth,Transformer,Growth
GN0068-AMP-05,GN0068,Ampicillin,2.0,5,0.9961000084877014,Growth,Transformer,Growth
GN0068-AMP-06,GN0068,Ampicillin,4.0,6,0.9961000084877014,Growth,Transformer,Growth
GN0068-AMP-07,GN0068,Ampicillin,8.0,7,0.9961000084877014,Growth,Transformer,Growth
GN0068-AMP-08,GN0068,Ampicillin,16.0,8,0.9959999918937683,Growth,Transformer,Growth
GN0068-AMP-09,GN0068,Ampicillin,32.0,9,0.0052999998442828655,No Growth,Transformer,No Growth
GN0068-CEF-01,GN0068,Ceftriaxone,0.12,1,0.005100000184029341,No Growth,Transformer,No Growth
GN0068-CEF-02,GN0068,Ceftriaxone,0.25,2,0.005200000014156103,No Growth,Transformer,No Growth
GN0068-CEF-03,GN0068,Ceftriaxone,0.5,3,0.005200000014156103,No Growth,Transformer,No Growth
GN0068-CEF-04,GN0068,Ceftriaxone,1.0,4,0.005200000014156103,No Growth,Transformer,No Growth
GN0068-CEF-05,GN0068,Ceftriaxone,2.0,5,0.005100000184029341,No Growth,Transformer,No Growth
GN0068-CEF-06,GN0068,Ceftriaxone,4.0,6,0.005100000184029341,No Growth,Transformer,No Growth
GN0068-CEF-07,GN0068,Ceftriaxone,8.0,7,0.005200000014156103,No Growth,Transformer,No Growth
GN0068-CEF-08,GN0068,Ceftriaxone,16.0,8,0.012799999676644802,No Growth,Transformer,No Growth
GN0068-CEF-09,GN0068,Ceftriaxone,32.0,9,0.005200000014156103,No Growth,Transformer,No Growth
GN0068-CEF-10,GN0068,Ceftriaxone,64.0,10,0.0052999998442828655,No Growth,Transformer,No Growth
GN0106-CEF-01,GN0106,Ceftriaxone,0.12,1,0.005100000184029341,No Growth,Transformer,No Growth
GN0106-CEF-02,GN0106,Ceftriaxone,0.25,2,0.005100000184029341,No Growth,Transformer,No Growth
GN0106-CEF-03,GN0106,Ceftriaxone,0.5,3,0.005100000184029341,No Growth,Transformer,No Growth
GN0106-CEF-04,GN0106,Ceftriaxone,1.0,4,0.004999999888241291,No Growth,Transformer,No Growth
GN0106-CEF-05,GN0106,Ceftriaxone,2.0,5,0.005100000184029341,No Growth,Transformer,No Growth
GN0106-CEF-06,GN0106,Ceftriaxone,4.0,6,0.005100000184029341,No Growth,Transformer,No Growth
GN0106-CEF-07,GN0106,Ceftriaxone,8.0,7,0.005100000184029341,No Growth,Transformer,No Growth
GN0106-CEF-08,GN0106,Ceftriaxone,16.0,8,0.005200000014156103,No Growth,Transformer,No Growth
GN0106-CEF-09,GN0106,Ceftriaxone,32.0,9,0.005200000014156103,No Growth,Transformer,No Growth
GN0106-CEF-10,GN0106,Ceftriaxone,64.0,10,0.005200000014156103,No Growth,Transformer,No Growth
GN0106-AMP-01,GN0106,Ampicillin,0.12,1,0.9961000084877014,Growth,Transformer,Growth
GN0106-AMP-02,GN0106,Ampicillin,0.25,2,0.9961000084877014,Growth,Transformer,Growth
GN0106-AMP-03,GN0106,Ampicillin,0.5,3,0.9961000084877014,Growth,Transformer,Growth
GN0106-AMP-04,GN0106,Ampicillin,1.0,4,0.9961000084877014,Growth,Transformer,Growth
GN0106-AMP-05,GN0106,Ampicillin,2.0,5,0.005100000184029341,No Growth,Transformer,No Growth
GN0106-AMP-06,GN0106,Ampicillin,4.0,6,0.005200000014156103,No Growth,Transformer,No Growth
GN0106-AMP-07,GN0106,Ampicillin,8.0,7,0.005200000014156103,No Growth,Transformer,No Growth
GN0106-AMP-08,GN0106,Ampicillin,16.0,8,0.005200000014156103,No Growth,Transformer,No Growth
GN0106-AMP-09,GN0106,Ampicillin,32.0,9,0.005100000184029341,No Growth,Transformer,No Growth
GN0106-MER-01,GN0106,Meropenem,0.06,1,0.004999999888241291,No Growth,Transformer,No Growth
GN0106-MER-02,GN0106,Meropenem,0.12,2,0.08739999681711197,No Growth,Transformer,No Growth
GN0106-MER-03,GN0106,Meropenem,0.25,3,0.005900000222027302,No Growth,Transformer,No Growth
GN0106-MER-04,GN0106,Meropenem,0.5,4,0.005100000184029341,No Growth,Transformer,No Growth
GN0106-MER-05,GN0106,Meropenem,1.0,5,0.005200000014156103,No Growth,Transformer,No Growth
GN0106-MER-06,GN0106,Meropenem,2.0,6,0.004900000058114529,No Growth,Transformer,No Growth
GN0106-MER-07,GN0106,Meropenem,4.0,7,0.005200000014156103,No Growth,Transformer,No Growth
GN0106-MER-08,GN0106,Meropenem,8.0,8,0.005100000184029341,No Growth,Transformer,No Growth
GN0106-MER-09,GN0106,Meropenem,16.0,9,0.005200000014156103,No Growth,Transformer,No Growth
GN0075-MER-01,GN0075,Meropenem,0.06,1,0.005100000184029341,No Growth,Transformer,No Growth
GN0075-MER-02,GN0075,Meropenem,0.12,2,0.005100000184029341,No Growth,Transformer,No Growth
GN0075-MER-03,GN0075,Meropenem,0.25,3,0.004999999888241291,No Growth,Transformer,No Growth
GN0075-MER-04,GN0075,Meropenem,0.5,4,0.005200000014156103,No Growth,Transformer,No Growth
GN0075-MER-05,GN0075,Meropenem,1.0,5,0.005200000014156103,No Growth,Transformer,No Growth
GN0075-MER-06,GN0075,Meropenem,2.0,6,0.004900000058114529,No Growth,Transformer,No Growth
GN0075-MER-07,GN0075,Meropenem,4.0,7,0.005100000184029341,No Growth,Transformer,No Growth
GN0075-MER-08,GN0075,Meropenem,8.0,8,0.005100000184029341,No Growth,Transformer,No Growth
GN0075-MER-09,GN0075,Meropenem,16.0,9,0.0052999998442828655,No Growth,Transformer,No Growth
GN0075-CEF-01,GN0075,Ceftriaxone,0.12,1,0.005100000184029341,No Growth,Transformer,No Growth
GN0075-CEF-02,GN0075,Ceftriaxone,0.25,2,0.004999999888241291,No Growth,Transformer,No Growth
GN0075-CEF-03,GN0075,Ceftriaxone,0.5,3,0.004999999888241291,No Growth,Transformer,No Growth
GN0075-CEF-04,GN0075,Ceftriaxone,1.0,4,0.005200000014156103,No Growth,Transformer,No Growth
GN0075-CEF-05,GN0075,Ceftriaxone,2.0,5,0.005200000014156103,No Growth,Transformer,No Growth
GN0075-CEF-06,GN0075,Ceftriaxone,4.0,6,0.004999999888241291,No Growth,Transformer,No Growth
GN0075-CEF-07,GN0075,Ceftriaxone,8.0,7,0.005200000014156103,No Growth,Transformer,No Growth
GN0075-CEF-08,GN0075,Ceftriaxone,16.0,8,0.0052999998442828655,No Growth,Transformer,No Growth
GN0075-CEF-09,GN0075,Ceftriaxone,32.0,9,0.005200000014156103,No Growth,Transformer,No Growth
GN0075-CEF-10,GN0075,Ceftriaxone,64.0,10,0.005100000184029341,No Growth,Transformer,No Growth
GN0075-AMP-01,GN0075,Ampicillin,0.12,1,0.9961000084877014,Growth,Transformer,Growth
GN0075-AMP-02,GN0075,Ampicillin,0.25,2,0.9961000084877014,Growth,Transformer,Growth
GN0075-AMP-03,GN0075,Ampicillin,0.5,3,0.9961000084877014,Growth,Transformer,Growth
GN0075-AMP-04,GN0075,Ampicillin,1.0,4,0.9961000084877014,Growth,Transformer,Growth
GN0075-AMP-05,GN0075,Ampicillin,2.0,5,0.004999999888241291,No Growth,Transformer,No Growth
GN0075-AMP-06,GN0075,Ampicillin,4.0,6,0.005200000014156103,No Growth,Transformer,No Growth
GN0075-AMP-07,GN0075,Ampicillin,8.0,7,0.005200000014156103,No Growth,Transformer,No Growth
GN0075-AMP-08,GN0075,Ampicillin,16.0,8,0.005100000184029341,No Growth,Transformer,No Growth
GN0075-AMP-09,GN0075,Ampicillin,32.0,9,0.005200000014156103,No Growth,Transformer,No Growth
GN0022-CEF-01,GN0022,Ceftriaxone,0.12,1,0.004999999888241291,No Growth,Transformer,No Growth
GN0022-CEF-02,GN0022,Ceftriaxone,0.25,2,0.004999999888241291,No Growth,Transformer,No Growth
GN0022-CEF-03,GN0022,Ceftriaxone,0.5,3,0.005100000184029341,No Growth,Transformer,No Growth
GN0022-CEF-04,GN0022,Ceftriaxone,1.0,4,0.004999999888241291,No Growth,Transformer,No Growth
GN0022-CEF-05,GN0022,Ceftriaxone,2.0,5,0.005100000184029341,No Growth,Transformer,No Growth
GN0022-CEF-06,GN0022,Ceftriaxone,4.0,6,0.004999999888241291,No Growth,Transformer,No Growth
GN0022-CEF-07,GN0022,Ceftriaxone,8.0,7,0.005100000184029341,No Growth,Transformer,No Growth
GN0022-CEF-08,GN0022,Ceftriaxone,16.0,8,0.004900000058114529,No Growth,Transformer,No Growth
GN0022-CEF-09,GN0022,Ceftriaxone,32.0,9,0.005100000184029341,No Growth,Transformer,No Growth
GN0022-CEF-10,GN0022,Ceftriaxone,64.0,10,0.005200000014156103,No Growth,Transformer,No Growth
GN0022-AMP-01,GN0022,Ampicillin,0.12,1,0.9961000084877014,Growth,Transformer,Growth
GN0022-AMP-02,GN0022,Ampicillin,0.25,2,0.9961000084877014,Growth,Transformer,Growth
GN0022-AMP-03,GN0022,Ampicillin,0.5,3,0.9961000084877014,Growth,Transformer,Growth
GN0022-AMP-04,GN0022,Ampicillin,1.0,4,0.9961000084877014,Growth,Transformer,Growth
GN0022-AMP-05,GN0022,Ampicillin,2.0,5,0.9961000084877014,Growth,Transformer,Growth
GN0022-AMP-06,GN0022,Ampicillin,4.0,6,0.9961000084877014,Growth,Transformer,Growth
GN0022-AMP-07,GN0022,Ampicillin,8.0,7,0.9959999918937683,Growth,Transformer,Growth
GN0022-AMP-08,GN0022,Ampicillin,16.0,8,0.004999999888241291,No Growth,Transformer,No Growth
GN0022-AMP-09,GN0022,Ampicillin,32.0,9,0.005100000184029341,No Growth,Transformer,No Growth
GN0022-MER-01,GN0022,Meropenem,0.06,1,0.9959999918937683,Growth,Transformer,Growth
GN0022-MER-02,GN0022,Meropenem,0.12,2,0.9961000084877014,Growth,Transformer,Growth
GN0022-MER-03,GN0022,Meropenem,0.25,3,0.9961000084877014,Growth,Transformer,Growth
GN0022-MER-04,GN0022,Meropenem,0.5,4,0.9961000084877014,Growth,Transformer,Growth
GN0022-MER-05,GN0022,Meropenem,1.0,5,0.9959999918937683,Growth,Transformer,Growth
GN0022-MER-06,GN0022,Meropenem,2.0,6,0.9961000084877014,Growth,Transformer,Growth
GN0022-MER-07,GN0022,Meropenem,4.0,7,0.9961000084877014,Growth,Transformer,Growth
GN0022-MER-08,GN0022,Meropenem,8.0,8,0.9961000084877014,Growth,Transformer,Growth
GN0022-MER-09,GN0022,Meropenem,16.0,9,0.9958999752998352,Growth,Transformer,Growth
GP0061-DAP-01,GP0061,Daptomycin,0.06,1,0.9961000084877014,Growth,Transformer,Growth
GP0061-DAP-02,GP0061,Daptomycin,0.12,2,0.9961000084877014,Growth,Transformer,Growth
GP0061-DAP-03,GP0061,Daptomycin,0.25,3,0.9958999752998352,Growth,Transformer,Growth
GP0061-DAP-04,GP0061,Daptomycin,0.5,4,0.004999999888241291,No Growth,Transformer,No Growth
GP0061-DAP-05,GP0061,Daptomycin,1.0,5,0.004999999888241291,No Growth,Transformer,No Growth
GP0061-DAP-06,GP0061,Daptomycin,2.0,6,0.004999999888241291,No Growth,Transformer,No Growth
GP0061-DAP-07,GP0061,Daptomycin,4.0,7,0.004999999888241291,No Growth,Transformer,No Growth
GP0061-DAP-08,GP0061,Daptomycin,8.0,8,0.004999999888241291,No Growth,Transformer,No Growth
GP0061-CEF-01,GP0061,Ceftriaxone,0.12,1,0.9961000084877014,Growth,Transformer,Growth
GP0061-CEF-02,GP0061,Ceftriaxone,0.25,2,0.9961000084877014,Growth,Transformer,Growth
GP0061-CEF-03,GP0061,Ceftriaxone,0.5,3,0.9961000084877014,Growth,Transformer,Growth
GP0061-CEF-04,GP0061,Ceftriaxone,1.0,4,0.9961000084877014,Growth,Transformer,Growth
GP0061-CEF-05,GP0061,Ceftriaxone,2.0,5,0.9961000084877014,Growth,Transformer,Growth
GP0061-CEF-06,GP0061,Ceftriaxone,4.0,6,0.9961000084877014,Growth,Transformer,Growth
GP0061-CEF-07,GP0061,Ceftriaxone,8.0,7,0.9961000084877014,Growth,Transformer,Growth
GP0061-CEF-08,GP0061,Ceftriaxone,16.0,8,0.9961000084877014,Growth,Transformer,Growth
GP0061-CEF-09,GP0061,Ceftriaxone,32.0,9,0.9961000084877014,Growth,Transformer,Growth
GP0061-CEF-10,GP0061,Ceftriaxone,64.0,10,0.004999999888241291,No Growth,Transformer,No Growth
GP0061-MER-01,GP0061,Meropenem,0.06,1,0.9961000084877014,Growth,Transformer,Growth
GP0061-MER-02,GP0061,Meropenem,0.12,2,0.9961000084877014,Growth,Transformer,Growth
GP0061-MER-03,GP0061,Meropenem,0.25,3,0.9961000084877014,Growth,Transformer,Growth
GP0061-MER-04,GP0061,Meropenem,0.5,4,0.9961000084877014,Growth,Transformer,Growth
GP0061-MER-05,GP0061,Meropenem,1.0,5,0.9961000084877014,Growth,Transformer,Growth
GP0061-MER-06,GP0061,Meropenem,2.0,6,0.9961000084877014,Growth,Transformer,Growth
GP0061-MER-07,GP0061,Meropenem,4.0,7,0.9961000084877014,Growth,Transformer,Growth
GP0061-MER-08,GP0061,Meropenem,8.0,8,0.9959999918937683,Growth,Transformer,Growth
GP0061-MER-09,GP0061,Meropenem,16.0,9,0.9961000084877014,Growth,Transformer,Growth
GP0061-AMP-01,GP0061,Ampicillin,0.12,1,0.9961000084877014,Growth,Transformer,Growth
GP0061-AMP-02,GP0061,Ampicillin,0.25,2,0.9961000084877014,Growth,Transformer,Growth
GP0061-AMP-03,GP0061,Ampicillin,0.5,3,0.9743000268936157,Growth,Transformer,Growth
GP0061-AMP-04,GP0061,Ampicillin,1.0,4,0.9961000084877014,Growth,Transformer,Growth
GP0061-AMP-05,GP0061,Ampicillin,2.0,5,0.9961000084877014,Growth,Transformer,Growth
GP0061-AMP-06,GP0061,Ampicillin,4.0,6,0.9961000084877014,Growth,Transformer,Growth
GP0061-AMP-07,GP0061,Ampicillin,8.0,7,0.9961000084877014,Growth,Transformer,Growth
GP0061-AMP-08,GP0061,Ampicillin,16.0,8,0.9961000084877014,Growth,Transformer,Growth
GP0061-AMP-09,GP0061,Ampicillin,32.0,9,0.9961000084877014,Growth,Transformer,Growth
GP0085-VAN-01,GP0085,Vancomycin,0.25,1,0.9961000084877014,Growth,Transformer,Growth
GP0085-VAN-02,GP0085,Vancomycin,0.5,2,0.9955000281333923,Growth,Transformer,Growth
GP0085-VAN-03,GP0085,Vancomycin,1.0,3,0.004999999888241291,No Growth,Transformer,No Growth
GP0085-VAN-04,GP0085,Vancomycin,2.0,4,0.004999999888241291,No Growth,Transformer,No Growth
GP0085-VAN-05,GP0085,Vancomycin,4.0,5,0.004999999888241291,No Growth,Transformer,No Growth
GP0085-VAN-06,GP0085,Vancomycin,8.0,6,0.004999999888241291,No Growth,Transformer,No Growth
GP0085-VAN-07,GP0085,Vancomycin,16.0,7,0.005100000184029341,No Growth,Transformer,No Growth
GP0085-VAN-08,GP0085,Vancomycin,32.0,8,0.004999999888241291,No Growth,Transformer,No Growth
GP0085-MER-01,GP0085,Meropenem,0.06,1,0.9961000084877014,Growth,Transformer,Growth
GP0085-MER-02,GP0085,Meropenem,0.12,2,0.9961000084877014,Growth,Transformer,Growth
GP0085-MER-03,GP0085,Meropenem,0.25,3,0.9961000084877014,Growth,Transformer,Growth
GP0085-MER-04,GP0085,Meropenem,0.5,4,0.9961000084877014,Growth,Transformer,Growth
GP0085-MER-05,GP0085,Meropenem,1.0,5,0.9961000084877014,Growth,Transformer,Growth
GP0085-MER-06,GP0085,Meropenem,2.0,6,0.9959999918937683,Growth,Transformer,Growth
GP0085-MER-07,GP0085,Meropenem,4.0,7,0.019899999722838402,No Growth,Transformer,Growth
GP0085-MER-08,GP0085,Meropenem,8.0,8,0.004999999888241291,No Growth,Transformer,No Growth
GP0085-MER-09,GP0085,Meropenem,16.0,9,0.004999999888241291,No Growth,Transformer,No Growth
GP0085-OXA-01,GP0085,Oxacillin,0.06,1,0.9961000084877014,Growth,Transformer,Growth
GP0085-OXA-02,GP0085,Oxacillin,0.12,2,0.9958999752998352,Growth,Transformer,Growth
GP0085-OXA-03,GP0085,Oxacillin,0.25,3,0.9961000084877014,Growth,Transformer,Growth
GP0085-OXA-04,GP0085,Oxacillin,0.5,4,0.9952999949455261,Growth,Transformer,Growth
GP0085-OXA-05,GP0085,Oxacillin,1.0,5,0.9961000084877014,Growth,Transformer,Growth
GP0085-OXA-06,GP0085,Oxacillin,2.0,6,0.9958999752998352,Growth,Transformer,Growth
GP0085-OXA-07,GP0085,Oxacillin,4.0,7,0.9961000084877014,Growth,Transformer,Growth
GP0085-OXA-08,GP0085,Oxacillin,8.0,8,0.9955000281333923,Growth,Transformer,Growth
GP0085-DAP-01,GP0085,Daptomycin,0.06,1,0.9961000084877014,Growth,Transformer,Growth
GP0085-DAP-02,GP0085,Daptomycin,0.12,2,0.9961000084877014,Growth,Transformer,Growth
GP0085-DAP-03,GP0085,Daptomycin,0.25,3,0.9961000084877014,Growth,Transformer,Growth
GP0085-DAP-04,GP0085,Daptomycin,0.5,4,0.9959999918937683,Growth,Transformer,Growth
GP0085-DAP-05,GP0085,Daptomycin,1.0,5,0.9958000183105469,Growth,Transformer,Growth
GP0085-DAP-06,GP0085,Daptomycin,2.0,6,0.9950000047683716,Growth,Transformer,Growth
GP0085-DAP-07,GP0085,Daptomycin,4.0,7,0.004999999888241291,No Growth,Transformer,No Growth
GP0085-DAP-08,GP0085,Daptomycin,8.0,8,0.004999999888241291,No Growth,Transformer,No Growth
GP0023-OXA-01,GP0023,Oxacillin,0.06,1,0.995199978351593,Growth,Transformer,Growth
GP0023-OXA-02,GP0023,Oxacillin,0.12,2,0.0052999998442828655,No Growth,Transformer,No Growth
GP0023-OXA-03,GP0023,Oxacillin,0.25,3,0.005100000184029341,No Growth,Transformer,No Growth
GP0023-OXA-04,GP0023,Oxacillin,0.5,4,0.5317999720573425,Growth,Transformer,No Growth
GP0023-OXA-05,GP0023,Oxacillin,1.0,5,0.004999999888241291,No Growth,Transformer,No Growth
GP0023-OXA-06,GP0023,Oxacillin,2.0,6,0.004999999888241291,No Growth,Transformer,No Growth
GP0023-OXA-07,GP0023,Oxacillin,4.0,7,0.004999999888241291,No Growth,Transformer,No Growth
GP0023-OXA-08,GP0023,Oxacillin,8.0,8,0.004999999888241291,No Growth,Transformer,No Growth
GP0023-VAN-01,GP0023,Vancomycin,0.25,1,0.9959999918937683,Growth,Transformer,Growth
GP0023-VAN-02,GP0023,Vancomycin,0.5,2,0.9955000281333923,Growth,Transformer,Growth
GP0023-VAN-03,GP0023,Vancomycin,1.0,3,0.9936000108718872,Growth,Transformer,Growth
GP0023-VAN-04,GP0023,Vancomycin,2.0,4,0.004999999888241291,No Growth,Transformer,No Growth
GP0023-VAN-05,GP0023,Vancomycin,4.0,5,0.005100000184029341,No Growth,Transformer,No Growth
GP0023-VAN-06,GP0023,Vancomycin,8.0,6,0.004999999888241291,No Growth,Transformer,No Growth
GP0023-VAN-07,GP0023,Vancomycin,16.0,7,0.004999999888241291,No Growth,Transformer,No Growth
GP0023-VAN-08,GP0023,Vancomycin,32.0,8,0.0052999998442828655,No Growth,Transformer,No Growth
GP0023-AMP-01,GP0023,Ampicillin,0.12,1,0.9959999918937683,Growth,Transformer,Growth
GP0023-AMP-02,GP0023,Ampicillin,0.25,2,0.9959999918937683,Growth,Transformer,Growth
GP0023-AMP-03,GP0023,Ampicillin,0.5,3,0.006000000052154064,No Growth,Transformer,No Growth
GP0023-AMP-04,GP0023,Ampicillin,1.0,4,0.004999999888241291,No Growth,Transformer,No Growth
GP0023-AMP-05,GP0023,Ampicillin,2.0,5,0.004999999888241291,No Growth,Transformer,No Growth
GP0023-AMP-06,GP0023,Ampicillin,4.0,6,0.004999999888241291,No Growth,Transformer,No Growth
GP0023-AMP-07,GP0023,Ampicillin,8.0,7,0.004999999888241291,No Growth,Transformer,No Growth
GP0023-AMP-08,GP0023,Ampicillin,16.0,8,0.8263000249862671,Growth,Transformer,No Growth
GP0023-AMP-09,GP0023,Ampicillin,32.0,9,0.004999999888241291,No Growth,Transformer,No Growth
GP0026-DAP-01,GP0026,Daptomycin,0.06,1,0.9958999752998352,Growth,Transformer,Growth
GP0026-DAP-02,GP0026,Daptomycin,0.12,2,0.9947999715805054,Growth,Transformer,Growth
GP0026-DAP-03,GP0026,Daptomycin,0.25,3,0.004999999888241291,No Growth,Transformer,No Growth
GP0026-DAP-04,GP0026,Daptomycin,0.5,4,0.004999999888241291,No Growth,Transformer,No Growth
GP0026-DAP-05,GP0026,Daptomycin,1.0,5,0.004999999888241291,No Growth,Transformer,No Growth
GP0026-DAP-06,GP0026,Daptomycin,2.0,6,0.006099999882280827,No Growth,Transformer,No Growth
GP0026-DAP-07,GP0026,Daptomycin,4.0,7,0.004999999888241291,No Growth,Transformer,No Growth
GP0026-DAP-08,GP0026,Daptomycin,8.0,8,0.0142000000923872,No Growth,Transformer,No Growth
GP0026-AMP-01,GP0026,Ampicillin,0.12,1,0.9961000084877014,Growth,Transformer,Growth
GP0026-AMP-02,GP0026,Ampicillin,0.25,2,0.9959999918937683,Growth,Transformer,Growth
GP0026-AMP-03,GP0026,Ampicillin,0.5,3,0.9961000084877014,Growth,Transformer,Growth
GP0026-AMP-04,GP0026,Ampicillin,1.0,4,0.9957000017166138,Growth,Transformer,Growth
GP0026-AMP-05,GP0026,Ampicillin,2.0,5,0.9961000084877014,Growth,Transformer,Growth
GP0026-AMP-06,GP0026,Ampicillin,4.0,6,0.9961000084877014,Growth,Transformer,Growth
GP0026-AMP-07,GP0026,Ampicillin,8.0,7,0.7937999963760376,Growth,Transformer,Growth
GP0026-AMP-08,GP0026,Ampicillin,16.0,8,0.05169999971985817,No Growth,Transformer,Growth
GP0026-AMP-09,GP0026,Ampicillin,32.0,9,0.007000000216066837,No Growth,Transformer,No Growth
GP0026-MER-01,GP0026,Meropenem,0.06,1,0.9961000084877014,Growth,Transformer,Growth
GP0026-MER-02,GP0026,Meropenem,0.12,2,0.9961000084877014,Growth,Transformer,Growth
GP0026-MER-03,GP0026,Meropenem,0.25,3,0.9959999918937683,Growth,Transformer,Growth
GP0026-MER-04,GP0026,Meropenem,0.5,4,0.9961000084877014,Growth,Transformer,Growth
GP0026-MER-05,GP0026,Meropenem,1.0,5,0.9961000084877014,Growth,Transformer,Growth
GP0026-MER-06,GP0026,Meropenem,2.0,6,0.9961000084877014,Growth,Transformer,Growth
GP0026-MER-07,GP0026,Meropenem,4.0,7,0.9961000084877014,Growth,Transformer,Growth
GP0026-MER-08,GP0026,Meropenem,8.0,8,0.9961000084877014,Growth,Transformer,Growth
GP0026-MER-09,GP0026,Meropenem,16.0,9,0.995199978351593,Growth,Transformer,Growth
GP0026-CEF-01,GP0026,Ceftriaxone,0.12,1,0.9961000084877014,Growth,Transformer,Growth
GP0026-CEF-02,GP0026,Ceftriaxone,0.25,2,0.9961000084877014,Growth,Transformer,Growth
GP0026-CEF-03,GP0026,Ceftriaxone,0.5,3,0.9958000183105469,Growth,Transformer,Growth
GP0026-CEF-04,GP0026,Ceftriaxone,1.0,4,0.9961000084877014,Growth,Transformer,Growth
GP0026-CEF-05,GP0026,Ceftriaxone,2.0,5,0.9959999918937683,Growth,Transformer,Growth
GP0026-CEF-06,GP0026,Ceftriaxone,4.0,6,0.9959999918937683,Growth,Transformer,Growth
GP0026-CEF-07,GP0026,Ceftriaxone,8.0,7,0.9961000084877014,Growth,Transformer,Growth
GP0026-CEF-08,GP0026,Ceftriaxone,16.0,8,0.9959999918937683,Growth,Transformer,Growth
GP0026-CEF-09,GP0026,Ceftriaxone,32.0,9,0.0357000008225441,No Growth,Transformer,Growth
GP0026-CEF-10,GP0026,Ceftriaxone,64.0,10,0.9958000183105469,Growth,Transformer,Growth
GN0078-MER-01,GN0078,Meropenem,0.06,1,0.004999999888241291,No Growth,Transformer,No Growth
GN0078-MER-02,GN0078,Meropenem,0.12,2,0.005499999970197678,No Growth,Transformer,No Growth
GN0078-MER-03,GN0078,Meropenem,0.25,3,0.005200000014156103,No Growth,Transformer,No Growth
GN0078-MER-04,GN0078,Meropenem,0.5,4,0.005100000184029341,No Growth,Transformer,No Growth
GN0078-MER-05,GN0078,Meropenem,1.0,5,0.005100000184029341,No Growth,Transformer,No Growth
GN0078-MER-06,GN0078,Meropenem,2.0,6,0.005200000014156103,No Growth,Transformer,No Growth
GN0078-MER-07,GN0078,Meropenem,4.0,7,0.005100000184029341,No Growth,Transformer,No Growth
GN0078-MER-08,GN0078,Meropenem,8.0,8,0.005100000184029341,No Growth,Transformer,No Growth
GN0078-MER-09,GN0078,Meropenem,16.0,9,0.005100000184029341,No Growth,Transformer,No Growth
GN0078-AMP-01,GN0078,Ampicillin,0.12,1,0.9943000078201294,Growth,Transformer,Growth
GN0078-AMP-02,GN0078,Ampicillin,0.25,2,0.9958000183105469,Growth,Transformer,Growth
GN0078-AMP-03,GN0078,Ampicillin,0.5,3,0.9922999739646912,Growth,Transformer,Growth
GN0078-AMP-04,GN0078,Ampicillin,1.0,4,0.9961000084877014,Growth,Transformer,Growth
GN0078-AMP-05,GN0078,Ampicillin,2.0,5,0.9961000084877014,Growth,Transformer,Growth
GN0078-AMP-06,GN0078,Ampicillin,4.0,6,0.9372000098228455,Growth,Transformer,Growth
GN0078-AMP-07,GN0078,Ampicillin,8.0,7,0.9961000084877014,Growth,Transformer,Growth
GN0078-AMP-08,GN0078,Ampicillin,16.0,8,0.9959999918937683,Growth,Transformer,Growth
GN0078-AMP-09,GN0078,Ampicillin,32.0,9,0.005100000184029341,No Growth,Transformer,No Growth
GN0078-CEF-01,GN0078,Ceftriaxone,0.12,1,0.5996000170707703,Growth,Transformer,No Growth
GN0078-CEF-02,GN0078,Ceftriaxone,0.25,2,0.005100000184029341,No Growth,Transformer,No Growth
GN0078-CEF-03,GN0078,Ceftriaxone,0.5,3,0.004999999888241291,No Growth,Transformer,No Growth
GN0078-CEF-04,GN0078,Ceftriaxone,1.0,4,0.005100000184029341,No Growth,Transformer,No Growth
GN0078-CEF-05,GN0078,Ceftriaxone,2.0,5,0.004999999888241291,No Growth,Transformer,No Growth
GN0078-CEF-06,GN0078,Ceftriaxone,4.0,6,0.005100000184029341,No Growth,Transformer,No Growth
GN0078-CEF-07,GN0078,Ceftriaxone,8.0,7,0.005200000014156103,No Growth,Transformer,No Growth
GN0078-CEF-08,GN0078,Ceftriaxone,16.0,8,0.005200000014156103,No Growth,Transformer,No Growth
GN0078-CEF-09,GN0078,Ceftriaxone,32.0,9,0.004999999888241291,No Growth,Transformer,No Growth
GN0078-CEF-10,GN0078,Ceftriaxone,64.0,10,0.0052999998442828655,No Growth,Transformer,No Growth
GN0143-CEF-01,GN0143,Ceftriaxone,0.12,1,0.9961000084877014,Growth,Transformer,Growth
GN0143-CEF-02,GN0143,Ceftriaxone,0.25,2,0.9961000084877014,Growth,Transformer,Growth
GN0143-CEF-03,GN0143,Ceftriaxone,0.5,3,0.9961000084877014,Growth,Transformer,Growth
GN0143-CEF-04,GN0143,Ceftriaxone,1.0,4,0.9961000084877014,Growth,Transformer,Growth
GN0143-CEF-05,GN0143,Ceftriaxone,2.0,5,0.9681000113487244,Growth,Transformer,Growth
GN0143-CEF-06,GN0143,Ceftriaxone,4.0,6,0.9961000084877014,Growth,Transformer,Growth
GN0143-CEF-07,GN0143,Ceftriaxone,8.0,7,0.9961000084877014,Growth,Transformer,Growth
GN0143-CEF-08,GN0143,Ceftriaxone,16.0,8,0.9961000084877014,Growth,Transformer,Growth
GN0143-CEF-09,GN0143,Ceftriaxone,32.0,9,0.005200000014156103,No Growth,Transformer,No Growth
GN0143-CEF-10,GN0143,Ceftriaxone,64.0,10,0.005100000184029341,No Growth,Transformer,No Growth
GN0006-CEF-01,GN0006,Ceftriaxone,0.12,1,0.004999999888241291,No Growth,Transformer,No Growth
GN0006-CEF-02,GN0006,Ceftriaxone,0.25,2,0.018799999728798866,No Growth,Transformer,No Growth
GN0006-CEF-03,GN0006,Ceftriaxone,0.5,3,0.005100000184029341,No Growth,Transformer,No Growth
GN0006-CEF-04,GN0006,Ceftriaxone,1.0,4,0.005100000184029341,No Growth,Transformer,No Growth
GN0006-CEF-05,GN0006,Ceftriaxone,2.0,5,0.004999999888241291,No Growth,Transformer,No Growth
GN0006-CEF-06,GN0006,Ceftriaxone,4.0,6,0.005200000014156103,No Growth,Transformer,No Growth
GN0006-CEF-07,GN0006,Ceftriaxone,8.0,7,0.005200000014156103,No Growth,Transformer,No Growth
GN0006-CEF-08,GN0006,Ceftriaxone,16.0,8,0.005200000014156103,No Growth,Transformer,No Growth
GN0006-CEF-09,GN0006,Ceftriaxone,32.0,9,0.005100000184029341,No Growth,Transformer,No Growth
GN0006-CEF-10,GN0006,Ceftriaxone,64.0,10,0.005100000184029341,No Growth,Transformer,No Growth
GN0006-AMP-01,GN0006,Ampicillin,0.12,1,0.9961000084877014,Growth,Transformer,Growth
GN0006-AMP-02,GN0006,Ampicillin,0.25,2,0.9961000084877014,Growth,Transformer,Growth
GN0006-AMP-03,GN0006,Ampicillin,0.5,3,0.9961000084877014,Growth,Transformer,Growth
GN0006-AMP-04,GN0006,Ampicillin,1.0,4,0.9961000084877014,Growth,Transformer,Growth
GN0006-AMP-05,GN0006,Ampicillin,2.0,5,0.9961000084877014,Growth,Transformer,Growth
GN0006-AMP-06,GN0006,Ampicillin,4.0,6,0.9961000084877014,Growth,Transformer,Growth
GN0006-AMP-07,GN0006,Ampicillin,8.0,7,0.9961000084877014,Growth,Transformer,Growth
GN0006-AMP-08,GN0006,Ampicillin,16.0,8,0.9961000084877014,Growth,Transformer,Growth
GN0006-AMP-09,GN0006,Ampicillin,32.0,9,0.9959999918937683,Growth,Transformer,Growth
GP0011-AMP-01,GP0011,Ampicillin,0.12,1,0.9961000084877014,Growth,Transformer,Growth
GP0011-AMP-02,GP0011,Ampicillin,0.25,2,0.9958999752998352,Growth,Transformer,Growth
GP0011-AMP-03,GP0011,Ampicillin,0.5,3,0.0052999998442828655,No Growth,Transformer,No Growth
GP0011-AMP-04,GP0011,Ampicillin,1.0,4,0.005100000184029341,No Growth,Transformer,No Growth
GP0011-AMP-05,GP0011,Ampicillin,2.0,5,0.9052000045776367,Growth,Transformer,No Growth
GP0011-AMP-06,GP0011,Ampicillin,4.0,6,0.6534000039100647,Growth,Transformer,No Growth
GP0011-AMP-07,GP0011,Ampicillin,8.0,7,0.004999999888241291,No Growth,Transformer,No Growth
GP0011-AMP-08,GP0011,Ampicillin,16.0,8,0.004999999888241291,No Growth,Transformer,No Growth
GP0011-AMP-09,GP0011,Ampicillin,32.0,9,0.004999999888241291,No Growth,Transformer,No Growth
GP0011-DAP-01,GP0011,Daptomycin,0.06,1,0.9958999752998352,Growth,Transformer,Growth
GP0011-DAP-02,GP0011,Daptomycin,0.12,2,0.9955999851226807,Growth,Transformer,Growth
GP0011-DAP-03,GP0011,Daptomycin,0.25,3,0.9959999918937683,Growth,Transformer,Growth
GP0011-DAP-04,GP0011,Daptomycin,0.5,4,0.9950000047683716,Growth,Transformer,Growth
GP0011-DAP-05,GP0011,Daptomycin,1.0,5,0.004999999888241291,No Growth,Transformer,No Growth
GP0011-DAP-06,GP0011,Daptomycin,2.0,6,0.004999999888241291,No Growth,Transformer,No Growth
GP0011-DAP-07,GP0011,Daptomycin,4.0,7,0.004999999888241291,No Growth,Transformer,No Growth
GP0011-DAP-08,GP0011,Daptomycin,8.0,8,0.004999999888241291,No Growth,Transformer,No Growth
GP0011-VAN-01,GP0011,Vancomycin,0.25,1,0.9961000084877014,Growth,Transformer,Growth
GP0011-VAN-02,GP0011,Vancomycin,0.5,2,0.9961000084877014,Growth,Transformer,Growth
GP0011-VAN-03,GP0011,Vancomycin,1.0,3,0.9954000115394592,Growth,Transformer,Growth
GP0011-VAN-04,GP0011,Vancomycin,2.0,4,0.004999999888241291,No Growth,Transformer,No Growth
GP0011-VAN-05,GP0011,Vancomycin,4.0,5,0.004999999888241291,No Growth,Transformer,No Growth
GP0011-VAN-06,GP0011,Vancomycin,8.0,6,0.004999999888241291,No Growth,Transformer,No Growth
GP0011-VAN-07,GP0011,Vancomycin,16.0,7,0.005100000184029341,No Growth,Transformer,No Growth
GP0011-VAN-08,GP0011,Vancomycin,32.0,8,0.00989999994635582,No Growth,Transformer,No Growth
GP0011-CEF-01,GP0011,Ceftriaxone,0.12,1,0.9961000084877014,Growth,Transformer,Growth
GP0011-CEF-02,GP0011,Ceftriaxone,0.25,2,0.9961000084877014,Growth,Transformer,Growth
GP0011-CEF-03,GP0011,Ceftriaxone,0.5,3,0.9961000084877014,Growth,Transformer,Growth
GP0011-CEF-04,GP0011,Ceftriaxone,1.0,4,0.9961000084877014,Growth,Transformer,Growth
GP0011-CEF-05,GP0011,Ceftriaxone,2.0,5,0.9961000084877014,Growth,Transformer,Growth
GP0011-CEF-06,GP0011,Ceftriaxone,4.0,6,0.9961000084877014,Growth,Transformer,Growth
GP0011-CEF-07,GP0011,Ceftriaxone,8.0,7,0.9961000084877014,Growth,Transformer,Growth
GP0011-CEF-08,GP0011,Ceftriaxone,16.0,8,0.9950000047683716,Growth,Transformer,Growth
GP0011-CEF-09,GP0011,Ceftriaxone,32.0,9,0.004999999888241291,No Growth,Transformer,No Growth
GP0011-CEF-10,GP0011,Ceftriaxone,64.0,10,0.004999999888241291,No Growth,Transformer,No Growth
GN0047-CEF-01,GN0047,Ceftriaxone,0.12,1,0.005100000184029341,No Growth,Transformer,No Growth
GN0047-CEF-02,GN0047,Ceftriaxone,0.25,2,0.005100000184029341,No Growth,Transformer,No Growth
GN0047-CEF-03,GN0047,Ceftriaxone,0.5,3,0.005400000140070915,No Growth,Transformer,No Growth
GN0047-CEF-04,GN0047,Ceftriaxone,1.0,4,0.005200000014156103,No Growth,Transformer,No Growth
GN0047-CEF-05,GN0047,Ceftriaxone,2.0,5,0.005100000184029341,No Growth,Transformer,No Growth
GN0047-CEF-06,GN0047,Ceftriaxone,4.0,6,0.005100000184029341,No Growth,Transformer,No Growth
GN0047-CEF-07,GN0047,Ceftriaxone,8.0,7,0.005200000014156103,No Growth,Transformer,No Growth
GN0047-CEF-08,GN0047,Ceftriaxone,16.0,8,0.0052999998442828655,No Growth,Transformer,No Growth
GN0047-CEF-09,GN0047,Ceftriaxone,32.0,9,0.0052999998442828655,No Growth,Transformer,No Growth
GN0047-CEF-10,GN0047,Ceftriaxone,64.0,10,0.0052999998442828655,No Growth,Transformer,No Growth
GN0047-MER-01,GN0047,Meropenem,0.06,1,0.004999999888241291,No Growth,Transformer,No Growth
GN0047-MER-02,GN0047,Meropenem,0.12,2,0.013500000350177288,No Growth,Transformer,No Growth
GN0047-MER-03,GN0047,Meropenem,0.25,3,0.005200000014156103,No Growth,Transformer,No Growth
GN0047-MER-04,GN0047,Meropenem,0.5,4,0.005200000014156103,No Growth,Transformer,No Growth
GN0047-MER-05,GN0047,Meropenem,1.0,5,0.005100000184029341,No Growth,Transformer,No Growth
GN0047-MER-06,GN0047,Meropenem,2.0,6,0.005100000184029341,No Growth,Transformer,No Growth
GN0047-MER-07,GN0047,Meropenem,4.0,7,0.005200000014156103,No Growth,Transformer,No Growth
GN0047-MER-08,GN0047,Meropenem,8.0,8,0.005200000014156103,No Growth,Transformer,No Growth
GN0047-MER-09,GN0047,Meropenem,16.0,9,0.0052999998442828655,No Growth,Transformer,No Growth
GN0047-AMP-01,GN0047,Ampicillin,0.12,1,0.9961000084877014,Growth,Transformer,Growth
GN0047-AMP-02,GN0047,Ampicillin,0.25,2,0.9961000084877014,Growth,Transformer,Growth
GN0047-AMP-03,GN0047,Ampicillin,0.5,3,0.9961000084877014,Growth,Transformer,Growth
GN0047-AMP-04,GN0047,Ampicillin,1.0,4,0.9958999752998352,Growth,Transformer,Growth
GN0047-AMP-05,GN0047,Ampicillin,2.0,5,0.005200000014156103,No Growth,Transformer,No Growth
GN0047-AMP-06,GN0047,Ampicillin,4.0,6,0.005200000014156103,No Growth,Transformer,No Growth
GN0047-AMP-07,GN0047,Ampicillin,8.0,7,0.005100000184029341,No Growth,Transformer,No Growth
GN0047-AMP-08,GN0047,Ampicillin,16.0,8,0.0052999998442828655,No Growth,Transformer,No Growth
GN0047-AMP-09,GN0047,Ampicillin,32.0,9,0.005200000014156103,No Growth,Transformer,No Growth
GN0020-MER-01,GN0020,Meropenem,0.06,1,0.005100000184029341,No Growth,Transformer,No Growth
GN0020-MER-02,GN0020,Meropenem,0.12,2,0.004999999888241291,No Growth,Transformer,No Growth
GN0020-MER-03,GN0020,Meropenem,0.25,3,0.005200000014156103,No Growth,Transformer,No Growth
GN0020-MER-04,GN0020,Meropenem,0.5,4,0.005100000184029341,No Growth,Transformer,No Growth
GN0020-MER-05,GN0020,Meropenem,1.0,5,0.005100000184029341,No Growth,Transformer,No Growth
GN0020-MER-06,GN0020,Meropenem,2.0,6,0.005200000014156103,No Growth,Transformer,No Growth
GN0020-MER-07,GN0020,Meropenem,4.0,7,0.005200000014156103,No Growth,Transformer,No Growth
GN0020-MER-08,GN0020,Meropenem,8.0,8,0.005100000184029341,No Growth,Transformer,No Growth
GN0020-MER-09,GN0020,Meropenem,16.0,9,0.005200000014156103,No Growth,Transformer,No Growth
GN0020-AMP-01,GN0020,Ampicillin,0.12,1,0.9961000084877014,Growth,Transformer,Growth
GN0020-AMP-02,GN0020,Ampicillin,0.25,2,0.9959999918937683,Growth,Transformer,Growth
GN0020-AMP-03,GN0020,Ampicillin,0.5,3,0.9961000084877014,Growth,Transformer,Growth
GN0020-AMP-04,GN0020,Ampicillin,1.0,4,0.9961000084877014,Growth,Transformer,Growth
GN0020-AMP-05,GN0020,Ampicillin,2.0,5,0.9961000084877014,Growth,Transformer,Growth
GN0020-AMP-06,GN0020,Ampicillin,4.0,6,0.9958999752998352,Growth,Transformer,Growth
GN0020-AMP-07,GN0020,Ampicillin,8.0,7,0.9961000084877014,Growth,Transformer,Growth
GN0020-AMP-08,GN0020,Ampicillin,16.0,8,0.9959999918937683,Growth,Transformer,Growth
GN0020-AMP-09,GN0020,Ampicillin,32.0,9,0.004999999888241291,No Growth,Transformer,No Growth
GP0094-OXA-01,GP0094,Oxacillin,0.06,1,0.9961000084877014,Growth,Transformer,Growth
GP0094-OXA-02,GP0094,Oxacillin,0.12,2,0.9961000084877014,Growth,Transformer,Growth
GP0094-OXA-03,GP0094,Oxacillin,0.25,3,0.2809999883174896,No Growth,Transformer,No Growth
GP0094-OXA-04,GP0094,Oxacillin,0.5,4,0.004999999888241291,No Growth,Transformer,No Growth
GP0094-OXA-05,GP0094,Oxacillin,1.0,5,0.004999999888241291,No Growth,Transformer,No Growth
GP0094-OXA-06,GP0094,Oxacillin,2.0,6,0.004999999888241291,No Growth,Transformer,No Growth
GP0094-OXA-07,GP0094,Oxacillin,4.0,7,0.004999999888241291,No Growth,Transformer,No Growth
GP0094-OXA-08,GP0094,Oxacillin,8.0,8,0.7319999933242798,Growth,Transformer,No Growth
GP0094-CEF-01,GP0094,Ceftriaxone,0.12,1,0.9961000084877014,Growth,Transformer,Growth
GP0094-CEF-02,GP0094,Ceftriaxone,0.25,2,0.9961000084877014,Growth,Transformer,Growth
GP0094-CEF-03,GP0094,Ceftriaxone,0.5,3,0.9959999918937683,Growth,Transformer,Growth
GP0094-CEF-04,GP0094,Ceftriaxone,1.0,4,0.9961000084877014,Growth,Transformer,Growth
GP0094-CEF-05,GP0094,Ceftriaxone,2.0,5,0.004999999888241291,No Growth,Transformer,No Growth
GP0094-CEF-06,GP0094,Ceftriaxone,4.0,6,0.004999999888241291,No Growth,Transformer,No Growth
GP0094-CEF-07,GP0094,Ceftriaxone,8.0,7,0.840399980545044,Growth,Transformer,No Growth
GP0094-CEF-08,GP0094,Ceftriaxone,16.0,8,0.6585999727249146,Growth,Transformer,No Growth
GP0094-CEF-09,GP0094,Ceftriaxone,32.0,9,0.004999999888241291,No Growth,Transformer,No Growth
GP0094-CEF-10,GP0094,Ceftriaxone,64.0,10,0.004999999888241291,No Growth,Transformer,No Growth
GP0094-AMP-01,GP0094,Ampicillin,0.12,1,0.9961000084877014,Growth,Transformer,Growth
GP0094-AMP-02,GP0094,Ampicillin,0.25,2,0.9961000084877014,Growth,Transformer,Growth
GP0094-AMP-03,GP0094,Ampicillin,0.5,3,0.9959999918937683,Growth,Transformer,Growth
GP0094-AMP-04,GP0094,Ampicillin,1.0,4,0.9961000084877014,Growth,Transformer,Growth
GP0094-AMP-05,GP0094,Ampicillin,2.0,5,0.9958000183105469,Growth,Transformer,Growth
GP0094-AMP-06,GP0094,Ampicillin,4.0,6,0.004999999888241291,No Growth,Transformer,No Growth
GP0094-AMP-07,GP0094,Ampicillin,8.0,7,0.004999999888241291,No Growth,Transformer,No Growth
GP0094-AMP-08,GP0094,Ampicillin,16.0,8,0.004999999888241291,No Growth,Transformer,No Growth
GP0094-AMP-09,GP0094,Ampicillin,32.0,9,0.005100000184029341,No Growth,Transformer,No Growth
GP0094-DAP-01,GP0094,Daptomycin,0.06,1,0.9959999918937683,Growth,Transformer,Growth
GP0094-DAP-02,GP0094,Daptomycin,0.12,2,0.9959999918937683,Growth,Transformer,Growth
GP0094-DAP-03,GP0094,Daptomycin,0.25,3,0.004999999888241291,No Growth,Transformer,No Growth
GP0094-DAP-04,GP0094,Daptomycin,0.5,4,0.004999999888241291,No Growth,Transformer,No Growth
GP0094-DAP-05,GP0094,Daptomycin,1.0,5,0.00559999980032444,No Growth,Transformer,No Growth
GP0094-DAP-06,GP0094,Daptomycin,2.0,6,0.016300000250339508,No Growth,Transformer,No Growth
GP0094-DAP-07,GP0094,Daptomycin,4.0,7,0.004999999888241291,No Growth,Transformer,No Growth
GP0094-DAP-08,GP0094,Daptomycin,8.0,8,0.004999999888241291,No Growth,Transformer,No Growth
GP0078-AMP-01,GP0078,Ampicillin,0.12,1,0.9959999918937683,Growth,Transformer,Growth
GP0078-AMP-02,GP0078,Ampicillin,0.25,2,0.9961000084877014,Growth,Transformer,Growth
GP0078-AMP-03,GP0078,Ampicillin,0.5,3,0.9397000074386597,Growth,Transformer,Growth
GP0078-AMP-04,GP0078,Ampicillin,1.0,4,0.9961000084877014,Growth,Transformer,Growth
GP0078-AMP-05,GP0078,Ampicillin,2.0,5,0.9961000084877014,Growth,Transformer,Growth
GP0078-AMP-06,GP0078,Ampicillin,4.0,6,0.9961000084877014,Growth,Transformer,Growth
GP0078-AMP-07,GP0078,Ampicillin,8.0,7,0.9958000183105469,Growth,Transformer,Growth
GP0078-AMP-08,GP0078,Ampicillin,16.0,8,0.9961000084877014,Growth,Transformer,Growth
GP0078-AMP-09,GP0078,Ampicillin,32.0,9,0.9958999752998352,Growth,Transformer,Growth
GP0078-MER-01,GP0078,Meropenem,0.06,1,0.9959999918937683,Growth,Transformer,Growth
GP0078-MER-02,GP0078,Meropenem,0.12,2,0.9955000281333923,Growth,Transformer,Growth
GP0078-MER-03,GP0078,Meropenem,0.25,3,0.9961000084877014,Growth,Transformer,Growth
GP0078-MER-04,GP0078,Meropenem,0.5,4,0.9957000017166138,Growth,Transformer,Growth
GP0078-MER-05,GP0078,Meropenem,1.0,5,0.9958999752998352,Growth,Transformer,Growth
GP0078-MER-06,GP0078,Meropenem,2.0,6,0.9961000084877014,Growth,Transformer,Growth
GP0078-MER-07,GP0078,Meropenem,4.0,7,0.9961000084877014,Growth,Transformer,Growth
GP0078-MER-08,GP0078,Meropenem,8.0,8,0.9961000084877014,Growth,Transformer,Growth
GP0078-MER-09,GP0078,Meropenem,16.0,9,0.992900013923645,Growth,Transformer,Growth
GP0078-VAN-01,GP0078,Vancomycin,0.25,1,0.9057999849319458,Growth,Transformer,Growth
GP0078-VAN-02,GP0078,Vancomycin,0.5,2,0.9944999814033508,Growth,Transformer,Growth
GP0078-VAN-03,GP0078,Vancomycin,1.0,3,0.9950000047683716,Growth,Transformer,Growth
GP0078-VAN-04,GP0078,Vancomycin,2.0,4,0.005400000140070915,No Growth,Transformer,No Growth
GP0078-VAN-05,GP0078,Vancomycin,4.0,5,0.004999999888241291,No Growth,Transformer,No Growth
GP0078-VAN-06,GP0078,Vancomycin,8.0,6,0.004999999888241291,No Growth,Transformer,No Growth
GP0078-VAN-07,GP0078,Vancomycin,16.0,7,0.004999999888241291,No Growth,Transformer,No Growth
GP0078-VAN-08,GP0078,Vancomycin,32.0,8,0.004999999888241291,No Growth,Transformer,No Growth
GP0078-DAP-01,GP0078,Daptomycin,0.06,1,0.9945999979972839,Growth,Transformer,Growth
GP0078-DAP-02,GP0078,Daptomycin,0.12,2,0.9959999918937683,Growth,Transformer,Growth
GP0078-DAP-03,GP0078,Daptomycin,0.25,3,0.9919000267982483,Growth,Transformer,Growth
GP0078-DAP-04,GP0078,Daptomycin,0.5,4,0.9959999918937683,Growth,Transformer,Growth
GP0078-DAP-05,GP0078,Daptomycin,1.0,5,0.9850999712944031,Growth,Transformer,Growth
GP0078-DAP-06,GP0078,Daptomycin,2.0,6,0.9940000176429749,Growth,Transformer,Growth
GP0078-DAP-07,GP0078,Daptomycin,4.0,7,0.7829999923706055,Growth,Transformer,Growth
GP0078-DAP-08,GP0078,Daptomycin,8.0,8,0.004999999888241291,No Growth,Transformer,No Growth
GP0078-CEF-01,GP0078,Ceftriaxone,0.12,1,0.9961000084877014,Growth,Transformer,Growth
GP0078-CEF-02,GP0078,Ceftriaxone,0.25,2,0.9961000084877014,Growth,Transformer,Growth
GP0078-CEF-03,GP0078,Ceftriaxone,0.5,3,0.9958999752998352,Growth,Transformer,Growth
GP0078-CEF-04,GP0078,Ceftriaxone,1.0,4,0.9958999752998352,Growth,Transformer,Growth
GP0078-CEF-05,GP0078,Ceftriaxone,2.0,5,0.9959999918937683,Growth,Transformer,Growth
GP0078-CEF-06,GP0078,Ceftriaxone,4.0,6,0.9958000183105469,Growth,Transformer,Growth
GP0078-CEF-07,GP0078,Ceftriaxone,8.0,7,0.9961000084877014,Growth,Transformer,Growth
GP0078-CEF-08,GP0078,Ceftriaxone,16.0,8,0.9961000084877014,Growth,Transformer,Growth
GP0078-CEF-09,GP0078,Ceftriaxone,32.0,9,0.9961000084877014,Growth,Transformer,Growth
GP0078-CEF-10,GP0078,Ceftriaxone,64.0,10,0.9897000193595886,Growth,Transformer,Growth
GP0110-CEF-01,GP0110,Ceftriaxone,0.12,1,0.9961000084877014,Growth,Transformer,Growth
GP0110-CEF-02,GP0110,Ceftriaxone,0.25,2,0.9961000084877014,Growth,Transformer,Growth
GP0110-CEF-03,GP0110,Ceftriaxone,0.5,3,0.9961000084877014,Growth,Transformer,Growth
GP0110-CEF-04,GP0110,Ceftriaxone,1.0,4,0.9961000084877014,Growth,Transformer,Growth
GP0110-CEF-05,GP0110,Ceftriaxone,2.0,5,0.9961000084877014,Growth,Transformer,Growth
GP0110-CEF-06,GP0110,Ceftriaxone,4.0,6,0.9961000084877014,Growth,Transformer,Growth
GP0110-CEF-07,GP0110,Ceftriaxone,8.0,7,0.9961000084877014,Growth,Transformer,Growth
GP0110-CEF-08,GP0110,Ceftriaxone,16.0,8,0.9961000084877014,Growth,Transformer,Growth
GP0110-CEF-09,GP0110,Ceftriaxone,32.0,9,0.3978999853134155,No Growth,Transformer,Growth
GP0110-CEF-10,GP0110,Ceftriaxone,64.0,10,0.008299999870359898,No Growth,Transformer,No Growth
GP0110-VAN-01,GP0110,Vancomycin,0.25,1,0.9961000084877014,Growth,Transformer,Growth
GP0110-VAN-02,GP0110,Vancomycin,0.5,2,0.9959999918937683,Growth,Transformer,Growth
GP0110-VAN-03,GP0110,Vancomycin,1.0,3,0.004999999888241291,No Growth,Transformer,No Growth
GP0110-VAN-04,GP0110,Vancomycin,2.0,4,0.005100000184029341,No Growth,Transformer,No Growth
GP0110-VAN-05,GP0110,Vancomycin,4.0,5,0.004999999888241291,No Growth,Transformer,No Growth
GP0110-VAN-06,GP0110,Vancomycin,8.0,6,0.004999999888241291,No Growth,Transformer,No Growth
GP0110-VAN-07,GP0110,Vancomycin,16.0,7,0.004999999888241291,No Growth,Transformer,No Growth
GP0110-VAN-08,GP0110,Vancomycin,32.0,8,0.005100000184029341,No Growth,Transformer,No Growth
GP0110-AMP-01,GP0110,Ampicillin,0.12,1,0.9961000084877014,Growth,Transformer,Growth
GP0110-AMP-02,GP0110,Ampicillin,0.25,2,0.9961000084877014,Growth,Transformer,Growth
GP0110-AMP-03,GP0110,Ampicillin,0.5,3,0.9961000084877014,Growth,Transformer,Growth
GP0110-AMP-04,GP0110,Ampicillin,1.0,4,0.9961000084877014,Growth,Transformer,Growth
GP0110-AMP-05,GP0110,Ampicillin,2.0,5,0.9961000084877014,Growth,Transformer,Growth
GP0110-AMP-06,GP0110,Ampicillin,4.0,6,0.9961000084877014,Growth,Transformer,Growth
GP0110-AMP-07,GP0110,Ampicillin,8.0,7,0.9961000084877014,Growth,Transformer,Growth
GP0110-AMP-08,GP0110,Ampicillin,16.0,8,0.9961000084877014,Growth,Transformer,Growth
GP0110-AMP-09,GP0110,Ampicillin,32.0,9,0.006099999882280827,No Growth,Transformer,No Growth
GN0042-MER-01,GN0042,Meropenem,0.06,1,0.9961000084877014,Growth,Transformer,Growth
GN0042-MER-02,GN0042,Meropenem,0.12,2,0.9961000084877014,Growth,Transformer,Growth
GN0042-MER-03,GN0042,Meropenem,0.25,3,0.9959999918937683,Growth,Transformer,Growth
GN0042-MER-04,GN0042,Meropenem,0.5,4,0.9959999918937683,Growth,Transformer,Growth
GN0042-MER-05,GN0042,Meropenem,1.0,5,0.9959999918937683,Growth,Transformer,Growth
GN0042-MER-06,GN0042,Meropenem,2.0,6,0.9959999918937683,Growth,Transformer,Growth
GN0042-MER-07,GN0042,Meropenem,4.0,7,0.9958999752998352,Growth,Transformer,Growth
GN0042-MER-08,GN0042,Meropenem,8.0,8,0.9959999918937683,Growth,Transformer,Growth
GN0042-MER-09,GN0042,Meropenem,16.0,9,0.005200000014156103,No Growth,Transformer,No Growth
GN0042-AMP-01,GN0042,Ampicillin,0.12,1,0.9961000084877014,Growth,Transformer,Growth
GN0042-AMP-02,GN0042,Ampicillin,0.25,2,0.9961000084877014,Growth,Transformer,Growth
GN0042-AMP-03,GN0042,Ampicillin,0.5,3,0.9961000084877014,Growth,Transformer,Growth
GN0042-AMP-04,GN0042,Ampicillin,1.0,4,0.6805999875068665,Growth,Transformer,Growth
GN0042-AMP-05,GN0042,Ampicillin,2.0,5,0.9961000084877014,Growth,Transformer,Growth
GN0042-AMP-06,GN0042,Ampicillin,4.0,6,0.9961000084877014,Growth,Transformer,Growth
GN0042-AMP-07,GN0042,Ampicillin,8.0,7,0.9961000084877014,Growth,Transformer,Growth
GN0042-AMP-08,GN0042,Ampicillin,16.0,8,0.9961000084877014,Growth,Transformer,Growth
GN0042-AMP-09,GN0042,Ampicillin,32.0,9,0.9959999918937683,Growth,Transformer,Growth
GN0042-CEF-01,GN0042,Ceftriaxone,0.12,1,0.9961000084877014,Growth,Transformer,Growth
GN0042-CEF-02,GN0042,Ceftriaxone,0.25,2,0.9961000084877014,Growth,Transformer,Growth
GN0042-CEF-03,GN0042,Ceftriaxone,0.5,3,0.9958999752998352,Growth,Transformer,Growth
GN0042-CEF-04,GN0042,Ceftriaxone,1.0,4,0.9961000084877014,Growth,Transformer,Growth
GN0042-CEF-05,GN0042,Ceftriaxone,2.0,5,0.9961000084877014,Growth,Transformer,Growth
GN0042-CEF-06,GN0042,Ceftriaxone,4.0,6,0.9961000084877014,Growth,Transformer,Growth
GN0042-CEF-07,GN0042,Ceftriaxone,8.0,7,0.9959999918937683,Growth,Transformer,Growth
GN0042-CEF-08,GN0042,Ceftriaxone,16.0,8,0.9961000084877014,Growth,Transformer,Growth
GN0042-CEF-09,GN0042,Ceftriaxone,32.0,9,0.005100000184029341,No Growth,Transformer,No Growth
GN0042-CEF-10,GN0042,Ceftriaxone,64.0,10,0.0052999998442828655,No Growth,Transformer,No Growth
GP0079-MER-01,GP0079,Meropenem,0.06,1,0.9961000084877014,Growth,Transformer,Growth
GP0079-MER-02,GP0079,Meropenem,0.12,2,0.9959999918937683,Growth,Transformer,Growth
GP0079-MER-03,GP0079,Meropenem,0.25,3,0.9961000084877014,Growth,Transformer,Growth
GP0079-MER-04,GP0079,Meropenem,0.5,4,0.9961000084877014,Growth,Transformer,Growth
GP0079-MER-05,GP0079,Meropenem,1.0,5,0.9961000084877014,Growth,Transformer,Growth
GP0079-MER-06,GP0079,Meropenem,2.0,6,0.9958000183105469,Growth,Transformer,Growth
GP0079-MER-07,GP0079,Meropenem,4.0,7,0.9940999746322632,Growth,Transformer,Growth
GP0079-MER-08,GP0079,Meropenem,8.0,8,0.004999999888241291,No Growth,Transformer,No Growth
GP0079-MER-09,GP0079,Meropenem,16.0,9,0.004999999888241291,No Growth,Transformer,No Growth
GP0079-OXA-01,GP0079,Oxacillin,0.06,1,0.9961000084877014,Growth,Transformer,Growth
GP0079-OXA-02,GP0079,Oxacillin,0.12,2,0.9825000166893005,Growth,Transformer,Growth
GP0079-OXA-03,GP0079,Oxacillin,0.25,3,0.9961000084877014,Growth,Transformer,Growth
GP0079-OXA-04,GP0079,Oxacillin,0.5,4,0.9961000084877014,Growth,Transformer,Growth
GP0079-OXA-05,GP0079,Oxacillin,1.0,5,0.9961000084877014,Growth,Transformer,Growth
GP0079-OXA-06,GP0079,Oxacillin,2.0,6,0.516700029373169,Growth,Transformer,Growth
GP0079-OXA-07,GP0079,Oxacillin,4.0,7,0.9961000084877014,Growth,Transformer,Growth
GP0079-OXA-08,GP0079,Oxacillin,8.0,8,0.9958999752998352,Growth,Transformer,Growth
GP0079-VAN-01,GP0079,Vancomycin,0.25,1,0.9961000084877014,Growth,Transformer,Growth
GP0079-VAN-02,GP0079,Vancomycin,0.5,2,0.9961000084877014,Growth,Transformer,Growth
GP0079-VAN-03,GP0079,Vancomycin,1.0,3,0.9959999918937683,Growth,Transformer,Growth
GP0079-VAN-04,GP0079,Vancomycin,2.0,4,0.9955000281333923,Growth,Transformer,Growth
GP0079-VAN-05,GP0079,Vancomycin,4.0,5,0.005200000014156103,No Growth,Transformer,No Growth
GP0079-VAN-06,GP0079,Vancomycin,8.0,6,0.004999999888241291,No Growth,Transformer,No Growth
GP0079-VAN-07,GP0079,Vancomycin,16.0,7,0.005400000140070915,No Growth,Transformer,No Growth
GP0079-VAN-08,GP0079,Vancomycin,32.0,8,0.004999999888241291,No Growth,Transformer,No Growth
GN0076-MER-01,GN0076,Meropenem,0.06,1,0.005100000184029341,No Growth,Transformer,No Growth
GN0076-MER-02,GN0076,Meropenem,0.12,2,0.005200000014156103,No Growth,Transformer,No Growth
GN0076-MER-03,GN0076,Meropenem,0.25,3,0.005100000184029341,No Growth,Transformer,No Growth
GN0076-MER-04,GN0076,Meropenem,0.5,4,0.005200000014156103,No Growth,Transformer,No Growth
GN0076-MER-05,GN0076,Meropenem,1.0,5,0.004999999888241291,No Growth,Transformer,No Growth
GN0076-MER-06,GN0076,Meropenem,2.0,6,0.005200000014156103,No Growth,Transformer,No Growth
GN0076-MER-07,GN0076,Meropenem,4.0,7,0.0052999998442828655,No Growth,Transformer,No Growth
GN0076-MER-08,GN0076,Meropenem,8.0,8,0.004999999888241291,No Growth,Transformer,No Growth
GN0076-MER-09,GN0076,Meropenem,16.0,9,0.005200000014156103,No Growth,Transformer,No Growth
GN0076-AMP-01,GN0076,Ampicillin,0.12,1,0.9961000084877014,Growth,Transformer,Growth
GN0076-AMP-02,GN0076,Ampicillin,0.25,2,0.9961000084877014,Growth,Transformer,Growth
GN0076-AMP-03,GN0076,Ampicillin,0.5,3,0.9961000084877014,Growth,Transformer,Growth
GN0076-AMP-04,GN0076,Ampicillin,1.0,4,0.9961000084877014,Growth,Transformer,Growth
GN0076-AMP-05,GN0076,Ampicillin,2.0,5,0.9961000084877014,Growth,Transformer,Growth
GN0076-AMP-06,GN0076,Ampicillin,4.0,6,0.9961000084877014,Growth,Transformer,Growth
GN0076-AMP-07,GN0076,Ampicillin,8.0,7,0.9835000038146973,Growth,Transformer,Growth
GN0076-AMP-08,GN0076,Ampicillin,16.0,8,0.9961000084877014,Growth,Transformer,Growth
GN0076-AMP-09,GN0076,Ampicillin,32.0,9,0.005200000014156103,No Growth,Transformer,No Growth
GN0017-AMP-01,GN0017,Ampicillin,0.12,1,0.9961000084877014,Growth,Transformer,Growth
GN0017-AMP-02,GN0017,Ampicillin,0.25,2,0.9961000084877014,Growth,Transformer,Growth
GN0017-AMP-03,GN0017,Ampicillin,0.5,3,0.9961000084877014,Growth,Transformer,Growth
GN0017-AMP-04,GN0017,Ampicillin,1.0,4,0.9961000084877014,Growth,Transformer,Growth
GN0017-AMP-05,GN0017,Ampicillin,2.0,5,0.9961000084877014,Growth,Transformer,Growth
GN0017-AMP-06,GN0017,Ampicillin,4.0,6,0.9961000084877014,Growth,Transformer,Growth
GN0017-AMP-07,GN0017,Ampicillin,8.0,7,0.9961000084877014,Growth,Transformer,Growth
GN0017-AMP-08,GN0017,Ampicillin,16.0,8,0.9961000084877014,Growth,Transformer,Growth
GN0017-AMP-09,GN0017,Ampicillin,32.0,9,0.9961000084877014,Growth,Transformer,Growth
GN0017-MER-01,GN0017,Meropenem,0.06,1,0.9684000015258789,Growth,Transformer,Growth
GN0017-MER-02,GN0017,Meropenem,0.12,2,0.9961000084877014,Growth,Transformer,Growth
GN0017-MER-03,GN0017,Meropenem,0.25,3,0.9961000084877014,Growth,Transformer,Growth
GN0017-MER-04,GN0017,Meropenem,0.5,4,0.005200000014156103,No Growth,Transformer,No Growth
GN0017-MER-05,GN0017,Meropenem,1.0,5,0.006500000134110451,No Growth,Transformer,No Growth
GN0017-MER-06,GN0017,Meropenem,2.0,6,0.005100000184029341,No Growth,Transformer,No Growth
GN0017-MER-07,GN0017,Meropenem,4.0,7,0.0052999998442828655,No Growth,Transformer,No Growth
GN0017-MER-08,GN0017,Meropenem,8.0,8,0.0052999998442828655,No Growth,Transformer,No Growth
GN0017-MER-09,GN0017,Meropenem,16.0,9,0.005200000014156103,No Growth,Transformer,No Growth
GN0017-CEF-01,GN0017,Ceftriaxone,0.12,1,0.9961000084877014,Growth,Transformer,Growth
GN0017-CEF-02,GN0017,Ceftriaxone,0.25,2,0.9961000084877014,Growth,Transformer,Growth
GN0017-CEF-03,GN0017,Ceftriaxone,0.5,3,0.9961000084877014,Growth,Transformer,Growth
GN0017-CEF-04,GN0017,Ceftriaxone,1.0,4,0.9961000084877014,Growth,Transformer,Growth
GN0017-CEF-05,GN0017,Ceftriaxone,2.0,5,0.9961000084877014,Growth,Transformer,Growth
GN0017-CEF-06,GN0017,Ceftriaxone,4.0,6,0.9959999918937683,Growth,Transformer,Growth
GN0017-CEF-07,GN0017,Ceftriaxone,8.0,7,0.9961000084877014,Growth,Transformer,Growth
GN0017-CEF-08,GN0017,Ceftriaxone,16.0,8,0.9959999918937683,Growth,Transformer,Growth
GN0017-CEF-09,GN0017,Ceftriaxone,32.0,9,0.9900000095367432,Growth,Transformer,Growth
GN0017-CEF-10,GN0017,Ceftriaxone,64.0,10,0.005200000014156103,No Growth,Transformer,No Growth
GP0075-CEF-01,GP0075,Ceftriaxone,0.12,1,0.9961000084877014,Growth,Transformer,Growth
GP0075-CEF-02,GP0075,Ceftriaxone,0.25,2,0.9961000084877014,Growth,Transformer,Growth
GP0075-CEF-03,GP0075,Ceftriaxone,0.5,3,0.9961000084877014,Growth,Transformer,Growth
GP0075-CEF-04,GP0075,Ceftriaxone,1.0,4,0.9961000084877014,Growth,Transformer,Growth
GP0075-CEF-05,GP0075,Ceftriaxone,2.0,5,0.9961000084877014,Growth,Transformer,Growth
GP0075-CEF-06,GP0075,Ceftriaxone,4.0,6,0.9961000084877014,Growth,Transformer,Growth
GP0075-CEF-07,GP0075,Ceftriaxone,8.0,7,0.9959999918937683,Growth,Transformer,Growth
GP0075-CEF-08,GP0075,Ceftriaxone,16.0,8,0.9961000084877014,Growth,Transformer,Growth
GP0075-CEF-09,GP0075,Ceftriaxone,32.0,9,0.9961000084877014,Growth,Transformer,Growth
GP0075-CEF-10,GP0075,Ceftriaxone,64.0,10,0.9959999918937683,Growth,Transformer,Growth
GP0075-MER-01,GP0075,Meropenem,0.06,1,0.9961000084877014,Growth,Transformer,Growth
GP0075-MER-02,GP0075,Meropenem,0.12,2,0.9959999918937683,Growth,Transformer,Growth
GP0075-MER-03,GP0075,Meropenem,0.25,3,0.9961000084877014,Growth,Transformer,Growth
GP0075-MER-04,GP0075,Meropenem,0.5,4,0.9961000084877014,Growth,Transformer,Growth
GP0075-MER-05,GP0075,Meropenem,1.0,5,0.9961000084877014,Growth,Transformer,Growth
GP0075-MER-06,GP0075,Meropenem,2.0,6,0.9959999918937683,Growth,Transformer,Growth
GP0075-MER-07,GP0075,Meropenem,4.0,7,0.89410001039505,Growth,Transformer,Growth
GP0075-MER-08,GP0075,Meropenem,8.0,8,0.005100000184029341,No Growth,Transformer,No Growth
GP0075-MER-09,GP0075,Meropenem,16.0,9,0.004999999888241291,No Growth,Transformer,No Growth
GP0075-VAN-01,GP0075,Vancomycin,0.25,1,0.9961000084877014,Growth,Transformer,Growth
GP0075-VAN-02,GP0075,Vancomycin,0.5,2,0.9961000084877014,Growth,Transformer,Growth
GP0075-VAN-03,GP0075,Vancomycin,1.0,3,0.9959999918937683,Growth,Transformer,Growth
GP0075-VAN-04,GP0075,Vancomycin,2.0,4,0.9951000213623047,Growth,Transformer,Growth
GP0075-VAN-05,GP0075,Vancomycin,4.0,5,0.9959999918937683,Growth,Transformer,Growth
GP0075-VAN-06,GP0075,Vancomycin,8.0,6,0.9961000084877014,Growth,Transformer,Growth
GP0075-VAN-07,GP0075,Vancomycin,16.0,7,0.9961000084877014,Growth,Transformer,Growth
GP0075-VAN-08,GP0075,Vancomycin,32.0,8,0.0786999985575676,No Growth,Transformer,Growth
GP0075-DAP-01,GP0075,Daptomycin,0.06,1,0.9959999918937683,Growth,Transformer,Growth
GP0075-DAP-02,GP0075,Daptomycin,0.12,2,0.9961000084877014,Growth,Transformer,Growth
GP0075-DAP-03,GP0075,Daptomycin,0.25,3,0.9961000084877014,Growth,Transformer,Growth
GP0075-DAP-04,GP0075,Daptomycin,0.5,4,0.9959999918937683,Growth,Transformer,Growth
GP0075-DAP-05,GP0075,Daptomycin,1.0,5,0.013299999758601189,No Growth,Transformer,Growth
GP0075-DAP-06,GP0075,Daptomycin,2.0,6,0.9929999709129333,Growth,Transformer,Growth
GP0075-DAP-07,GP0075,Daptomycin,4.0,7,0.004999999888241291,No Growth,Transformer,No Growth
GP0075-DAP-08,GP0075,Daptomycin,8.0,8,0.004999999888241291,No Growth,Transformer,No Growth
GN0071-MER-01,GN0071,Meropenem,0.06,1,0.005100000184029341,No Growth,Transformer,No Growth
GN0071-MER-02,GN0071,Meropenem,0.12,2,0.005200000014156103,No Growth,Transformer,No Growth
GN0071-MER-03,GN0071,Meropenem,0.25,3,0.005100000184029341,No Growth,Transformer,No Growth
GN0071-MER-04,GN0071,Meropenem,0.5,4,0.005200000014156103,No Growth,Transformer,No Growth
GN0071-MER-05,GN0071,Meropenem,1.0,5,0.005200000014156103,No Growth,Transformer,No Growth
GN0071-MER-06,GN0071,Meropenem,2.0,6,0.0052999998442828655,No Growth,Transformer,No Growth
GN0071-MER-07,GN0071,Meropenem,4.0,7,0.004999999888241291,No Growth,Transformer,No Growth
GN0071-MER-08,GN0071,Meropenem,8.0,8,0.0052999998442828655,No Growth,Transformer,No Growth
GN0071-MER-09,GN0071,Meropenem,16.0,9,0.5662000179290771,Growth,Transformer,No Growth
GN0071-AMP-01,GN0071,Ampicillin,0.12,1,0.9961000084877014,Growth,Transformer,Growth
GN0071-AMP-02,GN0071,Ampicillin,0.25,2,0.9961000084877014,Growth,Transformer,Growth
GN0071-AMP-03,GN0071,Ampicillin,0.5,3,0.9961000084877014,Growth,Transformer,Growth
GN0071-AMP-04,GN0071,Ampicillin,1.0,4,0.9961000084877014,Growth,Transformer,Growth
GN0071-AMP-05,GN0071,Ampicillin,2.0,5,0.9961000084877014,Growth,Transformer,Growth
GN0071-AMP-06,GN0071,Ampicillin,4.0,6,0.9476000070571899,Growth,Transformer,Growth
GN0071-AMP-07,GN0071,Ampicillin,8.0,7,0.9961000084877014,Growth,Transformer,Growth
GN0071-AMP-08,GN0071,Ampicillin,16.0,8,0.9961000084877014,Growth,Transformer,Growth
GN0071-AMP-09,GN0071,Ampicillin,32.0,9,0.9959999918937683,Growth,Transformer,Growth
GN0071-CEF-01,GN0071,Ceftriaxone,0.12,1,0.005100000184029341,No Growth,Transformer,No Growth
GN0071-CEF-02,GN0071,Ceftriaxone,0.25,2,0.005100000184029341,No Growth,Transformer,No Growth
GN0071-CEF-03,GN0071,Ceftriaxone,0.5,3,0.004999999888241291,No Growth,Transformer,No Growth
GN0071-CEF-04,GN0071,Ceftriaxone,1.0,4,0.004999999888241291,No Growth,Transformer,No Growth
GN0071-CEF-05,GN0071,Ceftriaxone,2.0,5,0.0052999998442828655,No Growth,Transformer,No Growth
GN0071-CEF-06,GN0071,Ceftriaxone,4.0,6,0.005100000184029341,No Growth,Transformer,No Growth
GN0071-CEF-07,GN0071,Ceftriaxone,8.0,7,0.004999999888241291,No Growth,Transformer,No Growth
GN0071-CEF-08,GN0071,Ceftriaxone,16.0,8,0.005100000184029341,No Growth,Transformer,No Growth
GN0071-CEF-09,GN0071,Ceftriaxone,32.0,9,0.005100000184029341,No Growth,Transformer,No Growth
GN0071-CEF-10,GN0071,Ceftriaxone,64.0,10,0.0052999998442828655,No Growth,Transformer,No Growth
GN0113-MER-01,GN0113,Meropenem,0.06,1,0.004999999888241291,No Growth,Transformer,No Growth
GN0113-MER-02,GN0113,Meropenem,0.12,2,0.004999999888241291,No Growth,Transformer,No Growth
GN0113-MER-03,GN0113,Meropenem,0.25,3,0.005100000184029341,No Growth,Transformer,No Growth
GN0113-MER-04,GN0113,Meropenem,0.5,4,0.004999999888241291,No Growth,Transformer,No Growth
GN0113-MER-05,GN0113,Meropenem,1.0,5,0.005100000184029341,No Growth,Transformer,No Growth
GN0113-MER-06,GN0113,Meropenem,2.0,6,0.004999999888241291,No Growth,Transformer,No Growth
GN0113-MER-07,GN0113,Meropenem,4.0,7,0.005100000184029341,No Growth,Transformer,No Growth
GN0113-MER-08,GN0113,Meropenem,8.0,8,0.0052999998442828655,No Growth,Transformer,No Growth
GN0113-MER-09,GN0113,Meropenem,16.0,9,0.004999999888241291,No Growth,Transformer,No Growth
GN0113-CEF-01,GN0113,Ceftriaxone,0.12,1,0.010499999858438969,No Growth,Transformer,No Growth
GN0113-CEF-02,GN0113,Ceftriaxone,0.25,2,0.004999999888241291,No Growth,Transformer,No Growth
GN0113-CEF-03,GN0113,Ceftriaxone,0.5,3,0.04740000143647194,No Growth,Transformer,No Growth
GN0113-CEF-04,GN0113,Ceftriaxone,1.0,4,0.004999999888241291,No Growth,Transformer,No Growth
GN0113-CEF-05,GN0113,Ceftriaxone,2.0,5,0.005100000184029341,No Growth,Transformer,No Growth
GN0113-CEF-06,GN0113,Ceftriaxone,4.0,6,0.005100000184029341,No Growth,Transformer,No Growth
GN0113-CEF-07,GN0113,Ceftriaxone,8.0,7,0.005200000014156103,No Growth,Transformer,No Growth
GN0113-CEF-08,GN0113,Ceftriaxone,16.0,8,0.004999999888241291,No Growth,Transformer,No Growth
GN0113-CEF-09,GN0113,Ceftriaxone,32.0,9,0.006599999964237213,No Growth,Transformer,No Growth
GN0113-CEF-10,GN0113,Ceftriaxone,64.0,10,0.005100000184029341,No Growth,Transformer,No Growth
GN0113-AMP-01,GN0113,Ampicillin,0.12,1,0.9961000084877014,Growth,Transformer,Growth
GN0113-AMP-02,GN0113,Ampicillin,0.25,2,0.9961000084877014,Growth,Transformer,Growth
GN0113-AMP-03,GN0113,Ampicillin,0.5,3,0.9961000084877014,Growth,Transformer,Growth
GN0113-AMP-04,GN0113,Ampicillin,1.0,4,0.9919999837875366,Growth,Transformer,Growth
GN0113-AMP-05,GN0113,Ampicillin,2.0,5,0.9961000084877014,Growth,Transformer,Growth
GN0113-AMP-06,GN0113,Ampicillin,4.0,6,0.9961000084877014,Growth,Transformer,Growth
GN0113-AMP-07,GN0113,Ampicillin,8.0,7,0.005100000184029341,No Growth,Transformer,No Growth
GN0113-AMP-08,GN0113,Ampicillin,16.0,8,0.004999999888241291,No Growth,Transformer,No Growth
GN0113-AMP-09,GN0113,Ampicillin,32.0,9,0.005100000184029341,No Growth,Transformer,No Growth
GP0006-DAP-01,GP0006,Daptomycin,0.06,1,0.9961000084877014,Growth,Transformer,Growth
GP0006-DAP-02,GP0006,Daptomycin,0.12,2,0.9961000084877014,Growth,Transformer,Growth
GP0006-DAP-03,GP0006,Daptomycin,0.25,3,0.9961000084877014,Growth,Transformer,Growth
GP0006-DAP-04,GP0006,Daptomycin,0.5,4,0.9952999949455261,Growth,Transformer,Growth
GP0006-DAP-05,GP0006,Daptomycin,1.0,5,0.004999999888241291,No Growth,Transformer,No Growth
GP0006-DAP-06,GP0006,Daptomycin,2.0,6,0.004999999888241291,No Growth,Transformer,No Growth
GP0006-DAP-07,GP0006,Daptomycin,4.0,7,0.004999999888241291,No Growth,Transformer,No Growth
GP0006-DAP-08,GP0006,Daptomycin,8.0,8,0.004999999888241291,No Growth,Transformer,No Growth
GP0006-OXA-01,GP0006,Oxacillin,0.06,1,0.9937000274658203,Growth,Transformer,Growth
GP0006-OXA-02,GP0006,Oxacillin,0.12,2,0.9961000084877014,Growth,Transformer,Growth
GP0006-OXA-03,GP0006,Oxacillin,0.25,3,0.9961000084877014,Growth,Transformer,Growth
GP0006-OXA-04,GP0006,Oxacillin,0.5,4,0.9961000084877014,Growth,Transformer,Growth
GP0006-OXA-05,GP0006,Oxacillin,1.0,5,0.9961000084877014,Growth,Transformer,Growth
GP0006-OXA-06,GP0006,Oxacillin,2.0,6,0.8184999823570251,Growth,Transformer,Growth
GP0006-OXA-07,GP0006,Oxacillin,4.0,7,0.9961000084877014,Growth,Transformer,Growth
GP0006-OXA-08,GP0006,Oxacillin,8.0,8,0.9955000281333923,Growth,Transformer,Growth
GP0006-CEF-01,GP0006,Ceftriaxone,0.12,1,0.9961000084877014,Growth,Transformer,Growth
GP0006-CEF-02,GP0006,Ceftriaxone,0.25,2,0.9961000084877014,Growth,Transformer,Growth
GP0006-CEF-03,GP0006,Ceftriaxone,0.5,3,0.9958999752998352,Growth,Transformer,Growth
GP0006-CEF-04,GP0006,Ceftriaxone,1.0,4,0.9961000084877014,Growth,Transformer,Growth
GP0006-CEF-05,GP0006,Ceftriaxone,2.0,5,0.9959999918937683,Growth,Transformer,Growth
GP0006-CEF-06,GP0006,Ceftriaxone,4.0,6,0.9959999918937683,Growth,Transformer,Growth
GP0006-CEF-07,GP0006,Ceftriaxone,8.0,7,0.9961000084877014,Growth,Transformer,Growth
GP0006-CEF-08,GP0006,Ceftriaxone,16.0,8,0.9961000084877014,Growth,Transformer,Growth
GP0006-CEF-09,GP0006,Ceftriaxone,32.0,9,0.9958999752998352,Growth,Transformer,Growth
GP0006-CEF-10,GP0006,Ceftriaxone,64.0,10,0.16519999504089355,No Growth,Transformer,No Growth
GP0006-AMP-01,GP0006,Ampicillin,0.12,1,0.9961000084877014,Growth,Transformer,Growth
GP0006-AMP-02,GP0006,Ampicillin,0.25,2,0.9961000084877014,Growth,Transformer,Growth
GP0006-AMP-03,GP0006,Ampicillin,0.5,3,0.9958000183105469,Growth,Transformer,Growth
GP0006-AMP-04,GP0006,Ampicillin,1.0,4,0.005100000184029341,No Growth,Transformer,No Growth
GP0006-AMP-05,GP0006,Ampicillin,2.0,5,0.004999999888241291,No Growth,Transformer,No Growth
GP0006-AMP-06,GP0006,Ampicillin,4.0,6,0.004999999888241291,No Growth,Transformer,No Growth
GP0006-AMP-07,GP0006,Ampicillin,8.0,7,0.004999999888241291,No Growth,Transformer,No Growth
GP0006-AMP-08,GP0006,Ampicillin,16.0,8,0.004999999888241291,No Growth,Transformer,No Growth
GP0006-AMP-09,GP0006,Ampicillin,32.0,9,0.004999999888241291,No Growth,Transformer,No Growth
GP0006-MER-01,GP0006,Meropenem,0.06,1,0.9961000084877014,Growth,Transformer,Growth
GP0006-MER-02,GP0006,Meropenem,0.12,2,0.9959999918937683,Growth,Transformer,Growth
GP0006-MER-03,GP0006,Meropenem,0.25,3,0.9961000084877014,Growth,Transformer,Growth
GP0006-MER-04,GP0006,Meropenem,0.5,4,0.9961000084877014,Growth,Transformer,Growth
GP0006-MER-05,GP0006,Meropenem,1.0,5,0.9948999881744385,Growth,Transformer,Growth
GP0006-MER-06,GP0006,Meropenem,2.0,6,0.004999999888241291,No Growth,Transformer,No Growth
GP0006-MER-07,GP0006,Meropenem,4.0,7,0.004999999888241291,No Growth,Transformer,No Growth
GP0006-MER-08,GP0006,Meropenem,8.0,8,0.004999999888241291,No Growth,Transformer,No Growth
GP0006-MER-09,GP0006,Meropenem,16.0,9,0.004999999888241291,No Growth,Transformer,No Growth
GP0066-VAN-01,GP0066,Vancomycin,0.25,1,0.9961000084877014,Growth,Transformer,Growth
GP0066-VAN-02,GP0066,Vancomycin,0.5,2,0.9959999918937683,Growth,Transformer,Growth
GP0066-VAN-03,GP0066,Vancomycin,1.0,3,0.9959999918937683,Growth,Transformer,Growth
GP0066-VAN-04,GP0066,Vancomycin,2.0,4,0.9959999918937683,Growth,Transformer,Growth
GP0066-VAN-05,GP0066,Vancomycin,4.0,5,0.9959999918937683,Growth,Transformer,Growth
GP0066-VAN-06,GP0066,Vancomycin,8.0,6,0.9958000183105469,Growth,Transformer,Growth
GP0066-VAN-07,GP0066,Vancomycin,16.0,7,0.9958999752998352,Growth,Transformer,Growth
GP0066-VAN-08,GP0066,Vancomycin,32.0,8,0.9944000244140625,Growth,Transformer,Growth
GP0066-DAP-01,GP0066,Daptomycin,0.06,1,0.9961000084877014,Growth,Transformer,Growth
GP0066-DAP-02,GP0066,Daptomycin,0.12,2,0.9961000084877014,Growth,Transformer,Growth
GP0066-DAP-03,GP0066,Daptomycin,0.25,3,0.9959999918937683,Growth,Transformer,Growth
GP0066-DAP-04,GP0066,Daptomycin,0.5,4,0.9959999918937683,Growth,Transformer,Growth
GP0066-DAP-05,GP0066,Daptomycin,1.0,5,0.9955999851226807,Growth,Transformer,Growth
GP0066-DAP-06,GP0066,Daptomycin,2.0,6,0.9843000173568726,Growth,Transformer,Growth
GP0066-DAP-07,GP0066,Daptomycin,4.0,7,0.004999999888241291,No Growth,Transformer,No Growth
GP0066-DAP-08,GP0066,Daptomycin,8.0,8,0.34139999747276306,No Growth,Transformer,No Growth
GP0066-AMP-01,GP0066,Ampicillin,0.12,1,0.9961000084877014,Growth,Transformer,Growth
GP0066-AMP-02,GP0066,Ampicillin,0.25,2,0.9961000084877014,Growth,Transformer,Growth
GP0066-AMP-03,GP0066,Ampicillin,0.5,3,0.9961000084877014,Growth,Transformer,Growth
GP0066-AMP-04,GP0066,Ampicillin,1.0,4,0.9959999918937683,Growth,Transformer,Growth
GP0066-AMP-05,GP0066,Ampicillin,2.0,5,0.9961000084877014,Growth,Transformer,Growth
GP0066-AMP-06,GP0066,Ampicillin,4.0,6,0.9961000084877014,Growth,Transformer,Growth
GP0066-AMP-07,GP0066,Ampicillin,8.0,7,0.1120000034570694,No Growth,Transformer,Growth
GP0066-AMP-08,GP0066,Ampicillin,16.0,8,0.9958999752998352,Growth,Transformer,Growth
GP0066-AMP-09,GP0066,Ampicillin,32.0,9,0.005100000184029341,No Growth,Transformer,No Growth
GP0066-MER-01,GP0066,Meropenem,0.06,1,0.9961000084877014,Growth,Transformer,Growth
GP0066-MER-02,GP0066,Meropenem,0.12,2,0.9961000084877014,Growth,Transformer,Growth
GP0066-MER-03,GP0066,Meropenem,0.25,3,0.9961000084877014,Growth,Transformer,Growth
GP0066-MER-04,GP0066,Meropenem,0.5,4,0.9961000084877014,Growth,Transformer,Growth
GP0066-MER-05,GP0066,Meropenem,1.0,5,0.9959999918937683,Growth,Transformer,Growth
GP0066-MER-06,GP0066,Meropenem,2.0,6,0.9961000084877014,Growth,Transformer,Growth
GP0066-MER-07,GP0066,Meropenem,4.0,7,0.9961000084877014,Growth,Transformer,Growth
GP0066-MER-08,GP0066,Meropenem,8.0,8,0.9961000084877014,Growth,Transformer,Growth
GP0066-MER-09,GP0066,Meropenem,16.0,9,0.24729999899864197,No Growth,Transformer,Growth
GP0066-OXA-01,GP0066,Oxacillin,0.06,1,0.9961000084877014,Growth,Transformer,Growth
GP0066-OXA-02,GP0066,Oxacillin,0.12,2,0.9959999918937683,Growth,Transformer,Growth
GP0066-OXA-03,GP0066,Oxacillin,0.25,3,0.9961000084877014,Growth,Transformer,Growth
GP0066-OXA-04,GP0066,Oxacillin,0.5,4,0.9955000281333923,Growth,Transformer,Growth
GP0066-OXA-05,GP0066,Oxacillin,1.0,5,0.9961000084877014,Growth,Transformer,Growth
GP0066-OXA-06,GP0066,Oxacillin,2.0,6,0.9961000084877014,Growth,Transformer,Growth
GP0066-OXA-07,GP0066,Oxacillin,4.0,7,0.9961000084877014,Growth,Transformer,Growth
GP0066-OXA-08,GP0066,Oxacillin,8.0,8,0.984000027179718,Growth,Transformer,Growth
GP0036-MER-01,GP0036,Meropenem,0.06,1,0.9961000084877014,Growth,Transformer,Growth
GP0036-MER-02,GP0036,Meropenem,0.12,2,0.9961000084877014,Growth,Transformer,Growth
GP0036-MER-03,GP0036,Meropenem,0.25,3,0.995199978351593,Growth,Transformer,Growth
GP0036-MER-04,GP0036,Meropenem,0.5,4,0.9961000084877014,Growth,Transformer,Growth
GP0036-MER-05,GP0036,Meropenem,1.0,5,0.9961000084877014,Growth,Transformer,Growth
GP0036-MER-06,GP0036,Meropenem,2.0,6,0.9961000084877014,Growth,Transformer,Growth
GP0036-MER-07,GP0036,Meropenem,4.0,7,0.9959999918937683,Growth,Transformer,Growth
GP0036-MER-08,GP0036,Meropenem,8.0,8,0.004999999888241291,No Growth,Transformer,No Growth
GP0036-MER-09,GP0036,Meropenem,16.0,9,0.04129999876022339,No Growth,Transformer,No Growth
GP0036-DAP-01,GP0036,Daptomycin,0.06,1,0.9961000084877014,Growth,Transformer,Growth
GP0036-DAP-02,GP0036,Daptomycin,0.12,2,0.9950000047683716,Growth,Transformer,Growth
GP0036-DAP-03,GP0036,Daptomycin,0.25,3,0.9958999752998352,Growth,Transformer,Growth
GP0036-DAP-04,GP0036,Daptomycin,0.5,4,0.8303999900817871,Growth,Transformer,Growth
GP0036-DAP-05,GP0036,Daptomycin,1.0,5,0.004999999888241291,No Growth,Transformer,No Growth
GP0036-DAP-06,GP0036,Daptomycin,2.0,6,0.004999999888241291,No Growth,Transformer,No Growth
GP0036-DAP-07,GP0036,Daptomycin,4.0,7,0.004999999888241291,No Growth,Transformer,No Growth
GP0036-DAP-08,GP0036,Daptomycin,8.0,8,0.004999999888241291,No Growth,Transformer,No Growth
GP0036-CEF-01,GP0036,Ceftriaxone,0.12,1,0.9961000084877014,Growth,Transformer,Growth
GP0036-CEF-02,GP0036,Ceftriaxone,0.25,2,0.9961000084877014,Growth,Transformer,Growth
GP0036-CEF-03,GP0036,Ceftriaxone,0.5,3,0.9961000084877014,Growth,Transformer,Growth
GP0036-CEF-04,GP0036,Ceftriaxone,1.0,4,0.9961000084877014,Growth,Transformer,Growth
GP0036-CEF-05,GP0036,Ceftriaxone,2.0,5,0.9961000084877014,Growth,Transformer,Growth
GP0036-CEF-06,GP0036,Ceftriaxone,4.0,6,0.9961000084877014,Growth,Transformer,Growth
GP0036-CEF-07,GP0036,Ceftriaxone,8.0,7,0.17239999771118164,No Growth,Transformer,Growth
GP0036-CEF-08,GP0036,Ceftriaxone,16.0,8,0.9959999918937683,Growth,Transformer,Growth
GP0036-CEF-09,GP0036,Ceftriaxone,32.0,9,0.04520000144839287,No Growth,Transformer,No Growth
GP0036-CEF-10,GP0036,Ceftriaxone,64.0,10,0.004999999888241291,No Growth,Transformer,No Growth
GP0036-VAN-01,GP0036,Vancomycin,0.25,1,0.9961000084877014,Growth,Transformer,Growth
GP0036-VAN-02,GP0036,Vancomycin,0.5,2,0.9961000084877014,Growth,Transformer,Growth
GP0036-VAN-03,GP0036,Vancomycin,1.0,3,0.9958000183105469,Growth,Transformer,Growth
GP0036-VAN-04,GP0036,Vancomycin,2.0,4,0.9961000084877014,Growth,Transformer,Growth
GP0036-VAN-05,GP0036,Vancomycin,4.0,5,0.9959999918937683,Growth,Transformer,Growth
GP0036-VAN-06,GP0036,Vancomycin,8.0,6,0.994700014591217,Growth,Transformer,Growth
GP0036-VAN-07,GP0036,Vancomycin,16.0,7,0.9959999918937683,Growth,Transformer,Growth
GP0036-VAN-08,GP0036,Vancomycin,32.0,8,0.004999999888241291,No Growth,Transformer,No Growth
GP0036-OXA-01,GP0036,Oxacillin,0.06,1,0.9961000084877014,Growth,Transformer,Growth
GP0036-OXA-02,GP0036,Oxacillin,0.12,2,0.9961000084877014,Growth,Transformer,Growth
GP0036-OXA-03,GP0036,Oxacillin,0.25,3,0.9961000084877014,Growth,Transformer,Growth
GP0036-OXA-04,GP0036,Oxacillin,0.5,4,0.9959999918937683,Growth,Transformer,Growth
GP0036-OXA-05,GP0036,Oxacillin,1.0,5,0.9961000084877014,Growth,Transformer,Growth
GP0036-OXA-06,GP0036,Oxacillin,2.0,6,0.9957000017166138,Growth,Transformer,Growth
GP0036-OXA-07,GP0036,Oxacillin,4.0,7,0.9961000084877014,Growth,Transformer,Growth
GP0036-OXA-08,GP0036,Oxacillin,8.0,8,0.9605000019073486,Growth,Transformer,Growth
GN0089-CEF-01,GN0089,Ceftriaxone,0.12,1,0.9961000084877014,Growth,Transformer,Growth
GN0089-CEF-02,GN0089,Ceftriaxone,0.25,2,0.9961000084877014,Growth,Transformer,Growth
GN0089-CEF-03,GN0089,Ceftriaxone,0.5,3,0.9959999918937683,Growth,Transformer,Growth
GN0089-CEF-04,GN0089,Ceftriaxone,1.0,4,0.9961000084877014,Growth,Transformer,Growth
GN0089-CEF-05,GN0089,Ceftriaxone,2.0,5,0.9959999918937683,Growth,Transformer,Growth
GN0089-CEF-06,GN0089,Ceftriaxone,4.0,6,0.9961000084877014,Growth,Transformer,Growth
GN0089-CEF-07,GN0089,Ceftriaxone,8.0,7,0.9961000084877014,Growth,Transformer,Growth
GN0089-CEF-08,GN0089,Ceftriaxone,16.0,8,0.005100000184029341,No Growth,Transformer,No Growth
GN0089-CEF-09,GN0089,Ceftriaxone,32.0,9,0.005200000014156103,No Growth,Transformer,No Growth
GN0089-CEF-10,GN0089,Ceftriaxone,64.0,10,0.005100000184029341,No Growth,Transformer,No Growth
GN0089-AMP-01,GN0089,Ampicillin,0.12,1,0.9961000084877014,Growth,Transformer,Growth
GN0089-AMP-02,GN0089,Ampicillin,0.25,2,0.017000000923871994,No Growth,Transformer,Growth
GN0089-AMP-03,GN0089,Ampicillin,0.5,3,0.9919999837875366,Growth,Transformer,Growth
GN0089-AMP-04,GN0089,Ampicillin,1.0,4,0.9961000084877014,Growth,Transformer,Growth
GN0089-AMP-05,GN0089,Ampicillin,2.0,5,0.9961000084877014,Growth,Transformer,Growth
GN0089-AMP-06,GN0089,Ampicillin,4.0,6,0.9961000084877014,Growth,Transformer,Growth
GN0089-AMP-07,GN0089,Ampicillin,8.0,7,0.9961000084877014,Growth,Transformer,Growth
GN0089-AMP-08,GN0089,Ampicillin,16.0,8,0.9959999918937683,Growth,Transformer,Growth
GN0089-AMP-09,GN0089,Ampicillin,32.0,9,0.9961000084877014,Growth,Transformer,Growth
GN0089-MER-01,GN0089,Meropenem,0.06,1,0.9961000084877014,Growth,Transformer,Growth
GN0089-MER-02,GN0089,Meropenem,0.12,2,0.9961000084877014,Growth,Transformer,Growth
GN0089-MER-03,GN0089,Meropenem,0.25,3,0.9959999918937683,Growth,Transformer,Growth
GN0089-MER-04,GN0089,Meropenem,0.5,4,0.3582000136375427,No Growth,Transformer,No Growth
GN0089-MER-05,GN0089,Meropenem,1.0,5,0.005100000184029341,No Growth,Transformer,No Growth
GN0089-MER-06,GN0089,Meropenem,2.0,6,0.005100000184029341,No Growth,Transformer,No Growth
GN0089-MER-07,GN0089,Meropenem,4.0,7,0.004999999888241291,No Growth,Transformer,No Growth
GN0089-MER-08,GN0089,Meropenem,8.0,8,0.004999999888241291,No Growth,Transformer,No Growth
GN0089-MER-09,GN0089,Meropenem,16.0,9,0.006399999838322401,No Growth,Transformer,No Growth
GN0015-AMP-01,GN0015,Ampicillin,0.12,1,0.9961000084877014,Growth,Transformer,Growth
GN0015-AMP-02,GN0015,Ampicillin,0.25,2,0.9961000084877014,Growth,Transformer,Growth
GN0015-AMP-03,GN0015,Ampicillin,0.5,3,0.9961000084877014,Growth,Transformer,Growth
GN0015-AMP-04,GN0015,Ampicillin,1.0,4,0.9961000084877014,Growth,Transformer,Growth
GN0015-AMP-05,GN0015,Ampicillin,2.0,5,0.9961000084877014,Growth,Transformer,Growth
GN0015-AMP-06,GN0015,Ampicillin,4.0,6,0.9961000084877014,Growth,Transformer,Growth
GN0015-AMP-07,GN0015,Ampicillin,8.0,7,0.9961000084877014,Growth,Transformer,Growth
GN0015-AMP-08,GN0015,Ampicillin,16.0,8,0.9959999918937683,Growth,Transformer,Growth
GN0015-AMP-09,GN0015,Ampicillin,32.0,9,0.005100000184029341,No Growth,Transformer,No Growth
GN0015-MER-01,GN0015,Meropenem,0.06,1,0.004999999888241291,No Growth,Transformer,No Growth
GN0015-MER-02,GN0015,Meropenem,0.12,2,0.004999999888241291,No Growth,Transformer,No Growth
GN0015-MER-03,GN0015,Meropenem,0.25,3,0.005100000184029341,No Growth,Transformer,No Growth
GN0015-MER-04,GN0015,Meropenem,0.5,4,0.005200000014156103,No Growth,Transformer,No Growth
GN0015-MER-05,GN0015,Meropenem,1.0,5,0.005200000014156103,No Growth,Transformer,No Growth
GN0015-MER-06,GN0015,Meropenem,2.0,6,0.004999999888241291,No Growth,Transformer,No Growth
GN0015-MER-07,GN0015,Meropenem,4.0,7,0.005100000184029341,No Growth,Transformer,No Growth
GN0015-MER-08,GN0015,Meropenem,8.0,8,0.005100000184029341,No Growth,Transformer,No Growth
GN0015-MER-09,GN0015,Meropenem,16.0,9,0.005200000014156103,No Growth,Transformer,No Growth
GN0015-CEF-01,GN0015,Ceftriaxone,0.12,1,0.004999999888241291,No Growth,Transformer,No Growth
GN0015-CEF-02,GN0015,Ceftriaxone,0.25,2,0.005100000184029341,No Growth,Transformer,No Growth
GN0015-CEF-03,GN0015,Ceftriaxone,0.5,3,0.005200000014156103,No Growth,Transformer,No Growth
GN0015-CEF-04,GN0015,Ceftriaxone,1.0,4,0.005200000014156103,No Growth,Transformer,No Growth
GN0015-CEF-05,GN0015,Ceftriaxone,2.0,5,0.005100000184029341,No Growth,Transformer,No Growth
GN0015-CEF-06,GN0015,Ceftriaxone,4.0,6,0.005200000014156103,No Growth,Transformer,No Growth
GN0015-CEF-07,GN0015,Ceftriaxone,8.0,7,0.005100000184029341,No Growth,Transformer,No Growth
GN0015-CEF-08,GN0015,Ceftriaxone,16.0,8,0.005200000014156103,No Growth,Transformer,No Growth
GN0015-CEF-09,GN0015,Ceftriaxone,32.0,9,0.005200000014156103,No Growth,Transformer,No Growth
GN0015-CEF-10,GN0015,Ceftriaxone,64.0,10,0.004999999888241291,No Growth,Transformer,No Growth
GP0001-OXA-01,GP0001,Oxacillin,0.06,1,0.9959999918937683,Growth,Transformer,Growth
GP0001-OXA-02,GP0001,Oxacillin,0.12,2,0.9961000084877014,Growth,Transformer,Growth
GP0001-OXA-03,GP0001,Oxacillin,0.25,3,0.9961000084877014,Growth,Transformer,Growth
GP0001-OXA-04,GP0001,Oxacillin,0.5,4,0.9959999918937683,Growth,Transformer,Growth
GP0001-OXA-05,GP0001,Oxacillin,1.0,5,0.9961000084877014,Growth,Transformer,Growth
GP0001-OXA-06,GP0001,Oxacillin,2.0,6,0.9961000084877014,Growth,Transformer,Growth
GP0001-OXA-07,GP0001,Oxacillin,4.0,7,0.9961000084877014,Growth,Transformer,Growth
GP0001-OXA-08,GP0001,Oxacillin,8.0,8,0.9952999949455261,Growth,Transformer,Growth
GP0001-VAN-01,GP0001,Vancomycin,0.25,1,0.9959999918937683,Growth,Transformer,Growth
GP0001-VAN-02,GP0001,Vancomycin,0.5,2,0.9959999918937683,Growth,Transformer,Growth
GP0001-VAN-03,GP0001,Vancomycin,1.0,3,0.9958000183105469,Growth,Transformer,Growth
GP0001-VAN-04,GP0001,Vancomycin,2.0,4,0.005400000140070915,No Growth,Transformer,No Growth
GP0001-VAN-05,GP0001,Vancomycin,4.0,5,0.1378999948501587,No Growth,Transformer,No Growth
GP0001-VAN-06,GP0001,Vancomycin,8.0,6,0.004999999888241291,No Growth,Transformer,No Growth
GP0001-VAN-07,GP0001,Vancomycin,16.0,7,0.02199999988079071,No Growth,Transformer,No Growth
GP0001-VAN-08,GP0001,Vancomycin,32.0,8,0.004999999888241291,No Growth,Transformer,No Growth
GP0001-CEF-01,GP0001,Ceftriaxone,0.12,1,0.9961000084877014,Growth,Transformer,Growth
GP0001-CEF-02,GP0001,Ceftriaxone,0.25,2,0.9961000084877014,Growth,Transformer,Growth
GP0001-CEF-03,GP0001,Ceftriaxone,0.5,3,0.9961000084877014,Growth,Transformer,Growth
GP0001-CEF-04,GP0001,Ceftriaxone,1.0,4,0.9961000084877014,Growth,Transformer,Growth
GP0001-CEF-05,GP0001,Ceftriaxone,2.0,5,0.9961000084877014,Growth,Transformer,Growth
GP0001-CEF-06,GP0001,Ceftriaxone,4.0,6,0.9958999752998352,Growth,Transformer,Growth
GP0001-CEF-07,GP0001,Ceftriaxone,8.0,7,0.9959999918937683,Growth,Transformer,Growth
GP0001-CEF-08,GP0001,Ceftriaxone,16.0,8,0.9959999918937683,Growth,Transformer,Growth
GP0001-CEF-09,GP0001,Ceftriaxone,32.0,9,0.9957000017166138,Growth,Transformer,Growth
GP0001-CEF-10,GP0001,Ceftriaxone,64.0,10,0.004999999888241291,No Growth,Transformer,No Growth
GP0001-DAP-01,GP0001,Daptomycin,0.06,1,0.9961000084877014,Growth,Transformer,Growth
GP0001-DAP-02,GP0001,Daptomycin,0.12,2,0.9959999918937683,Growth,Transformer,Growth
GP0001-DAP-03,GP0001,Daptomycin,0.25,3,0.9959999918937683,Growth,Transformer,Growth
GP0001-DAP-04,GP0001,Daptomycin,0.5,4,0.9958999752998352,Growth,Transformer,Growth
GP0001-DAP-05,GP0001,Daptomycin,1.0,5,0.9901999831199646,Growth,Transformer,Growth
GP0001-DAP-06,GP0001,Daptomycin,2.0,6,0.004999999888241291,No Growth,Transformer,No Growth
GP0001-DAP-07,GP0001,Daptomycin,4.0,7,0.004999999888241291,No Growth,Transformer,No Growth
GP0001-DAP-08,GP0001,Daptomycin,8.0,8,0.004999999888241291,No Growth,Transformer,No Growth
GN0120-CEF-01,GN0120,Ceftriaxone,0.12,1,0.9961000084877014,Growth,Transformer,Growth
GN0120-CEF-02,GN0120,Ceftriaxone,0.25,2,0.9961000084877014,Growth,Transformer,Growth
GN0120-CEF-03,GN0120,Ceftriaxone,0.5,3,0.9961000084877014,Growth,Transformer,Growth
GN0120-CEF-04,GN0120,Ceftriaxone,1.0,4,0.9961000084877014,Growth,Transformer,Growth
GN0120-CEF-05,GN0120,Ceftriaxone,2.0,5,0.9961000084877014,Growth,Transformer,Growth
GN0120-CEF-06,GN0120,Ceftriaxone,4.0,6,0.9961000084877014,Growth,Transformer,Growth
GN0120-CEF-07,GN0120,Ceftriaxone,8.0,7,0.9961000084877014,Growth,Transformer,Growth
GN0120-CEF-08,GN0120,Ceftriaxone,16.0,8,0.9961000084877014,Growth,Transformer,Growth
GN0120-CEF-09,GN0120,Ceftriaxone,32.0,9,0.9961000084877014,Growth,Transformer,Growth
GN0120-CEF-10,GN0120,Ceftriaxone,64.0,10,0.9606999754905701,Growth,Transformer,Growth
GN0120-MER-01,GN0120,Meropenem,0.06,1,0.9961000084877014,Growth,Transformer,Growth
GN0120-MER-02,GN0120,Meropenem,0.12,2,0.9959999918937683,Growth,Transformer,Growth
GN0120-MER-03,GN0120,Meropenem,0.25,3,0.9959999918937683,Growth,Transformer,Growth
GN0120-MER-04,GN0120,Meropenem,0.5,4,0.9958999752998352,Growth,Transformer,Growth
GN0120-MER-05,GN0120,Meropenem,1.0,5,0.005200000014156103,No Growth,Transformer,No Growth
GN0120-MER-06,GN0120,Meropenem,2.0,6,0.005200000014156103,No Growth,Transformer,No Growth
GN0120-MER-07,GN0120,Meropenem,4.0,7,0.005200000014156103,No Growth,Transformer,No Growth
GN0120-MER-08,GN0120,Meropenem,8.0,8,0.0052999998442828655,No Growth,Transformer,No Growth
GN0120-MER-09,GN0120,Meropenem,16.0,9,0.004999999888241291,No Growth,Transformer,No Growth
GP0099-CEF-01,GP0099,Ceftriaxone,0.12,1,0.9961000084877014,Growth,Transformer,Growth
GP0099-CEF-02,GP0099,Ceftriaxone,0.25,2,0.9959999918937683,Growth,Transformer,Growth
GP0099-CEF-03,GP0099,Ceftriaxone,0.5,3,0.9961000084877014,Growth,Transformer,Growth
GP0099-CEF-04,GP0099,Ceftriaxone,1.0,4,0.9959999918937683,Growth,Transformer,Growth
GP0099-CEF-05,GP0099,Ceftriaxone,2.0,5,0.9961000084877014,Growth,Transformer,Growth
GP0099-CEF-06,GP0099,Ceftriaxone,4.0,6,0.9961000084877014,Growth,Transformer,Growth
GP0099-CEF-07,GP0099,Ceftriaxone,8.0,7,0.9961000084877014,Growth,Transformer,Growth
GP0099-CEF-08,GP0099,Ceftriaxone,16.0,8,0.9959999918937683,Growth,Transformer,Growth
GP0099-CEF-09,GP0099,Ceftriaxone,32.0,9,0.9958999752998352,Growth,Transformer,Growth
GP0099-CEF-10,GP0099,Ceftriaxone,64.0,10,0.9951000213623047,Growth,Transformer,Growth
GP0099-AMP-01,GP0099,Ampicillin,0.12,1,0.9961000084877014,Growth,Transformer,Growth
GP0099-AMP-02,GP0099,Ampicillin,0.25,2,0.9961000084877014,Growth,Transformer,Growth
GP0099-AMP-03,GP0099,Ampicillin,0.5,3,0.9961000084877014,Growth,Transformer,Growth
GP0099-AMP-04,GP0099,Ampicillin,1.0,4,0.9961000084877014,Growth,Transformer,Growth
GP0099-AMP-05,GP0099,Ampicillin,2.0,5,0.9961000084877014,Growth,Transformer,Growth
GP0099-AMP-06,GP0099,Ampicillin,4.0,6,0.9959999918937683,Growth,Transformer,Growth
GP0099-AMP-07,GP0099,Ampicillin,8.0,7,0.00930000003427267,No Growth,Transformer,No Growth
GP0099-AMP-08,GP0099,Ampicillin,16.0,8,0.01860000006854534,No Growth,Transformer,No Growth
GP0099-AMP-09,GP0099,Ampicillin,32.0,9,0.004999999888241291,No Growth,Transformer,No Growth
GP0099-VAN-01,GP0099,Vancomycin,0.25,1,0.9961000084877014,Growth,Transformer,Growth
GP0099-VAN-02,GP0099,Vancomycin,0.5,2,0.9961000084877014,Growth,Transformer,Growth
GP0099-VAN-03,GP0099,Vancomycin,1.0,3,0.4189999997615814,No Growth,Transformer,Growth
GP0099-VAN-04,GP0099,Vancomycin,2.0,4,0.004999999888241291,No Growth,Transformer,No Growth
GP0099-VAN-05,GP0099,Vancomycin,4.0,5,0.995199978351593,Growth,Transformer,No Growth
GP0099-VAN-06,GP0099,Vancomycin,8.0,6,0.010400000028312206,No Growth,Transformer,No Growth
GP0099-VAN-07,GP0099,Vancomycin,16.0,7,0.005200000014156103,No Growth,Transformer,No Growth
GP0099-VAN-08,GP0099,Vancomycin,32.0,8,0.004999999888241291,No Growth,Transformer,No Growth
GP0099-OXA-01,GP0099,Oxacillin,0.06,1,0.9961000084877014,Growth,Transformer,Growth
GP0099-OXA-02,GP0099,Oxacillin,0.12,2,0.9961000084877014,Growth,Transformer,Growth
GP0099-OXA-03,GP0099,Oxacillin,0.25,3,0.9961000084877014,Growth,Transformer,Growth
GP0099-OXA-04,GP0099,Oxacillin,0.5,4,0.9959999918937683,Growth,Transformer,Growth
GP0099-OXA-05,GP0099,Oxacillin,1.0,5,0.9961000084877014,Growth,Transformer,Growth
GP0099-OXA-06,GP0099,Oxacillin,2.0,6,0.9961000084877014,Growth,Transformer,Growth
GP0099-OXA-07,GP0099,Oxacillin,4.0,7,0.9961000084877014,Growth,Transformer,Growth
GP0099-OXA-08,GP0099,Oxacillin,8.0,8,0.9937999844551086,Growth,Transformer,Growth
GP0099-MER-01,GP0099,Meropenem,0.06,1,0.9961000084877014,Growth,Transformer,Growth
GP0099-MER-02,GP0099,Meropenem,0.12,2,0.9961000084877014,Growth,Transformer,Growth
GP0099-MER-03,GP0099,Meropenem,0.25,3,0.9961000084877014,Growth,Transformer,Growth
GP0099-MER-04,GP0099,Meropenem,0.5,4,0.9959999918937683,Growth,Transformer,Growth
GP0099-MER-05,GP0099,Meropenem,1.0,5,0.9961000084877014,Growth,Transformer,Growth
GP0099-MER-06,GP0099,Meropenem,2.0,6,0.9961000084877014,Growth,Transformer,Growth
GP0099-MER-07,GP0099,Meropenem,4.0,7,0.9922999739646912,Growth,Transformer,Growth
GP0099-MER-08,GP0099,Meropenem,8.0,8,0.006500000134110451,No Growth,Transformer,No Growth
GP0099-MER-09,GP0099,Meropenem,16.0,9,0.004999999888241291,No Growth,Transformer,No Growth
GP0062-CEF-01,GP0062,Ceftriaxone,0.12,1,0.9959999918937683,Growth,Transformer,Growth
GP0062-CEF-02,GP0062,Ceftriaxone,0.25,2,0.9959999918937683,Growth,Transformer,Growth
GP0062-CEF-03,GP0062,Ceftriaxone,0.5,3,0.9961000084877014,Growth,Transformer,Growth
GP0062-CEF-04,GP0062,Ceftriaxone,1.0,4,0.9236999750137329,Growth,Transformer,Growth
GP0062-CEF-05,GP0062,Ceftriaxone,2.0,5,0.9961000084877014,Growth,Transformer,Growth
GP0062-CEF-06,GP0062,Ceftriaxone,4.0,6,0.9961000084877014,Growth,Transformer,Growth
GP0062-CEF-07,GP0062,Ceftriaxone,8.0,7,0.9950000047683716,Growth,Transformer,Growth
GP0062-CEF-08,GP0062,Ceftriaxone,16.0,8,0.9959999918937683,Growth,Transformer,Growth
GP0062-CEF-09,GP0062,Ceftriaxone,32.0,9,0.004999999888241291,No Growth,Transformer,No Growth
GP0062-CEF-10,GP0062,Ceftriaxone,64.0,10,0.004999999888241291,No Growth,Transformer,No Growth
GP0062-OXA-01,GP0062,Oxacillin,0.06,1,0.9961000084877014,Growth,Transformer,Growth
GP0062-OXA-02,GP0062,Oxacillin,0.12,2,0.9959999918937683,Growth,Transformer,Growth
GP0062-OXA-03,GP0062,Oxacillin,0.25,3,0.9961000084877014,Growth,Transformer,Growth
GP0062-OXA-04,GP0062,Oxacillin,0.5,4,0.9961000084877014,Growth,Transformer,Growth
GP0062-OXA-05,GP0062,Oxacillin,1.0,5,0.9958999752998352,Growth,Transformer,Growth
GP0062-OXA-06,GP0062,Oxacillin,2.0,6,0.9957000017166138,Growth,Transformer,Growth
GP0062-OXA-07,GP0062,Oxacillin,4.0,7,0.9959999918937683,Growth,Transformer,Growth
GP0062-OXA-08,GP0062,Oxacillin,8.0,8,0.9958000183105469,Growth,Transformer,Growth
GP0062-MER-01,GP0062,Meropenem,0.06,1,0.9959999918937683,Growth,Transformer,Growth
GP0062-MER-02,GP0062,Meropenem,0.12,2,0.9961000084877014,Growth,Transformer,Growth
GP0062-MER-03,GP0062,Meropenem,0.25,3,0.9961000084877014,Growth,Transformer,Growth
GP0062-MER-04,GP0062,Meropenem,0.5,4,0.9958999752998352,Growth,Transformer,Growth
GP0062-MER-05,GP0062,Meropenem,1.0,5,0.9961000084877014,Growth,Transformer,Growth
GP0062-MER-06,GP0062,Meropenem,2.0,6,0.05299999937415123,No Growth,Transformer,Growth
GP0062-MER-07,GP0062,Meropenem,4.0,7,0.005400000140070915,No Growth,Transformer,No Growth
GP0062-MER-08,GP0062,Meropenem,8.0,8,0.004999999888241291,No Growth,Transformer,No Growth
GP0062-MER-09,GP0062,Meropenem,16.0,9,0.004999999888241291,No Growth,Transformer,No Growth
GN0024-MER-01,GN0024,Meropenem,0.06,1,0.013700000010430813,No Growth,Transformer,No Growth
GN0024-MER-02,GN0024,Meropenem,0.12,2,0.005100000184029341,No Growth,Transformer,No Growth
GN0024-MER-03,GN0024,Meropenem,0.25,3,0.004999999888241291,No Growth,Transformer,No Growth
GN0024-MER-04,GN0024,Meropenem,0.5,4,0.005100000184029341,No Growth,Transformer,No Growth
GN0024-MER-05,GN0024,Meropenem,1.0,5,0.005200000014156103,No Growth,Transformer,No Growth
GN0024-MER-06,GN0024,Meropenem,2.0,6,0.005200000014156103,No Growth,Transformer,No Growth
GN0024-MER-07,GN0024,Meropenem,4.0,7,0.0052999998442828655,No Growth,Transformer,No Growth
GN0024-MER-08,GN0024,Meropenem,8.0,8,0.005100000184029341,No Growth,Transformer,No Growth
GN0024-MER-09,GN0024,Meropenem,16.0,9,0.0052999998442828655,No Growth,Transformer,No Growth
GN0024-CEF-01,GN0024,Ceftriaxone,0.12,1,0.23909999430179596,No Growth,Transformer,No Growth
GN0024-CEF-02,GN0024,Ceftriaxone,0.25,2,0.005100000184029341,No Growth,Transformer,No Growth
GN0024-CEF-03,GN0024,Ceftriaxone,0.5,3,0.0052999998442828655,No Growth,Transformer,No Growth
GN0024-CEF-04,GN0024,Ceftriaxone,1.0,4,0.005200000014156103,No Growth,Transformer,No Growth
GN0024-CEF-05,GN0024,Ceftriaxone,2.0,5,0.005200000014156103,No Growth,Transformer,No Growth
GN0024-CEF-06,GN0024,Ceftriaxone,4.0,6,0.004999999888241291,No Growth,Transformer,No Growth
GN0024-CEF-07,GN0024,Ceftriaxone,8.0,7,0.005100000184029341,No Growth,Transformer,No Growth
GN0024-CEF-08,GN0024,Ceftriaxone,16.0,8,0.004900000058114529,No Growth,Transformer,No Growth
GN0024-CEF-09,GN0024,Ceftriaxone,32.0,9,0.0052999998442828655,No Growth,Transformer,No Growth
GN0024-CEF-10,GN0024,Ceftriaxone,64.0,10,0.005100000184029341,No Growth,Transformer,No Growth
GN0024-AMP-01,GN0024,Ampicillin,0.12,1,0.9961000084877014,Growth,Transformer,Growth
GN0024-AMP-02,GN0024,Ampicillin,0.25,2,0.9961000084877014,Growth,Transformer,Growth
GN0024-AMP-03,GN0024,Ampicillin,0.5,3,0.9961000084877014,Growth,Transformer,Growth
GN0024-AMP-04,GN0024,Ampicillin,1.0,4,0.9961000084877014,Growth,Transformer,Growth
GN0024-AMP-05,GN0024,Ampicillin,2.0,5,0.9961000084877014,Growth,Transformer,Growth
GN0024-AMP-06,GN0024,Ampicillin,4.0,6,0.9961000084877014,Growth,Transformer,Growth
GN0024-AMP-07,GN0024,Ampicillin,8.0,7,0.9961000084877014,Growth,Transformer,Growth
GN0024-AMP-08,GN0024,Ampicillin,16.0,8,0.9961000084877014,Growth,Transformer,Growth
GN0024-AMP-09,GN0024,Ampicillin,32.0,9,0.9959999918937683,Growth,Transformer,Growth
GN0146-CEF-01,GN0146,Ceftriaxone,0.12,1,0.004999999888241291,No Growth,Transformer,No Growth
GN0146-CEF-02,GN0146,Ceftriaxone,0.25,2,0.004999999888241291,No Growth,Transformer,No Growth
GN0146-CEF-03,GN0146,Ceftriaxone,0.5,3,0.005100000184029341,No Growth,Transformer,No Growth
GN0146-CEF-04,GN0146,Ceftriaxone,1.0,4,0.005200000014156103,No Growth,Transformer,No Growth
GN0146-CEF-05,GN0146,Ceftriaxone,2.0,5,0.005200000014156103,No Growth,Transformer,No Growth
GN0146-CEF-06,GN0146,Ceftriaxone,4.0,6,0.005100000184029341,No Growth,Transformer,No Growth
GN0146-CEF-07,GN0146,Ceftriaxone,8.0,7,0.005100000184029341,No Growth,Transformer,No Growth
GN0146-CEF-08,GN0146,Ceftriaxone,16.0,8,0.005200000014156103,No Growth,Transformer,No Growth
GN0146-CEF-09,GN0146,Ceftriaxone,32.0,9,0.004999999888241291,No Growth,Transformer,No Growth
GN0146-CEF-10,GN0146,Ceftriaxone,64.0,10,0.005100000184029341,No Growth,Transformer,No Growth
GP0033-AMP-01,GP0033,Ampicillin,0.12,1,0.9961000084877014,Growth,Transformer,Growth
GP0033-AMP-02,GP0033,Ampicillin,0.25,2,0.9959999918937683,Growth,Transformer,Growth
GP0033-AMP-03,GP0033,Ampicillin,0.5,3,0.9961000084877014,Growth,Transformer,Growth
GP0033-AMP-04,GP0033,Ampicillin,1.0,4,0.9959999918937683,Growth,Transformer,Growth
GP0033-AMP-05,GP0033,Ampicillin,2.0,5,0.9961000084877014,Growth,Transformer,Growth
GP0033-AMP-06,GP0033,Ampicillin,4.0,6,0.7657999992370605,Growth,Transformer,Growth
GP0033-AMP-07,GP0033,Ampicillin,8.0,7,0.9961000084877014,Growth,Transformer,Growth
GP0033-AMP-08,GP0033,Ampicillin,16.0,8,0.9958999752998352,Growth,Transformer,Growth
GP0033-AMP-09,GP0033,Ampicillin,32.0,9,0.9958999752998352,Growth,Transformer,Growth
GP0033-OXA-01,GP0033,Oxacillin,0.06,1,0.9961000084877014,Growth,Transformer,Growth
GP0033-OXA-02,GP0033,Oxacillin,0.12,2,0.9959999918937683,Growth,Transformer,Growth
GP0033-OXA-03,GP0033,Oxacillin,0.25,3,0.9958999752998352,Growth,Transformer,Growth
GP0033-OXA-04,GP0033,Oxacillin,0.5,4,0.9961000084877014,Growth,Transformer,Growth
GP0033-OXA-05,GP0033,Oxacillin,1.0,5,0.9961000084877014,Growth,Transformer,Growth
GP0033-OXA-06,GP0033,Oxacillin,2.0,6,0.9961000084877014,Growth,Transformer,Growth
GP0033-OXA-07,GP0033,Oxacillin,4.0,7,0.9947999715805054,Growth,Transformer,Growth
GP0033-OXA-08,GP0033,Oxacillin,8.0,8,0.9959999918937683,Growth,Transformer,Growth
GP0033-DAP-01,GP0033,Daptomycin,0.06,1,0.9961000084877014,Growth,Transformer,Growth
GP0033-DAP-02,GP0033,Daptomycin,0.12,2,0.9955000281333923,Growth,Transformer,Growth
GP0033-DAP-03,GP0033,Daptomycin,0.25,3,0.004999999888241291,No Growth,Transformer,No Growth
GP0033-DAP-04,GP0033,Daptomycin,0.5,4,0.004999999888241291,No Growth,Transformer,No Growth
GP0033-DAP-05,GP0033,Daptomycin,1.0,5,0.006300000008195639,No Growth,Transformer,No Growth
GP0033-DAP-06,GP0033,Daptomycin,2.0,6,0.004999999888241291,No Growth,Transformer,No Growth
GP0033-DAP-07,GP0033,Daptomycin,4.0,7,0.004999999888241291,No Growth,Transformer,No Growth
GP0033-DAP-08,GP0033,Daptomycin,8.0,8,0.005200000014156103,No Growth,Transformer,No Growth
GN0041-CEF-01,GN0041,Ceftriaxone,0.12,1,0.005100000184029341,No Growth,Transformer,No Growth
GN0041-CEF-02,GN0041,Ceftriaxone,0.25,2,0.005100000184029341,No Growth,Transformer,No Growth
GN0041-CEF-03,GN0041,Ceftriaxone,0.5,3,0.005100000184029341,No Growth,Transformer,No Growth
GN0041-CEF-04,GN0041,Ceftriaxone,1.0,4,0.005200000014156103,No Growth,Transformer,No Growth
GN0041-CEF-05,GN0041,Ceftriaxone,2.0,5,0.005200000014156103,No Growth,Transformer,No Growth
GN0041-CEF-06,GN0041,Ceftriaxone,4.0,6,0.0052999998442828655,No Growth,Transformer,No Growth
GN0041-CEF-07,GN0041,Ceftriaxone,8.0,7,0.0052999998442828655,No Growth,Transformer,No Growth
GN0041-CEF-08,GN0041,Ceftriaxone,16.0,8,0.005200000014156103,No Growth,Transformer,No Growth
GN0041-CEF-09,GN0041,Ceftriaxone,32.0,9,0.005100000184029341,No Growth,Transformer,No Growth
GN0041-CEF-10,GN0041,Ceftriaxone,64.0,10,0.004900000058114529,No Growth,Transformer,No Growth
GN0041-AMP-01,GN0041,Ampicillin,0.12,1,0.9961000084877014,Growth,Transformer,Growth
GN0041-AMP-02,GN0041,Ampicillin,0.25,2,0.9961000084877014,Growth,Transformer,Growth
GN0041-AMP-03,GN0041,Ampicillin,0.5,3,0.9961000084877014,Growth,Transformer,Growth
GN0041-AMP-04,GN0041,Ampicillin,1.0,4,0.9961000084877014,Growth,Transformer,Growth
GN0041-AMP-05,GN0041,Ampicillin,2.0,5,0.9959999918937683,Growth,Transformer,Growth
GN0041-AMP-06,GN0041,Ampicillin,4.0,6,0.005200000014156103,No Growth,Transformer,No Growth
GN0041-AMP-07,GN0041,Ampicillin,8.0,7,0.0052999998442828655,No Growth,Transformer,No Growth
GN0041-AMP-08,GN0041,Ampicillin,16.0,8,0.0052999998442828655,No Growth,Transformer,No Growth
GN0041-AMP-09,GN0041,Ampicillin,32.0,9,0.005100000184029341,No Growth,Transformer,No Growth
GN0041-MER-01,GN0041,Meropenem,0.06,1,0.004999999888241291,No Growth,Transformer,No Growth
GN0041-MER-02,GN0041,Meropenem,0.12,2,0.005200000014156103,No Growth,Transformer,No Growth
GN0041-MER-03,GN0041,Meropenem,0.25,3,0.005100000184029341,No Growth,Transformer,No Growth
GN0041-MER-04,GN0041,Meropenem,0.5,4,0.005200000014156103,No Growth,Transformer,No Growth
GN0041-MER-05,GN0041,Meropenem,1.0,5,0.0052999998442828655,No Growth,Transformer,No Growth
GN0041-MER-06,GN0041,Meropenem,2.0,6,0.005100000184029341,No Growth,Transformer,No Growth
GN0041-MER-07,GN0041,Meropenem,4.0,7,0.005200000014156103,No Growth,Transformer,No Growth
GN0041-MER-08,GN0041,Meropenem,8.0,8,0.005200000014156103,No Growth,Transformer,No Growth
GN0041-MER-09,GN0041,Meropenem,16.0,9,0.0052999998442828655,No Growth,Transformer,No Growth
GN0084-MER-01,GN0084,Meropenem,0.06,1,0.9961000084877014,Growth,Transformer,Growth
GN0084-MER-02,GN0084,Meropenem,0.12,2,0.9959999918937683,Growth,Transformer,Growth
GN0084-MER-03,GN0084,Meropenem,0.25,3,0.9961000084877014,Growth,Transformer,Growth
GN0084-MER-04,GN0084,Meropenem,0.5,4,0.9961000084877014,Growth,Transformer,Growth
GN0084-MER-05,GN0084,Meropenem,1.0,5,0.004999999888241291,No Growth,Transformer,No Growth
GN0084-MER-06,GN0084,Meropenem,2.0,6,0.005100000184029341,No Growth,Transformer,No Growth
GN0084-MER-07,GN0084,Meropenem,4.0,7,0.005100000184029341,No Growth,Transformer,No Growth
GN0084-MER-08,GN0084,Meropenem,8.0,8,0.004999999888241291,No Growth,Transformer,No Growth
GN0084-MER-09,GN0084,Meropenem,16.0,9,0.004999999888241291,No Growth,Transformer,No Growth
GN0084-CEF-01,GN0084,Ceftriaxone,0.12,1,0.9961000084877014,Growth,Transformer,Growth
GN0084-CEF-02,GN0084,Ceftriaxone,0.25,2,0.9961000084877014,Growth,Transformer,Growth
GN0084-CEF-03,GN0084,Ceftriaxone,0.5,3,0.9961000084877014,Growth,Transformer,Growth
GN0084-CEF-04,GN0084,Ceftriaxone,1.0,4,0.9959999918937683,Growth,Transformer,Growth
GN0084-CEF-05,GN0084,Ceftriaxone,2.0,5,0.9959999918937683,Growth,Transformer,Growth
GN0084-CEF-06,GN0084,Ceftriaxone,4.0,6,0.9961000084877014,Growth,Transformer,Growth
GN0084-CEF-07,GN0084,Ceftriaxone,8.0,7,0.9959999918937683,Growth,Transformer,Growth
GN0084-CEF-08,GN0084,Ceftriaxone,16.0,8,0.005100000184029341,No Growth,Transformer,No Growth
GN0084-CEF-09,GN0084,Ceftriaxone,32.0,9,0.005100000184029341,No Growth,Transformer,No Growth
GN0084-CEF-10,GN0084,Ceftriaxone,64.0,10,0.005200000014156103,No Growth,Transformer,No Growth
GN0002-CEF-01,GN0002,Ceftriaxone,0.12,1,0.004999999888241291,No Growth,Transformer,No Growth
GN0002-CEF-02,GN0002,Ceftriaxone,0.25,2,0.004999999888241291,No Growth,Transformer,No Growth
GN0002-CEF-03,GN0002,Ceftriaxone,0.5,3,0.004999999888241291,No Growth,Transformer,No Growth
GN0002-CEF-04,GN0002,Ceftriaxone,1.0,4,0.005100000184029341,No Growth,Transformer,No Growth
GN0002-CEF-05,GN0002,Ceftriaxone,2.0,5,0.023499999195337296,No Growth,Transformer,No Growth
GN0002-CEF-06,GN0002,Ceftriaxone,4.0,6,0.005100000184029341,No Growth,Transformer,No Growth
GN0002-CEF-07,GN0002,Ceftriaxone,8.0,7,0.004999999888241291,No Growth,Transformer,No Growth
GN0002-CEF-08,GN0002,Ceftriaxone,16.0,8,0.004900000058114529,No Growth,Transformer,No Growth
GN0002-CEF-09,GN0002,Ceftriaxone,32.0,9,0.004999999888241291,No Growth,Transformer,No Growth
GN0002-CEF-10,GN0002,Ceftriaxone,64.0,10,0.005100000184029341,No Growth,Transformer,No Growth
GN0002-MER-01,GN0002,Meropenem,0.06,1,0.004999999888241291,No Growth,Transformer,No Growth
GN0002-MER-02,GN0002,Meropenem,0.12,2,0.005100000184029341,No Growth,Transformer,No Growth
GN0002-MER-03,GN0002,Meropenem,0.25,3,0.005100000184029341,No Growth,Transformer,No Growth
GN0002-MER-04,GN0002,Meropenem,0.5,4,0.005100000184029341,No Growth,Transformer,No Growth
GN0002-MER-05,GN0002,Meropenem,1.0,5,0.005100000184029341,No Growth,Transformer,No Growth
GN0002-MER-06,GN0002,Meropenem,2.0,6,0.005100000184029341,No Growth,Transformer,No Growth
GN0002-MER-07,GN0002,Meropenem,4.0,7,0.42899999022483826,No Growth,Transformer,No Growth
GN0002-MER-08,GN0002,Meropenem,8.0,8,0.005100000184029341,No Growth,Transformer,No Growth
GN0002-MER-09,GN0002,Meropenem,16.0,9,0.004999999888241291,No Growth,Transformer,No Growth
GN0002-AMP-01,GN0002,Ampicillin,0.12,1,0.9961000084877014,Growth,Transformer,Growth
GN0002-AMP-02,GN0002,Ampicillin,0.25,2,0.9961000084877014,Growth,Transformer,Growth
GN0002-AMP-03,GN0002,Ampicillin,0.5,3,0.9961000084877014,Growth,Transformer,Growth
GN0002-AMP-04,GN0002,Ampicillin,1.0,4,0.9959999918937683,Growth,Transformer,Growth
GN0002-AMP-05,GN0002,Ampicillin,2.0,5,0.005100000184029341,No Growth,Transformer,No Growth
GN0002-AMP-06,GN0002,Ampicillin,4.0,6,0.004999999888241291,No Growth,Transformer,No Growth
GN0002-AMP-07,GN0002,Ampicillin,8.0,7,0.005100000184029341,No Growth,Transformer,No Growth
GN0002-AMP-08,GN0002,Ampicillin,16.0,8,0.005100000184029341,No Growth,Transformer,No Growth
GN0002-AMP-09,GN0002,Ampicillin,32.0,9,0.005100000184029341,No Growth,Transformer,No Growth
GN0138-CEF-01,GN0138,Ceftriaxone,0.12,1,0.9961000084877014,Growth,Transformer,Growth
GN0138-CEF-02,GN0138,Ceftriaxone,0.25,2,0.9961000084877014,Growth,Transformer,Growth
GN0138-CEF-03,GN0138,Ceftriaxone,0.5,3,0.9961000084877014,Growth,Transformer,Growth
GN0138-CEF-04,GN0138,Ceftriaxone,1.0,4,0.9959999918937683,Growth,Transformer,Growth
GN0138-CEF-05,GN0138,Ceftriaxone,2.0,5,0.9959999918937683,Growth,Transformer,Growth
GN0138-CEF-06,GN0138,Ceftriaxone,4.0,6,0.9961000084877014,Growth,Transformer,Growth
GN0138-CEF-07,GN0138,Ceftriaxone,8.0,7,0.8395000100135803,Growth,Transformer,Growth
GN0138-CEF-08,GN0138,Ceftriaxone,16.0,8,0.9958000183105469,Growth,Transformer,Growth
GN0138-CEF-09,GN0138,Ceftriaxone,32.0,9,0.005200000014156103,No Growth,Transformer,No Growth
GN0138-CEF-10,GN0138,Ceftriaxone,64.0,10,0.005100000184029341,No Growth,Transformer,No Growth
GN0119-AMP-01,GN0119,Ampicillin,0.12,1,0.9961000084877014,Growth,Transformer,Growth
GN0119-AMP-02,GN0119,Ampicillin,0.25,2,0.9961000084877014,Growth,Transformer,Growth
GN0119-AMP-03,GN0119,Ampicillin,0.5,3,0.9961000084877014,Growth,Transformer,Growth
GN0119-AMP-04,GN0119,Ampicillin,1.0,4,0.9961000084877014,Growth,Transformer,Growth
GN0119-AMP-05,GN0119,Ampicillin,2.0,5,0.9961000084877014,Growth,Transformer,Growth
GN0119-AMP-06,GN0119,Ampicillin,4.0,6,0.9959999918937683,Growth,Transformer,Growth
GN0119-AMP-07,GN0119,Ampicillin,8.0,7,0.9961000084877014,Growth,Transformer,Growth
GN0119-AMP-08,GN0119,Ampicillin,16.0,8,0.9315999746322632,Growth,Transformer,Growth
GN0119-AMP-09,GN0119,Ampicillin,32.0,9,0.9961000084877014,Growth,Transformer,Growth
GN0119-CEF-01,GN0119,Ceftriaxone,0.12,1,0.005100000184029341,No Growth,Transformer,No Growth
GN0119-CEF-02,GN0119,Ceftriaxone,0.25,2,0.004999999888241291,No Growth,Transformer,No Growth
GN0119-CEF-03,GN0119,Ceftriaxone,0.5,3,0.016200000420212746,No Growth,Transformer,No Growth
GN0119-CEF-04,GN0119,Ceftriaxone,1.0,4,0.005100000184029341,No Growth,Transformer,No Growth
GN0119-CEF-05,GN0119,Ceftriaxone,2.0,5,0.004999999888241291,No Growth,Transformer,No Growth
GN0119-CEF-06,GN0119,Ceftriaxone,4.0,6,0.005100000184029341,No Growth,Transformer,No Growth
GN0119-CEF-07,GN0119,Ceftriaxone,8.0,7,0.004999999888241291,No Growth,Transformer,No Growth
GN0119-CEF-08,GN0119,Ceftriaxone,16.0,8,0.005100000184029341,No Growth,Transformer,No Growth
GN0119-CEF-09,GN0119,Ceftriaxone,32.0,9,0.005100000184029341,No Growth,Transformer,No Growth
GN0119-CEF-10,GN0119,Ceftriaxone,64.0,10,0.004999999888241291,No Growth,Transformer,No Growth
GN0035-AMP-01,GN0035,Ampicillin,0.12,1,0.9961000084877014,Growth,Transformer,Growth
GN0035-AMP-02,GN0035,Ampicillin,0.25,2,0.9961000084877014,Growth,Transformer,Growth
GN0035-AMP-03,GN0035,Ampicillin,0.5,3,0.9959999918937683,Growth,Transformer,Growth
GN0035-AMP-04,GN0035,Ampicillin,1.0,4,0.9958999752998352,Growth,Transformer,Growth
GN0035-AMP-05,GN0035,Ampicillin,2.0,5,0.9961000084877014,Growth,Transformer,Growth
GN0035-AMP-06,GN0035,Ampicillin,4.0,6,0.9961000084877014,Growth,Transformer,Growth
GN0035-AMP-07,GN0035,Ampicillin,8.0,7,0.9961000084877014,Growth,Transformer,Growth
GN0035-AMP-08,GN0035,Ampicillin,16.0,8,0.9961000084877014,Growth,Transformer,Growth
GN0035-AMP-09,GN0035,Ampicillin,32.0,9,0.9959999918937683,Growth,Transformer,Growth
GN0035-MER-01,GN0035,Meropenem,0.06,1,0.9961000084877014,Growth,Transformer,Growth
GN0035-MER-02,GN0035,Meropenem,0.12,2,0.9959999918937683,Growth,Transformer,Growth
GN0035-MER-03,GN0035,Meropenem,0.25,3,0.9959999918937683,Growth,Transformer,Growth
GN0035-MER-04,GN0035,Meropenem,0.5,4,0.9958999752998352,Growth,Transformer,Growth
GN0035-MER-05,GN0035,Meropenem,1.0,5,0.005200000014156103,No Growth,Transformer,No Growth
GN0035-MER-06,GN0035,Meropenem,2.0,6,0.005100000184029341,No Growth,Transformer,No Growth
GN0035-MER-07,GN0035,Meropenem,4.0,7,0.0052999998442828655,No Growth,Transformer,No Growth
GN0035-MER-08,GN0035,Meropenem,8.0,8,0.005200000014156103,No Growth,Transformer,No Growth
GN0035-MER-09,GN0035,Meropenem,16.0,9,0.0052999998442828655,No Growth,Transformer,No Growth
GN0035-CEF-01,GN0035,Ceftriaxone,0.12,1,0.9961000084877014,Growth,Transformer,Growth
GN0035-CEF-02,GN0035,Ceftriaxone,0.25,2,0.9961000084877014,Growth,Transformer,Growth
GN0035-CEF-03,GN0035,Ceftriaxone,0.5,3,0.9961000084877014,Growth,Transformer,Growth
GN0035-CEF-04,GN0035,Ceftriaxone,1.0,4,0.9959999918937683,Growth,Transformer,Growth
GN0035-CEF-05,GN0035,Ceftriaxone,2.0,5,0.9959999918937683,Growth,Transformer,Growth
GN0035-CEF-06,GN0035,Ceftriaxone,4.0,6,0.9961000084877014,Growth,Transformer,Growth
GN0035-CEF-07,GN0035,Ceftriaxone,8.0,7,0.9961000084877014,Growth,Transformer,Growth
GN0035-CEF-08,GN0035,Ceftriaxone,16.0,8,0.9961000084877014,Growth,Transformer,Growth
GN0035-CEF-09,GN0035,Ceftriaxone,32.0,9,0.9959999918937683,Growth,Transformer,Growth
GN0035-CEF-10,GN0035,Ceftriaxone,64.0,10,0.9961000084877014,Growth,Transformer,Growth
GP0044-OXA-01,GP0044,Oxacillin,0.06,1,0.9961000084877014,Growth,Transformer,Growth
GP0044-OXA-02,GP0044,Oxacillin,0.12,2,0.9961000084877014,Growth,Transformer,Growth
GP0044-OXA-03,GP0044,Oxacillin,0.25,3,0.9961000084877014,Growth,Transformer,Growth
GP0044-OXA-04,GP0044,Oxacillin,0.5,4,0.9961000084877014,Growth,Transformer,Growth
GP0044-OXA-05,GP0044,Oxacillin,1.0,5,0.9961000084877014,Growth,Transformer,Growth
GP0044-OXA-06,GP0044,Oxacillin,2.0,6,0.9961000084877014,Growth,Transformer,Growth
GP0044-OXA-07,GP0044,Oxacillin,4.0,7,0.9961000084877014,Growth,Transformer,Growth
GP0044-OXA-08,GP0044,Oxacillin,8.0,8,0.993399977684021,Growth,Transformer,Growth
GP0044-AMP-01,GP0044,Ampicillin,0.12,1,0.9961000084877014,Growth,Transformer,Growth
GP0044-AMP-02,GP0044,Ampicillin,0.25,2,0.9961000084877014,Growth,Transformer,Growth
GP0044-AMP-03,GP0044,Ampicillin,0.5,3,0.9961000084877014,Growth,Transformer,Growth
GP0044-AMP-04,GP0044,Ampicillin,1.0,4,0.005200000014156103,No Growth,Transformer,No Growth
GP0044-AMP-05,GP0044,Ampicillin,2.0,5,0.004999999888241291,No Growth,Transformer,No Growth
GP0044-AMP-06,GP0044,Ampicillin,4.0,6,0.9961000084877014,Growth,Transformer,No Growth
GP0044-AMP-07,GP0044,Ampicillin,8.0,7,0.8273000121116638,Growth,Transformer,No Growth
GP0044-AMP-08,GP0044,Ampicillin,16.0,8,0.004999999888241291,No Growth,Transformer,No Growth
GP0044-AMP-09,GP0044,Ampicillin,32.0,9,0.004999999888241291,No Growth,Transformer,No Growth
GP0044-CEF-01,GP0044,Ceftriaxone,0.12,1,0.9961000084877014,Growth,Transformer,Growth
GP0044-CEF-02,GP0044,Ceftriaxone,0.25,2,0.9959999918937683,Growth,Transformer,Growth
GP0044-CEF-03,GP0044,Ceftriaxone,0.5,3,0.9961000084877014,Growth,Transformer,Growth
GP0044-CEF-04,GP0044,Ceftriaxone,1.0,4,0.9961000084877014,Growth,Transformer,Growth
GP0044-CEF-05,GP0044,Ceftriaxone,2.0,5,0.9961000084877014,Growth,Transformer,Growth
GP0044-CEF-06,GP0044,Ceftriaxone,4.0,6,0.9961000084877014,Growth,Transformer,Growth
GP0044-CEF-07,GP0044,Ceftriaxone,8.0,7,0.9961000084877014,Growth,Transformer,Growth
GP0044-CEF-08,GP0044,Ceftriaxone,16.0,8,0.9961000084877014,Growth,Transformer,Growth
GP0044-CEF-09,GP0044,Ceftriaxone,32.0,9,0.004999999888241291,No Growth,Transformer,No Growth
GP0044-CEF-10,GP0044,Ceftriaxone,64.0,10,0.004999999888241291,No Growth,Transformer,No Growth
GP0004-AMP-01,GP0004,Ampicillin,0.12,1,0.9961000084877014,Growth,Transformer,Growth
GP0004-AMP-02,GP0004,Ampicillin,0.25,2,0.9961000084877014,Growth,Transformer,Growth
GP0004-AMP-03,GP0004,Ampicillin,0.5,3,0.9961000084877014,Growth,Transformer,Growth
GP0004-AMP-04,GP0004,Ampicillin,1.0,4,0.9961000084877014,Growth,Transformer,Growth
GP0004-AMP-05,GP0004,Ampicillin,2.0,5,0.9961000084877014,Growth,Transformer,Growth
GP0004-AMP-06,GP0004,Ampicillin,4.0,6,0.9961000084877014,Growth,Transformer,Growth
GP0004-AMP-07,GP0004,Ampicillin,8.0,7,0.9957000017166138,Growth,Transformer,Growth
GP0004-AMP-08,GP0004,Ampicillin,16.0,8,0.013000000268220901,No Growth,Transformer,No Growth
GP0004-AMP-09,GP0004,Ampicillin,32.0,9,0.004999999888241291,No Growth,Transformer,No Growth
GP0004-MER-01,GP0004,Meropenem,0.06,1,0.005400000140070915,No Growth,Transformer,No Growth
GP0004-MER-02,GP0004,Meropenem,0.12,2,0.005100000184029341,No Growth,Transformer,No Growth
GP0004-MER-03,GP0004,Meropenem,0.25,3,0.005400000140070915,No Growth,Transformer,No Growth
GP0004-MER-04,GP0004,Meropenem,0.5,4,0.004999999888241291,No Growth,Transformer,No Growth
GP0004-MER-05,GP0004,Meropenem,1.0,5,0.005100000184029341,No Growth,Transformer,No Growth
GP0004-MER-06,GP0004,Meropenem,2.0,6,0.004999999888241291,No Growth,Transformer,No Growth
GP0004-MER-07,GP0004,Meropenem,4.0,7,0.004999999888241291,No Growth,Transformer,No Growth
GP0004-MER-08,GP0004,Meropenem,8.0,8,0.004999999888241291,No Growth,Transformer,No Growth
GP0004-MER-09,GP0004,Meropenem,16.0,9,0.004999999888241291,No Growth,Transformer,No Growth
GP0004-CEF-01,GP0004,Ceftriaxone,0.12,1,0.9961000084877014,Growth,Transformer,Growth
GP0004-CEF-02,GP0004,Ceftriaxone,0.25,2,0.9961000084877014,Growth,Transformer,Growth
GP0004-CEF-03,GP0004,Ceftriaxone,0.5,3,0.9961000084877014,Growth,Transformer,Growth
GP0004-CEF-04,GP0004,Ceftriaxone,1.0,4,0.9961000084877014,Growth,Transformer,Growth
GP0004-CEF-05,GP0004,Ceftriaxone,2.0,5,0.4169999957084656,No Growth,Transformer,Growth
GP0004-CEF-06,GP0004,Ceftriaxone,4.0,6,0.004999999888241291,No Growth,Transformer,No Growth
GP0004-CEF-07,GP0004,Ceftriaxone,8.0,7,0.004999999888241291,No Growth,Transformer,No Growth
GP0004-CEF-08,GP0004,Ceftriaxone,16.0,8,0.004999999888241291,No Growth,Transformer,No Growth
GP0004-CEF-09,GP0004,Ceftriaxone,32.0,9,0.004999999888241291,No Growth,Transformer,No Growth
GP0004-CEF-10,GP0004,Ceftriaxone,64.0,10,0.00570000009611249,No Growth,Transformer,No Growth
GP0004-VAN-01,GP0004,Vancomycin,0.25,1,0.9961000084877014,Growth,Transformer,Growth
GP0004-VAN-02,GP0004,Vancomycin,0.5,2,0.9811000227928162,Growth,Transformer,Growth
GP0004-VAN-03,GP0004,Vancomycin,1.0,3,0.004999999888241291,No Growth,Transformer,No Growth
GP0004-VAN-04,GP0004,Vancomycin,2.0,4,0.004999999888241291,No Growth,Transformer,No Growth
GP0004-VAN-05,GP0004,Vancomycin,4.0,5,0.004999999888241291,No Growth,Transformer,No Growth
GP0004-VAN-06,GP0004,Vancomycin,8.0,6,0.005100000184029341,No Growth,Transformer,No Growth
GP0004-VAN-07,GP0004,Vancomycin,16.0,7,0.005100000184029341,No Growth,Transformer,No Growth
GP0004-VAN-08,GP0004,Vancomycin,32.0,8,0.004999999888241291,No Growth,Transformer,No Growth
GP0004-DAP-01,GP0004,Daptomycin,0.06,1,0.2962999939918518,No Growth,Transformer,Growth
GP0004-DAP-02,GP0004,Daptomycin,0.12,2,0.10320000350475311,No Growth,Transformer,No Growth
GP0004-DAP-03,GP0004,Daptomycin,0.25,3,0.005100000184029341,No Growth,Transformer,No Growth
GP0004-DAP-04,GP0004,Daptomycin,0.5,4,0.004999999888241291,No Growth,Transformer,No Growth
GP0004-DAP-05,GP0004,Daptomycin,1.0,5,0.004999999888241291,No Growth,Transformer,No Growth
GP0004-DAP-06,GP0004,Daptomycin,2.0,6,0.004999999888241291,No Growth,Transformer,No Growth
GP0004-DAP-07,GP0004,Daptomycin,4.0,7,0.004999999888241291,No Growth,Transformer,No Growth
GP0004-DAP-08,GP0004,Daptomycin,8.0,8,0.004999999888241291,No Growth,Transformer,No Growth
GN0007-AMP-01,GN0007,Ampicillin,0.12,1,0.9961000084877014,Growth,Transformer,Growth
GN0007-AMP-02,GN0007,Ampicillin,0.25,2,0.9961000084877014,Growth,Transformer,Growth
GN0007-AMP-03,GN0007,Ampicillin,0.5,3,0.9961000084877014,Growth,Transformer,Growth
GN0007-AMP-04,GN0007,Ampicillin,1.0,4,0.9961000084877014,Growth,Transformer,Growth
GN0007-AMP-05,GN0007,Ampicillin,2.0,5,0.9961000084877014,Growth,Transformer,Growth
GN0007-AMP-06,GN0007,Ampicillin,4.0,6,0.9961000084877014,Growth,Transformer,Growth
GN0007-AMP-07,GN0007,Ampicillin,8.0,7,0.9961000084877014,Growth,Transformer,Growth
GN0007-AMP-08,GN0007,Ampicillin,16.0,8,0.9961000084877014,Growth,Transformer,Growth
GN0007-AMP-09,GN0007,Ampicillin,32.0,9,0.9959999918937683,Growth,Transformer,Growth
GN0007-MER-01,GN0007,Meropenem,0.06,1,0.004999999888241291,No Growth,Transformer,No Growth
GN0007-MER-02,GN0007,Meropenem,0.12,2,0.005100000184029341,No Growth,Transformer,No Growth
GN0007-MER-03,GN0007,Meropenem,0.25,3,0.005100000184029341,No Growth,Transformer,No Growth
GN0007-MER-04,GN0007,Meropenem,0.5,4,0.005100000184029341,No Growth,Transformer,No Growth
GN0007-MER-05,GN0007,Meropenem,1.0,5,0.005100000184029341,No Growth,Transformer,No Growth
GN0007-MER-06,GN0007,Meropenem,2.0,6,0.005100000184029341,No Growth,Transformer,No Growth
GN0007-MER-07,GN0007,Meropenem,4.0,7,0.005100000184029341,No Growth,Transformer,No Growth
GN0007-MER-08,GN0007,Meropenem,8.0,8,0.005200000014156103,No Growth,Transformer,No Growth
GN0007-MER-09,GN0007,Meropenem,16.0,9,0.005200000014156103,No Growth,Transformer,No Growth
GN0116-CEF-01,GN0116,Ceftriaxone,0.12,1,0.005100000184029341,No Growth,Transformer,No Growth
GN0116-CEF-02,GN0116,Ceftriaxone,0.25,2,0.005200000014156103,No Growth,Transformer,No Growth
GN0116-CEF-03,GN0116,Ceftriaxone,0.5,3,0.005100000184029341,No Growth,Transformer,No Growth
GN0116-CEF-04,GN0116,Ceftriaxone,1.0,4,0.005100000184029341,No Growth,Transformer,No Growth
GN0116-CEF-05,GN0116,Ceftriaxone,2.0,5,0.0052999998442828655,No Growth,Transformer,No Growth
GN0116-CEF-06,GN0116,Ceftriaxone,4.0,6,0.005200000014156103,No Growth,Transformer,No Growth
GN0116-CEF-07,GN0116,Ceftriaxone,8.0,7,0.005100000184029341,No Growth,Transformer,No Growth
GN0116-CEF-08,GN0116,Ceftriaxone,16.0,8,0.0052999998442828655,No Growth,Transformer,No Growth
GN0116-CEF-09,GN0116,Ceftriaxone,32.0,9,0.0052999998442828655,No Growth,Transformer,No Growth
GN0116-CEF-10,GN0116,Ceftriaxone,64.0,10,0.0052999998442828655,No Growth,Transformer,No Growth
GN0116-MER-01,GN0116,Meropenem,0.06,1,0.005100000184029341,No Growth,Transformer,No Growth
GN0116-MER-02,GN0116,Meropenem,0.12,2,0.005100000184029341,No Growth,Transformer,No Growth
GN0116-MER-03,GN0116,Meropenem,0.25,3,0.005200000014156103,No Growth,Transformer,No Growth
GN0116-MER-04,GN0116,Meropenem,0.5,4,0.0052999998442828655,No Growth,Transformer,No Growth
GN0116-MER-05,GN0116,Meropenem,1.0,5,0.0052999998442828655,No Growth,Transformer,No Growth
GN0116-MER-06,GN0116,Meropenem,2.0,6,0.005100000184029341,No Growth,Transformer,No Growth
GN0116-MER-07,GN0116,Meropenem,4.0,7,0.0052999998442828655,No Growth,Transformer,No Growth
GN0116-MER-08,GN0116,Meropenem,8.0,8,0.005100000184029341,No Growth,Transformer,No Growth
GN0116-MER-09,GN0116,Meropenem,16.0,9,0.0052999998442828655,No Growth,Transformer,No Growth
GP0008-DAP-01,GP0008,Daptomycin,0.06,1,0.9959999918937683,Growth,Transformer,Growth
GP0008-DAP-02,GP0008,Daptomycin,0.12,2,0.9961000084877014,Growth,Transformer,Growth
GP0008-DAP-03,GP0008,Daptomycin,0.25,3,0.9909999966621399,Growth,Transformer,Growth
GP0008-DAP-04,GP0008,Daptomycin,0.5,4,0.005100000184029341,No Growth,Transformer,No Growth
GP0008-DAP-05,GP0008,Daptomycin,1.0,5,0.722100019454956,Growth,Transformer,No Growth
GP0008-DAP-06,GP0008,Daptomycin,2.0,6,0.004999999888241291,No Growth,Transformer,No Growth
GP0008-DAP-07,GP0008,Daptomycin,4.0,7,0.005200000014156103,No Growth,Transformer,No Growth
GP0008-DAP-08,GP0008,Daptomycin,8.0,8,0.005100000184029341,No Growth,Transformer,No Growth
GP0008-MER-01,GP0008,Meropenem,0.06,1,0.9955999851226807,Growth,Transformer,Growth
GP0008-MER-02,GP0008,Meropenem,0.12,2,0.5861999988555908,Growth,Transformer,No Growth
GP0008-MER-03,GP0008,Meropenem,0.25,3,0.0052999998442828655,No Growth,Transformer,No Growth
GP0008-MER-04,GP0008,Meropenem,0.5,4,0.005200000014156103,No Growth,Transformer,No Growth
GP0008-MER-05,GP0008,Meropenem,1.0,5,0.004999999888241291,No Growth,Transformer,No Growth
GP0008-MER-06,GP0008,Meropenem,2.0,6,0.004999999888241291,No Growth,Transformer,No Growth
GP0008-MER-07,GP0008,Meropenem,4.0,7,0.004999999888241291,No Growth,Transformer,No Growth
GP0008-MER-08,GP0008,Meropenem,8.0,8,0.4020000100135803,No Growth,Transformer,No Growth
GP0008-MER-09,GP0008,Meropenem,16.0,9,0.004999999888241291,No Growth,Transformer,No Growth
GP0008-OXA-01,GP0008,Oxacillin,0.06,1,0.010400000028312206,No Growth,Transformer,No Growth
GP0008-OXA-02,GP0008,Oxacillin,0.12,2,0.005200000014156103,No Growth,Transformer,No Growth
GP0008-OXA-03,GP0008,Oxacillin,0.25,3,0.005100000184029341,No Growth,Transformer,No Growth
GP0008-OXA-04,GP0008,Oxacillin,0.5,4,0.004999999888241291,No Growth,Transformer,No Growth
GP0008-OXA-05,GP0008,Oxacillin,1.0,5,0.005100000184029341,No Growth,Transformer,No Growth
GP0008-OXA-06,GP0008,Oxacillin,2.0,6,0.005100000184029341,No Growth,Transformer,No Growth
GP0008-OXA-07,GP0008,Oxacillin,4.0,7,0.004999999888241291,No Growth,Transformer,No Growth
GP0008-OXA-08,GP0008,Oxacillin,8.0,8,0.004999999888241291,No Growth,Transformer,No Growth
GP0009-CEF-01,GP0009,Ceftriaxone,0.12,1,0.9961000084877014,Growth,Transformer,Growth
GP0009-CEF-02,GP0009,Ceftriaxone,0.25,2,0.9961000084877014,Growth,Transformer,Growth
GP0009-CEF-03,GP0009,Ceftriaxone,0.5,3,0.9961000084877014,Growth,Transformer,Growth
GP0009-CEF-04,GP0009,Ceftriaxone,1.0,4,0.9959999918937683,Growth,Transformer,Growth
GP0009-CEF-05,GP0009,Ceftriaxone,2.0,5,0.9959999918937683,Growth,Transformer,Growth
GP0009-CEF-06,GP0009,Ceftriaxone,4.0,6,0.9959999918937683,Growth,Transformer,Growth
GP0009-CEF-07,GP0009,Ceftriaxone,8.0,7,0.9959999918937683,Growth,Transformer,Growth
GP0009-CEF-08,GP0009,Ceftriaxone,16.0,8,0.9959999918937683,Growth,Transformer,Growth
GP0009-CEF-09,GP0009,Ceftriaxone,32.0,9,0.9961000084877014,Growth,Transformer,Growth
GP0009-CEF-10,GP0009,Ceftriaxone,64.0,10,0.9952999949455261,Growth,Transformer,Growth
GP0009-MER-01,GP0009,Meropenem,0.06,1,0.9961000084877014,Growth,Transformer,Growth
GP0009-MER-02,GP0009,Meropenem,0.12,2,0.9958999752998352,Growth,Transformer,Growth
GP0009-MER-03,GP0009,Meropenem,0.25,3,0.9958999752998352,Growth,Transformer,Growth
GP0009-MER-04,GP0009,Meropenem,0.5,4,0.9959999918937683,Growth,Transformer,Growth
GP0009-MER-05,GP0009,Meropenem,1.0,5,0.9958999752998352,Growth,Transformer,Growth
GP0009-MER-06,GP0009,Meropenem,2.0,6,0.9961000084877014,Growth,Transformer,Growth
GP0009-MER-07,GP0009,Meropenem,4.0,7,0.9890000224113464,Growth,Transformer,Growth
GP0009-MER-08,GP0009,Meropenem,8.0,8,0.006300000008195639,No Growth,Transformer,No Growth
GP0009-MER-09,GP0009,Meropenem,16.0,9,0.004999999888241291,No Growth,Transformer,No Growth
GP0009-AMP-01,GP0009,Ampicillin,0.12,1,0.9961000084877014,Growth,Transformer,Growth
GP0009-AMP-02,GP0009,Ampicillin,0.25,2,0.9961000084877014,Growth,Transformer,Growth
GP0009-AMP-03,GP0009,Ampicillin,0.5,3,0.9957000017166138,Growth,Transformer,Growth
GP0009-AMP-04,GP0009,Ampicillin,1.0,4,0.9957000017166138,Growth,Transformer,Growth
GP0009-AMP-05,GP0009,Ampicillin,2.0,5,0.9550999999046326,Growth,Transformer,Growth
GP0009-AMP-06,GP0009,Ampicillin,4.0,6,0.014100000262260437,No Growth,Transformer,No Growth
GP0009-AMP-07,GP0009,Ampicillin,8.0,7,0.004999999888241291,No Growth,Transformer,No Growth
GP0009-AMP-08,GP0009,Ampicillin,16.0,8,0.004900000058114529,No Growth,Transformer,No Growth
GP0009-AMP-09,GP0009,Ampicillin,32.0,9,0.004999999888241291,No Growth,Transformer,No Growth
GP0009-OXA-01,GP0009,Oxacillin,0.06,1,0.9959999918937683,Growth,Transformer,Growth
GP0009-OXA-02,GP0009,Oxacillin,0.12,2,0.9958999752998352,Growth,Transformer,Growth
GP0009-OXA-03,GP0009,Oxacillin,0.25,3,0.9961000084877014,Growth,Transformer,Growth
GP0009-OXA-04,GP0009,Oxacillin,0.5,4,0.9944000244140625,Growth,Transformer,Growth
GP0009-OXA-05,GP0009,Oxacillin,1.0,5,0.9961000084877014,Growth,Transformer,Growth
GP0009-OXA-06,GP0009,Oxacillin,2.0,6,0.9957000017166138,Growth,Transformer,Growth
GP0009-OXA-07,GP0009,Oxacillin,4.0,7,0.9959999918937683,Growth,Transformer,Growth
GP0009-OXA-08,GP0009,Oxacillin,8.0,8,0.8720999956130981,Growth,Transformer,Growth
GN0040-AMP-01,GN0040,Ampicillin,0.12,1,0.9961000084877014,Growth,Transformer,Growth
GN0040-AMP-02,GN0040,Ampicillin,0.25,2,0.9961000084877014,Growth,Transformer,Growth
GN0040-AMP-03,GN0040,Ampicillin,0.5,3,0.9961000084877014,Growth,Transformer,Growth
GN0040-AMP-04,GN0040,Ampicillin,1.0,4,0.9961000084877014,Growth,Transformer,Growth
GN0040-AMP-05,GN0040,Ampicillin,2.0,5,0.9961000084877014,Growth,Transformer,Growth
GN0040-AMP-06,GN0040,Ampicillin,4.0,6,0.9961000084877014,Growth,Transformer,Growth
GN0040-AMP-07,GN0040,Ampicillin,8.0,7,0.9961000084877014,Growth,Transformer,Growth
GN0040-AMP-08,GN0040,Ampicillin,16.0,8,0.004999999888241291,No Growth,Transformer,No Growth
GN0040-AMP-09,GN0040,Ampicillin,32.0,9,0.004900000058114529,No Growth,Transformer,No Growth
GN0040-MER-01,GN0040,Meropenem,0.06,1,0.005100000184029341,No Growth,Transformer,No Growth
GN0040-MER-02,GN0040,Meropenem,0.12,2,0.005100000184029341,No Growth,Transformer,No Growth
GN0040-MER-03,GN0040,Meropenem,0.25,3,0.005100000184029341,No Growth,Transformer,No Growth
GN0040-MER-04,GN0040,Meropenem,0.5,4,0.005200000014156103,No Growth,Transformer,No Growth
GN0040-MER-05,GN0040,Meropenem,1.0,5,0.005100000184029341,No Growth,Transformer,No Growth
GN0040-MER-06,GN0040,Meropenem,2.0,6,0.004999999888241291,No Growth,Transformer,No Growth
GN0040-MER-07,GN0040,Meropenem,4.0,7,0.005200000014156103,No Growth,Transformer,No Growth
GN0040-MER-08,GN0040,Meropenem,8.0,8,0.0052999998442828655,No Growth,Transformer,No Growth
GN0040-MER-09,GN0040,Meropenem,16.0,9,0.0052999998442828655,No Growth,Transformer,No Growth
GP0073-VAN-01,GP0073,Vancomycin,0.25,1,0.9961000084877014,Growth,Transformer,Growth
GP0073-VAN-02,GP0073,Vancomycin,0.5,2,0.9930999875068665,Growth,Transformer,Growth
GP0073-VAN-03,GP0073,Vancomycin,1.0,3,0.0052999998442828655,No Growth,Transformer,No Growth
GP0073-VAN-04,GP0073,Vancomycin,2.0,4,0.005100000184029341,No Growth,Transformer,No Growth
GP0073-VAN-05,GP0073,Vancomycin,4.0,5,0.004999999888241291,No Growth,Transformer,No Growth
GP0073-VAN-06,GP0073,Vancomycin,8.0,6,0.005100000184029341,No Growth,Transformer,No Growth
GP0073-VAN-07,GP0073,Vancomycin,16.0,7,0.004999999888241291,No Growth,Transformer,No Growth
GP0073-VAN-08,GP0073,Vancomycin,32.0,8,0.004999999888241291,No Growth,Transformer,No Growth
GP0073-OXA-01,GP0073,Oxacillin,0.06,1,0.9959999918937683,Growth,Transformer,Growth
GP0073-OXA-02,GP0073,Oxacillin,0.12,2,0.9948999881744385,Growth,Transformer,Growth
GP0073-OXA-03,GP0073,Oxacillin,0.25,3,0.005400000140070915,No Growth,Transformer,No Growth
GP0073-OXA-04,GP0073,Oxacillin,0.5,4,0.004999999888241291,No Growth,Transformer,No Growth
GP0073-OXA-05,GP0073,Oxacillin,1.0,5,0.004999999888241291,No Growth,Transformer,No Growth
GP0073-OXA-06,GP0073,Oxacillin,2.0,6,0.004999999888241291,No Growth,Transformer,No Growth
GP0073-OXA-07,GP0073,Oxacillin,4.0,7,0.004999999888241291,No Growth,Transformer,No Growth
GP0073-OXA-08,GP0073,Oxacillin,8.0,8,0.011500000022351742,No Growth,Transformer,No Growth
GP0073-AMP-01,GP0073,Ampicillin,0.12,1,0.00559999980032444,No Growth,Transformer,No Growth
GP0073-AMP-02,GP0073,Ampicillin,0.25,2,0.005200000014156103,No Growth,Transformer,No Growth
GP0073-AMP-03,GP0073,Ampicillin,0.5,3,0.005100000184029341,No Growth,Transformer,No Growth
GP0073-AMP-04,GP0073,Ampicillin,1.0,4,0.004999999888241291,No Growth,Transformer,No Growth
GP0073-AMP-05,GP0073,Ampicillin,2.0,5,0.013100000098347664,No Growth,Transformer,No Growth
GP0073-AMP-06,GP0073,Ampicillin,4.0,6,0.005499999970197678,No Growth,Transformer,No Growth
GP0073-AMP-07,GP0073,Ampicillin,8.0,7,0.004999999888241291,No Growth,Transformer,No Growth
GP0073-AMP-08,GP0073,Ampicillin,16.0,8,0.7513999938964844,Growth,Transformer,No Growth
GP0073-AMP-09,GP0073,Ampicillin,32.0,9,0.666700005531311,Growth,Transformer,No Growth
GP0073-DAP-01,GP0073,Daptomycin,0.06,1,0.9961000084877014,Growth,Transformer,Growth
GP0073-DAP-02,GP0073,Daptomycin,0.12,2,0.9936000108718872,Growth,Transformer,Growth
GP0073-DAP-03,GP0073,Daptomycin,0.25,3,0.004999999888241291,No Growth,Transformer,No Growth
GP0073-DAP-04,GP0073,Daptomycin,0.5,4,0.004999999888241291,No Growth,Transformer,No Growth
GP0073-DAP-05,GP0073,Daptomycin,1.0,5,0.004999999888241291,No Growth,Transformer,No Growth
GP0073-DAP-06,GP0073,Daptomycin,2.0,6,0.004999999888241291,No Growth,Transformer,No Growth
GP0073-DAP-07,GP0073,Daptomycin,4.0,7,0.004999999888241291,No Growth,Transformer,No Growth
GP0073-DAP-08,GP0073,Daptomycin,8.0,8,0.004999999888241291,No Growth,Transformer,No Growth
GP0073-MER-01,GP0073,Meropenem,0.06,1,0.9958000183105469,Growth,Transformer,Growth
GP0073-MER-02,GP0073,Meropenem,0.12,2,0.0052999998442828655,No Growth,Transformer,No Growth
GP0073-MER-03,GP0073,Meropenem,0.25,3,0.0052999998442828655,No Growth,Transformer,No Growth
GP0073-MER-04,GP0073,Meropenem,0.5,4,0.004999999888241291,No Growth,Transformer,No Growth
GP0073-MER-05,GP0073,Meropenem,1.0,5,0.004999999888241291,No Growth,Transformer,No Growth
GP0073-MER-06,GP0073,Meropenem,2.0,6,0.007699999958276749,No Growth,Transformer,No Growth
GP0073-MER-07,GP0073,Meropenem,4.0,7,0.004999999888241291,No Growth,Transformer,No Growth
GP0073-MER-08,GP0073,Meropenem,8.0,8,0.005200000014156103,No Growth,Transformer,No Growth
GP0073-MER-09,GP0073,Meropenem,16.0,9,0.004999999888241291,No Growth,Transformer,No Growth
GN0114-CEF-01,GN0114,Ceftriaxone,0.12,1,0.004999999888241291,No Growth,Transformer,No Growth
GN0114-CEF-02,GN0114,Ceftriaxone,0.25,2,0.005100000184029341,No Growth,Transformer,No Growth
GN0114-CEF-03,GN0114,Ceftriaxone,0.5,3,0.004999999888241291,No Growth,Transformer,No Growth
GN0114-CEF-04,GN0114,Ceftriaxone,1.0,4,0.7319999933242798,Growth,Transformer,No Growth
GN0114-CEF-05,GN0114,Ceftriaxone,2.0,5,0.005200000014156103,No Growth,Transformer,No Growth
GN0114-CEF-06,GN0114,Ceftriaxone,4.0,6,0.005200000014156103,No Growth,Transformer,No Growth
GN0114-CEF-07,GN0114,Ceftriaxone,8.0,7,0.005200000014156103,No Growth,Transformer,No Growth
GN0114-CEF-08,GN0114,Ceftriaxone,16.0,8,0.005200000014156103,No Growth,Transformer,No Growth
GN0114-CEF-09,GN0114,Ceftriaxone,32.0,9,0.005200000014156103,No Growth,Transformer,No Growth
GN0114-CEF-10,GN0114,Ceftriaxone,64.0,10,0.0052999998442828655,No Growth,Transformer,No Growth
GN0114-MER-01,GN0114,Meropenem,0.06,1,0.004999999888241291,No Growth,Transformer,No Growth
GN0114-MER-02,GN0114,Meropenem,0.12,2,0.005100000184029341,No Growth,Transformer,No Growth
GN0114-MER-03,GN0114,Meropenem,0.25,3,0.005100000184029341,No Growth,Transformer,No Growth
GN0114-MER-04,GN0114,Meropenem,0.5,4,0.005200000014156103,No Growth,Transformer,No Growth
GN0114-MER-05,GN0114,Meropenem,1.0,5,0.005100000184029341,No Growth,Transformer,No Growth
GN0114-MER-06,GN0114,Meropenem,2.0,6,0.005200000014156103,No Growth,Transformer,No Growth
GN0114-MER-07,GN0114,Meropenem,4.0,7,0.005200000014156103,No Growth,Transformer,No Growth
GN0114-MER-08,GN0114,Meropenem,8.0,8,0.005200000014156103,No Growth,Transformer,No Growth
GN0114-MER-09,GN0114,Meropenem,16.0,9,0.005200000014156103,No Growth,Transformer,No Growth
GP0015-VAN-01,GP0015,Vancomycin,0.25,1,0.9944999814033508,Growth,Transformer,Growth
GP0015-VAN-02,GP0015,Vancomycin,0.5,2,0.005100000184029341,No Growth,Transformer,No Growth
GP0015-VAN-03,GP0015,Vancomycin,1.0,3,0.022600000724196434,No Growth,Transformer,No Growth
GP0015-VAN-04,GP0015,Vancomycin,2.0,4,0.004999999888241291,No Growth,Transformer,No Growth
GP0015-VAN-05,GP0015,Vancomycin,4.0,5,0.004999999888241291,No Growth,Transformer,No Growth
GP0015-VAN-06,GP0015,Vancomycin,8.0,6,0.004999999888241291,No Growth,Transformer,No Growth
GP0015-VAN-07,GP0015,Vancomycin,16.0,7,0.005100000184029341,No Growth,Transformer,No Growth
GP0015-VAN-08,GP0015,Vancomycin,32.0,8,0.005100000184029341,No Growth,Transformer,No Growth
GP0015-CEF-01,GP0015,Ceftriaxone,0.12,1,0.9961000084877014,Growth,Transformer,Growth
GP0015-CEF-02,GP0015,Ceftriaxone,0.25,2,0.9959999918937683,Growth,Transformer,Growth
GP0015-CEF-03,GP0015,Ceftriaxone,0.5,3,0.9961000084877014,Growth,Transformer,Growth
GP0015-CEF-04,GP0015,Ceftriaxone,1.0,4,0.9961000084877014,Growth,Transformer,Growth
GP0015-CEF-05,GP0015,Ceftriaxone,2.0,5,0.9954000115394592,Growth,Transformer,Growth
GP0015-CEF-06,GP0015,Ceftriaxone,4.0,6,0.004999999888241291,No Growth,Transformer,No Growth
GP0015-CEF-07,GP0015,Ceftriaxone,8.0,7,0.004999999888241291,No Growth,Transformer,No Growth
GP0015-CEF-08,GP0015,Ceftriaxone,16.0,8,0.004999999888241291,No Growth,Transformer,No Growth
GP0015-CEF-09,GP0015,Ceftriaxone,32.0,9,0.004999999888241291,No Growth,Transformer,No Growth
GP0015-CEF-10,GP0015,Ceftriaxone,64.0,10,0.004999999888241291,No Growth,Transformer,No Growth
GP0015-OXA-01,GP0015,Oxacillin,0.06,1,0.9961000084877014,Growth,Transformer,Growth
GP0015-OXA-02,GP0015,Oxacillin,0.12,2,0.9961000084877014,Growth,Transformer,Growth
GP0015-OXA-03,GP0015,Oxacillin,0.25,3,0.9959999918937683,Growth,Transformer,Growth
GP0015-OXA-04,GP0015,Oxacillin,0.5,4,0.9829000234603882,Growth,Transformer,Growth
GP0015-OXA-05,GP0015,Oxacillin,1.0,5,0.004999999888241291,No Growth,Transformer,No Growth
GP0015-OXA-06,GP0015,Oxacillin,2.0,6,0.006599999964237213,No Growth,Transformer,No Growth
GP0015-OXA-07,GP0015,Oxacillin,4.0,7,0.004999999888241291,No Growth,Transformer,No Growth
GP0015-OXA-08,GP0015,Oxacillin,8.0,8,0.004999999888241291,No Growth,Transformer,No Growth
GP0015-DAP-01,GP0015,Daptomycin,0.06,1,0.9958000183105469,Growth,Transformer,Growth
GP0015-DAP-02,GP0015,Daptomycin,0.12,2,0.9959999918937683,Growth,Transformer,Growth
GP0015-DAP-03,GP0015,Daptomycin,0.25,3,0.9936000108718872,Growth,Transformer,Growth
GP0015-DAP-04,GP0015,Daptomycin,0.5,4,0.005200000014156103,No Growth,Transformer,No Growth
GP0015-DAP-05,GP0015,Daptomycin,1.0,5,0.004999999888241291,No Growth,Transformer,No Growth
GP0015-DAP-06,GP0015,Daptomycin,2.0,6,0.004999999888241291,No Growth,Transformer,No Growth
GP0015-DAP-07,GP0015,Daptomycin,4.0,7,0.004999999888241291,No Growth,Transformer,No Growth
GP0015-DAP-08,GP0015,Daptomycin,8.0,8,0.005100000184029341,No Growth,Transformer,No Growth
GP0015-AMP-01,GP0015,Ampicillin,0.12,1,0.9961000084877014,Growth,Transformer,Growth
GP0015-AMP-02,GP0015,Ampicillin,0.25,2,0.9959999918937683,Growth,Transformer,Growth
GP0015-AMP-03,GP0015,Ampicillin,0.5,3,0.9961000084877014,Growth,Transformer,Growth
GP0015-AMP-04,GP0015,Ampicillin,1.0,4,0.9961000084877014,Growth,Transformer,Growth
GP0015-AMP-05,GP0015,Ampicillin,2.0,5,0.9961000084877014,Growth,Transformer,Growth
GP0015-AMP-06,GP0015,Ampicillin,4.0,6,0.9961000084877014,Growth,Transformer,Growth
GP0015-AMP-07,GP0015,Ampicillin,8.0,7,0.9957000017166138,Growth,Transformer,Growth
GP0015-AMP-08,GP0015,Ampicillin,16.0,8,0.010300000198185444,No Growth,Transformer,No Growth
GP0015-AMP-09,GP0015,Ampicillin,32.0,9,0.004999999888241291,No Growth,Transformer,No Growth
GN0025-MER-01,GN0025,Meropenem,0.06,1,0.9959999918937683,Growth,Transformer,Growth
GN0025-MER-02,GN0025,Meropenem,0.12,2,0.9959999918937683,Growth,Transformer,Growth
GN0025-MER-03,GN0025,Meropenem,0.25,3,0.9959999918937683,Growth,Transformer,Growth
GN0025-MER-04,GN0025,Meropenem,0.5,4,0.9829999804496765,Growth,Transformer,Growth
GN0025-MER-05,GN0025,Meropenem,1.0,5,0.9958000183105469,Growth,Transformer,Growth
GN0025-MER-06,GN0025,Meropenem,2.0,6,0.9961000084877014,Growth,Transformer,Growth
GN0025-MER-07,GN0025,Meropenem,4.0,7,0.9961000084877014,Growth,Transformer,Growth
GN0025-MER-08,GN0025,Meropenem,8.0,8,0.9958000183105469,Growth,Transformer,Growth
GN0025-MER-09,GN0025,Meropenem,16.0,9,0.005200000014156103,No Growth,Transformer,No Growth
GN0025-CEF-01,GN0025,Ceftriaxone,0.12,1,0.9961000084877014,Growth,Transformer,Growth
GN0025-CEF-02,GN0025,Ceftriaxone,0.25,2,0.9961000084877014,Growth,Transformer,Growth
GN0025-CEF-03,GN0025,Ceftriaxone,0.5,3,0.9961000084877014,Growth,Transformer,Growth
GN0025-CEF-04,GN0025,Ceftriaxone,1.0,4,0.9912999868392944,Growth,Transformer,Growth
GN0025-CEF-05,GN0025,Ceftriaxone,2.0,5,0.9961000084877014,Growth,Transformer,Growth
GN0025-CEF-06,GN0025,Ceftriaxone,4.0,6,0.9961000084877014,Growth,Transformer,Growth
GN0025-CEF-07,GN0025,Ceftriaxone,8.0,7,0.9961000084877014,Growth,Transformer,Growth
GN0025-CEF-08,GN0025,Ceftriaxone,16.0,8,0.9958999752998352,Growth,Transformer,Growth
GN0025-CEF-09,GN0025,Ceftriaxone,32.0,9,0.004999999888241291,No Growth,Transformer,No Growth
GN0025-CEF-10,GN0025,Ceftriaxone,64.0,10,0.005100000184029341,No Growth,Transformer,No Growth
GN0025-AMP-01,GN0025,Ampicillin,0.12,1,0.9961000084877014,Growth,Transformer,Growth
GN0025-AMP-02,GN0025,Ampicillin,0.25,2,0.9959999918937683,Growth,Transformer,Growth
GN0025-AMP-03,GN0025,Ampicillin,0.5,3,0.9961000084877014,Growth,Transformer,Growth
GN0025-AMP-04,GN0025,Ampicillin,1.0,4,0.9961000084877014,Growth,Transformer,Growth
GN0025-AMP-05,GN0025,Ampicillin,2.0,5,0.9961000084877014,Growth,Transformer,Growth
GN0025-AMP-06,GN0025,Ampicillin,4.0,6,0.9961000084877014,Growth,Transformer,Growth
GN0025-AMP-07,GN0025,Ampicillin,8.0,7,0.9961000084877014,Growth,Transformer,Growth
GN0025-AMP-08,GN0025,Ampicillin,16.0,8,0.9961000084877014,Growth,Transformer,Growth
GN0025-AMP-09,GN0025,Ampicillin,32.0,9,0.9961000084877014,Growth,Transformer,Growth
GP0072-MER-01,GP0072,Meropenem,0.06,1,0.995199978351593,Growth,Transformer,Growth
GP0072-MER-02,GP0072,Meropenem,0.12,2,0.9959999918937683,Growth,Transformer,Growth
GP0072-MER-03,GP0072,Meropenem,0.25,3,0.0052999998442828655,No Growth,Transformer,No Growth
GP0072-MER-04,GP0072,Meropenem,0.5,4,0.008100000210106373,No Growth,Transformer,No Growth
GP0072-MER-05,GP0072,Meropenem,1.0,5,0.09549999982118607,No Growth,Transformer,No Growth
GP0072-MER-06,GP0072,Meropenem,2.0,6,0.004999999888241291,No Growth,Transformer,No Growth
GP0072-MER-07,GP0072,Meropenem,4.0,7,0.004999999888241291,No Growth,Transformer,No Growth
GP0072-MER-08,GP0072,Meropenem,8.0,8,0.004999999888241291,No Growth,Transformer,No Growth
GP0072-MER-09,GP0072,Meropenem,16.0,9,0.004999999888241291,No Growth,Transformer,No Growth
GP0072-DAP-01,GP0072,Daptomycin,0.06,1,0.9438999891281128,Growth,Transformer,Growth
GP0072-DAP-02,GP0072,Daptomycin,0.12,2,0.9959999918937683,Growth,Transformer,Growth
GP0072-DAP-03,GP0072,Daptomycin,0.25,3,0.9952999949455261,Growth,Transformer,Growth
GP0072-DAP-04,GP0072,Daptomycin,0.5,4,0.004999999888241291,No Growth,Transformer,No Growth
GP0072-DAP-05,GP0072,Daptomycin,1.0,5,0.07980000227689743,No Growth,Transformer,No Growth
GP0072-DAP-06,GP0072,Daptomycin,2.0,6,0.004999999888241291,No Growth,Transformer,No Growth
GP0072-DAP-07,GP0072,Daptomycin,4.0,7,0.004999999888241291,No Growth,Transformer,No Growth
GP0072-DAP-08,GP0072,Daptomycin,8.0,8,0.004999999888241291,No Growth,Transformer,No Growth
GP0072-VAN-01,GP0072,Vancomycin,0.25,1,0.9958000183105469,Growth,Transformer,Growth
GP0072-VAN-02,GP0072,Vancomycin,0.5,2,0.042399998754262924,No Growth,Transformer,No Growth
GP0072-VAN-03,GP0072,Vancomycin,1.0,3,0.004999999888241291,No Growth,Transformer,No Growth
GP0072-VAN-04,GP0072,Vancomycin,2.0,4,0.004999999888241291,No Growth,Transformer,No Growth
GP0072-VAN-05,GP0072,Vancomycin,4.0,5,0.004999999888241291,No Growth,Transformer,No Growth
GP0072-VAN-06,GP0072,Vancomycin,8.0,6,0.004999999888241291,No Growth,Transformer,No Growth
GP0072-VAN-07,GP0072,Vancomycin,16.0,7,0.005100000184029341,No Growth,Transformer,No Growth
GP0072-VAN-08,GP0072,Vancomycin,32.0,8,0.005100000184029341,No Growth,Transformer,No Growth
GP0107-MER-01,GP0107,Meropenem,0.06,1,0.9958999752998352,Growth,Transformer,Growth
GP0107-MER-02,GP0107,Meropenem,0.12,2,0.005499999970197678,No Growth,Transformer,No Growth
GP0107-MER-03,GP0107,Meropenem,0.25,3,0.9771000146865845,Growth,Transformer,No Growth
GP0107-MER-04,GP0107,Meropenem,0.5,4,0.004999999888241291,No Growth,Transformer,No Growth
GP0107-MER-05,GP0107,Meropenem,1.0,5,0.004999999888241291,No Growth,Transformer,No Growth
GP0107-MER-06,GP0107,Meropenem,2.0,6,0.004999999888241291,No Growth,Transformer,No Growth
GP0107-MER-07,GP0107,Meropenem,4.0,7,0.004999999888241291,No Growth,Transformer,No Growth
GP0107-MER-08,GP0107,Meropenem,8.0,8,0.004999999888241291,No Growth,Transformer,No Growth
GP0107-MER-09,GP0107,Meropenem,16.0,9,0.005799999926239252,No Growth,Transformer,No Growth
GP0107-OXA-01,GP0107,Oxacillin,0.06,1,0.9961000084877014,Growth,Transformer,Growth
GP0107-OXA-02,GP0107,Oxacillin,0.12,2,0.9961000084877014,Growth,Transformer,Growth
GP0107-OXA-03,GP0107,Oxacillin,0.25,3,0.005200000014156103,No Growth,Transformer,No Growth
GP0107-OXA-04,GP0107,Oxacillin,0.5,4,0.004999999888241291,No Growth,Transformer,No Growth
GP0107-OXA-05,GP0107,Oxacillin,1.0,5,0.005100000184029341,No Growth,Transformer,No Growth
GP0107-OXA-06,GP0107,Oxacillin,2.0,6,0.008299999870359898,No Growth,Transformer,No Growth
GP0107-OXA-07,GP0107,Oxacillin,4.0,7,0.031099999323487282,No Growth,Transformer,No Growth
GP0107-OXA-08,GP0107,Oxacillin,8.0,8,0.004999999888241291,No Growth,Transformer,No Growth
GP0107-DAP-01,GP0107,Daptomycin,0.06,1,0.9961000084877014,Growth,Transformer,Growth
GP0107-DAP-02,GP0107,Daptomycin,0.12,2,0.9961000084877014,Growth,Transformer,Growth
GP0107-DAP-03,GP0107,Daptomycin,0.25,3,0.9927999973297119,Growth,Transformer,Growth
GP0107-DAP-04,GP0107,Daptomycin,0.5,4,0.005400000140070915,No Growth,Transformer,No Growth
GP0107-DAP-05,GP0107,Daptomycin,1.0,5,0.004999999888241291,No Growth,Transformer,No Growth
GP0107-DAP-06,GP0107,Daptomycin,2.0,6,0.00570000009611249,No Growth,Transformer,No Growth
GP0107-DAP-07,GP0107,Daptomycin,4.0,7,0.004999999888241291,No Growth,Transformer,No Growth
GP0107-DAP-08,GP0107,Daptomycin,8.0,8,0.005100000184029341,No Growth,Transformer,No Growth
